id_registro,fecha_deposito,run_fondo,nombre_fondo,administradora,estado_registro,estado_liquidacion,tipo_fondo,reglamento_codigo,reglamento_url,fecha_ultima_modificacion,primera_deteccion
FM262689,2026-08-17,10917,FONDO MUTUO BANCOESTADO ESTRUCTURADO RENTA UF III,BANCOESTADO S.A. ADMINISTRADORA  GENERAL DE FONDOS,Vigente,,Fondo Mutuo,2026080533006,https://www.cmfchile.cl/documentos/rfm/rfm_2026080533006.pdf,2026-08-17,2026-08-20
FM262688,2026-08-13,10916,FONDO DE INVERSIÓN GNP VII CLP,ADMINISTRADORA GENERAL DE FONDOS  SECURITY S.A.,Vigente,,Fondo Inversión No Rescatable,2026080528594,https://www.cmfchile.cl/documentos/rfm/rfm_2026080528594.pdf,2026-08-13,2026-08-20
FM262687,2026-08-12,10915,VINCI COMPASS LS 13 FONDO DE INVERSIÓN,VINCI COMPASS S.A. ADMINISTRADORA GENERAL DE FONDOS,Vigente,,Fondo Inversión No Rescatable,2026080526566,https://www.cmfchile.cl/documentos/rfm/rfm_2026080526566.pdf,2026-08-12,2026-08-20
FM262686,2026-08-10,10914,PICTON - KKR ASIA V FONDO DE INVERSIÓN,PICTON ADMINISTRADORA GENERAL DE FONDOS S.A.,Vigente,,Fondo Inversión No Rescatable,2026080520993,https://www.cmfchile.cl/documentos/rfm/rfm_2026080520993.pdf,2026-08-10,2026-08-20
FM262685,2026-08-07,10913,FONDO DE INVERSIÓN CDV PACÍFICO II,AMICORP ADMINISTRADORA GENERAL DE FONDOS S.A.,Vigente,,Fondo Inversión No Rescatable,2026080519545,https://www.cmfchile.cl/documentos/rfm/rfm_2026080519545.pdf,2026-08-07,2026-08-20
FM262684,2026-08-06,10912,FONDO DE INVERSION RENTAS LAB ORIGEN,LAB CAPITAL ADMINISTRADORA GENERAL DE FONDOS S.A.,Vigente,,Fondo Inversión No Rescatable,2026080516138,https://www.cmfchile.cl/documentos/rfm/rfm_2026080516138.pdf,2026-08-06,2026-08-20
FM262683,2026-08-06,10911,BTG PACTUAL ETF EUROPEAN EQUITIES FONDO DE INVERSIÓN,BTG PACTUAL CHILE S.A. ADMINISTRADORA GENERAL DE FONDOS,Vigente,,Fondo Inversión Rescatable,2026080516059,https://www.cmfchile.cl/documentos/rfm/rfm_2026080516059.pdf,2026-08-06,2026-08-20
FM262682,2026-08-06,10910,BTG PACTUAL ETF GLOBAL EMERGING MARKETS EQUITIES FONDO DE INVERSIÓN,BTG PACTUAL CHILE S.A. ADMINISTRADORA GENERAL DE FONDOS,Vigente,,Fondo Inversión Rescatable,2026080515190,https://www.cmfchile.cl/documentos/rfm/rfm_2026080515190.pdf,2026-08-06,2026-08-20
FM262681,2026-08-06,10909,PICTON - TPG TWIN BROOK DL VI FONDO DE INVERSIÓN,PICTON ADMINISTRADORA GENERAL DE FONDOS S.A.,Vigente,,Fondo Inversión No Rescatable,2026080515070,https://www.cmfchile.cl/documentos/rfm/rfm_2026080515070.pdf,2026-08-06,2026-08-20
FM262676,2026-08-03,10907,BICE INFRAESTRUCTURA GLOBAL FONDO DE INVERSIÓN,BICE INVERSIONES ADMINISTRADORA GENERAL DE FONDOS S.A.,Vigente,,Fondo Inversión No Rescatable,2026080505097,https://www.cmfchile.cl/documentos/rfm/rfm_2026080505097.pdf,2026-08-03,2026-08-20
FM262677,2026-08-03,10908,FONDO DE INVERSIÓN HMC ALPHA VENTURES I,HMC S.A. ADMINISTRADORA GENERAL DE FONDOS,Vigente,,Fondo Inversión No Rescatable,2026080507522,https://www.cmfchile.cl/documentos/rfm/rfm_2026080507522.pdf,2026-08-03,2026-08-20
FM262674,2026-07-29,10905,TOESCA INFRAESTRUCTURA SS FONDO DE INVERSIÓN,TOESCA S.A.  ADMINISTRADORA GENERAL DE FONDOS,Vigente,,Fondo Inversión No Rescatable,2026070495651,https://www.cmfchile.cl/documentos/rfm/rfm_2026070495651.pdf,2026-07-29,2026-08-20
FM262673,2026-07-28,10904,FONDO MUTUO BCI RETORNO DIGITAL,BCI ASSET MANAGEMENT ADMINISTRADORA  GENERAL DE FONDOS S.A.,Vigente,,Fondo Mutuo,2026070490950,https://www.cmfchile.cl/documentos/rfm/rfm_2026070490950.pdf,2026-07-28,2026-08-20
FM262672,2026-07-28,10903,FONDO MUTUO BCI IMPULSO DIGITAL,BCI ASSET MANAGEMENT ADMINISTRADORA  GENERAL DE FONDOS S.A.,Vigente,,Fondo Mutuo,2026070490949,https://www.cmfchile.cl/documentos/rfm/rfm_2026070490949.pdf,2026-07-28,2026-08-20
FM262671,2026-07-28,10902,FONDO MUTUO BCI EQUILIBRIO DIGITAL,BCI ASSET MANAGEMENT ADMINISTRADORA  GENERAL DE FONDOS S.A.,Vigente,,Fondo Mutuo,2026070490947,https://www.cmfchile.cl/documentos/rfm/rfm_2026070490947.pdf,2026-07-28,2026-08-20
FM262670,2026-07-20,10901,FONDO MUTUO SCOTIA ESTRUCTURADO DEUDA UF IV,SCOTIA  ADMINISTRADORA GENERAL DE FONDOS CHILE S.A.,Vigente,,Fondo Mutuo,2026070468717,https://www.cmfchile.cl/documentos/rfm/rfm_2026070468717.pdf,2026-07-20,2026-08-20
FM262667,2026-07-14,10899,FONDO MUTUO VINCI COMPASS LIQUIDEZ USD,VINCI COMPASS S.A. ADMINISTRADORA GENERAL DE FONDOS,Vigente,,Fondo Mutuo,2026070461819,https://www.cmfchile.cl/documentos/rfm/rfm_2026070461819.pdf,2026-07-14,2026-08-20
FM262665,2026-07-10,10897,FONDO DE INVERSIÓN ETF SINGULAR EMERGING MARKETS,SINGULAR ASSET MANAGEMENT ADMINISTRADORA GENERAL DE FONDOS S.A.,Vigente,,Fondo Inversión Rescatable,2026070456728,https://www.cmfchile.cl/documentos/rfm/rfm_2026070456728.pdf,2026-07-10,2026-08-20
FM262664,2026-07-10,10896,FONDO DE INVERSIÓN ETF SINGULAR JAPAN,SINGULAR ASSET MANAGEMENT ADMINISTRADORA GENERAL DE FONDOS S.A.,Vigente,,Fondo Inversión Rescatable,2026070456727,https://www.cmfchile.cl/documentos/rfm/rfm_2026070456727.pdf,2026-07-30,2026-08-20
FM262662,2026-07-10,10895,FONDO DE INVERSIÓN ETF SINGULAR HIGH YIELD,SINGULAR ASSET MANAGEMENT ADMINISTRADORA GENERAL DE FONDOS S.A.,Vigente,,Fondo Inversión Rescatable,2026070456725,https://www.cmfchile.cl/documentos/rfm/rfm_2026070456725.pdf,2026-07-10,2026-08-20
FM262666,2026-07-10,10898,FONDO DE INVERSIÓN ETF SINGULAR BITCOIN,SINGULAR ASSET MANAGEMENT ADMINISTRADORA GENERAL DE FONDOS S.A.,Vigente,,Fondo Inversión Rescatable,2026070456811,https://www.cmfchile.cl/documentos/rfm/rfm_2026070456811.pdf,2026-07-10,2026-08-20
FM262669,2026-07-10,10900,FONDO DE INVERSIÓN ETF SINGULAR EUROPE,SINGULAR ASSET MANAGEMENT ADMINISTRADORA GENERAL DE FONDOS S.A.,Vigente,,Fondo Inversión Rescatable,2026070465196,https://www.cmfchile.cl/documentos/rfm/rfm_2026070465196.pdf,2026-07-10,2026-08-20
FM262661,2026-07-08,10894,AMERIS SCHRODERS PE SEMI-LÍQUIDO FONDO DE INVERSIÓN,AMERIS CAPITAL ADMINISTRADORA GENERAL DE FONDOS S.A.,Vigente,,Fondo Inversión No Rescatable,2026070473492,https://www.cmfchile.cl/documentos/rfm/rfm_2026070473492.pdf,2026-07-22,2026-08-20
FM262660,2026-07-08,10893,BTG PACTUAL ETF ASIA SEMICONDUCTORS FONDO DE INVERSIÓN,BTG PACTUAL CHILE S.A. ADMINISTRADORA GENERAL DE FONDOS,Vigente,,Fondo Inversión Rescatable,2026070450738,https://www.cmfchile.cl/documentos/rfm/rfm_2026070450738.pdf,2026-07-08,2026-08-20
FM262659,2026-07-08,10892,FONDO MUTUO ZURICH ESTRUCTURADO UF,ZURICH CHILE ASSET MANAGEMENT ADMINISTRADORA GENERAL DE FONDOS S.A.,Vigente,,Fondo Mutuo,2026070450432,https://www.cmfchile.cl/documentos/rfm/rfm_2026070450432.pdf,2026-07-08,2026-08-20
FM262658,2026-07-01,10891,PERÚ INMOBILIARIO III FONDO DE INVERSIÓN,FRONTAL TRUST ADMINISTRADORA GENERAL DE FONDOS S.A.,Vigente,,Fondo Inversión No Rescatable,2026070433051,https://www.cmfchile.cl/documentos/rfm/rfm_2026070433051.pdf,2026-07-01,2026-08-20
FM262657,2026-06-29,10890,BOREAL SUR FORESTAL FONDO DE INVERSIÓN,BTG PACTUAL CHILE S.A. ADMINISTRADORA GENERAL DE FONDOS,Vigente,,Fondo Inversión No Rescatable,2026060430033,https://www.cmfchile.cl/documentos/rfm/rfm_2026060430033.pdf,2026-06-29,2026-08-20
FM262656,2026-06-23,10889,FONDO DE INVERSIÓN PRINCIPAL REVERENCE CAPITAL PARTNERS PE IV,PRINCIPAL ASSET MANAGEMENT ADMINISTRADORA GENERAL DE FONDOS S.A.,Vigente,,Fondo Inversión No Rescatable,2026060416969,https://www.cmfchile.cl/documentos/rfm/rfm_2026060416969.pdf,2026-06-23,2026-08-20
FM262655,2026-06-23,10888,FONDO MUTUO SCOTIA RENTA CORTO PLAZO,SCOTIA  ADMINISTRADORA GENERAL DE FONDOS CHILE S.A.,Vigente,,Fondo Mutuo,2026060416339,https://www.cmfchile.cl/documentos/rfm/rfm_2026060416339.pdf,2026-06-23,2026-08-20
FM262654,2026-06-22,10887,ATLANTA HEALTH INVESTMENTS FONDO DE INVERSIÓN,ASSET ADMINISTRADORA GENERAL DE FONDOS S.A.,Vigente,,Fondo Inversión No Rescatable,2026060414321,https://www.cmfchile.cl/documentos/rfm/rfm_2026060414321.pdf,2026-06-22,2026-08-20
FM262653,2026-06-19,10886,FONDO DE INVERSIÓN FALCOM GTCR PRIVATE EQUITY XV,FALCOM ADMINISTRADORA GENERAL DE FONDOS S.A.,Vigente,,Fondo Inversión No Rescatable,2026060410376,https://www.cmfchile.cl/documentos/rfm/rfm_2026060410376.pdf,2026-06-19,2026-08-20
FM262652,2026-06-18,10885,FONDO DE INVERSIÓN ACTIVA DEUDA AUTOMOTRIZ GLOBAL IV,LARRAIN VIAL ACTIVOS S.A. ADMINISTRADORA GENERAL DE FONDOS,Vigente,,Fondo Inversión No Rescatable,2026070495635,https://www.cmfchile.cl/documentos/rfm/rfm_2026070495635.pdf,2026-07-28,2026-08-20
FM262651,2026-06-18,10884,PICTON - FRANCISCO PARTNERS VIII FONDO DE INVERSIÓN,PICTON ADMINISTRADORA GENERAL DE FONDOS S.A.,Vigente,,Fondo Inversión No Rescatable,2026060407595,https://www.cmfchile.cl/documentos/rfm/rfm_2026060407595.pdf,2026-06-18,2026-08-20
FM262650,2026-06-16,10883,VOLCOMCAPITAL SEMILÍQUIDO PE FONDO DE INVERSIÓN,VOLCOMCAPITAL ADMINISTRADORA GENERAL DE FONDOS S.A.,Vigente,,Fondo Inversión No Rescatable,2026060402846,https://www.cmfchile.cl/documentos/rfm/rfm_2026060402846.pdf,2026-06-16,2026-08-20
FM262649,2026-06-15,10882,FONDO MUTUO ITAU ESTRUCTURADO UF II,ITAU ADMINISTRADORA GENERAL DE FONDOS S.A.,Vigente,,Fondo Mutuo,2026060397229,https://www.cmfchile.cl/documentos/rfm/rfm_2026060397229.pdf,2026-06-15,2026-08-20
FM262648,2026-06-08,10881,FONDO DE INVERSIÓN FYNSA DEUDA AUTOMOTRIZ PERÚ,FYNSA ADMINISTRADORA GENERAL DE FONDOS S.A.,Vigente,,Fondo Inversión No Rescatable,2026060381024,https://www.cmfchile.cl/documentos/rfm/rfm_2026060381024.pdf,2026-06-08,2026-08-20
FM262647,2026-06-08,10880,FONDO DE INVERSIÓN SINGULAR FARELLONES CHILEAN EQUITIES,SINGULAR ASSET MANAGEMENT ADMINISTRADORA GENERAL DE FONDOS S.A.,Vigente,,Fondo Inversión Rescatable,2026060379493,https://www.cmfchile.cl/documentos/rfm/rfm_2026060379493.pdf,2026-06-08,2026-08-20
FM262646,2026-06-04,10879,FONDO DE INVERSIÓN FYNSA GALGO III,FYNSA ADMINISTRADORA GENERAL DE FONDOS S.A.,Vigente,,Fondo Inversión No Rescatable,2026060374225,https://www.cmfchile.cl/documentos/rfm/rfm_2026060374225.pdf,2026-06-04,2026-08-20
FM262645,2026-06-04,10878,FONDO DE INVERSIÓN LARRAINVIAL LATAM EQUITIES,LARRAINVIAL ASSET MANAGEMENT ADMINISTRADORA GENERAL DE FONDOS S.A.,Vigente,,Fondo Inversión Rescatable,2026060373338,https://www.cmfchile.cl/documentos/rfm/rfm_2026060373338.pdf,2026-06-04,2026-08-20
FM262644,2026-06-03,10877,BTG PACTUAL ETF ACCIONES CHILENAS IPSA FONDO DE INVERSIÓN,BTG PACTUAL CHILE S.A. ADMINISTRADORA GENERAL DE FONDOS,Vigente,,Fondo Inversión Rescatable,2026060371019,https://www.cmfchile.cl/documentos/rfm/rfm_2026060371019.pdf,2026-06-03,2026-08-20
FM262643,2026-06-03,10876,FONDO DE INVERSIÓN CREDICORP CAPITAL TRITON SMALLER MID-CAP FUND 1,CREDICORP CAPITAL ASSET MANAGEMENT S.A. ADMINISTRADORA GENERAL DE FONDOS,Vigente,,Fondo Inversión No Rescatable,2026060370150,https://www.cmfchile.cl/documentos/rfm/rfm_2026060370150.pdf,2026-06-03,2026-08-20
FM262641,2026-05-28,10874,VINCI COMPASS CRÉDITO CHILE FONDO DE INVERSIÓN,VINCI COMPASS S.A. ADMINISTRADORA GENERAL DE FONDOS,Vigente,,Fondo Inversión No Rescatable,2026060424679,https://www.cmfchile.cl/documentos/rfm/rfm_2026060424679.pdf,2026-06-26,2026-08-20
FM262642,2026-05-28,10875,FONDO DE INVERSIÓN FALCOM WPP PRIVATE EQUITY XI,FALCOM ADMINISTRADORA GENERAL DE FONDOS S.A.,Vigente,,Fondo Inversión No Rescatable,2026050356990,https://www.cmfchile.cl/documentos/rfm/rfm_2026050356990.pdf,2026-05-28,2026-08-20
FM262640,2026-05-22,10873,ARRAYÁN-LINK RENTA ACTIVA FONDO DE INVERSIÓN,LINK CAPITAL PARTNERS ADMINISTRADORA GENERAL DE FONDOS S.A.,Vigente,,Fondo Inversión No Rescatable,2026060418043,https://www.cmfchile.cl/documentos/rfm/rfm_2026060418043.pdf,2026-06-24,2026-08-20
FM262639,2026-05-18,10872,BTG PACTUAL FINANCIAMIENTO INMOBILIARIO PREFERENTE II FONDO DE INVERSIÓN,BTG PACTUAL CHILE S.A. ADMINISTRADORA GENERAL DE FONDOS,Vigente,,Fondo Inversión No Rescatable,2026050334251,https://www.cmfchile.cl/documentos/rfm/rfm_2026050334251.pdf,2026-05-18,2026-08-20
FM262638,2026-05-13,10871,FONDO MUTUO PRUDENTIAL RENTA LARGO PLAZO,PRUDENTIAL ADMINISTRADORA GENERAL DE FONDOS S.A.,Vigente,,Fondo Mutuo,2026050327599,https://www.cmfchile.cl/documentos/rfm/rfm_2026050327599.pdf,2026-05-13,2026-08-20
FM262637,2026-05-11,10870,NEORENTAS DIECIOCHO FONDO DE INVERSIÓN,NEORENTAS S.A. ADMINISTRADORA GENERAL DE FONDOS,Vigente,,Fondo Inversión No Rescatable,2026050321080,https://www.cmfchile.cl/documentos/rfm/rfm_2026050321080.pdf,2026-05-11,2026-08-20
FM262636,2026-05-05,10869,FONDO DE INVERSIÓN PRINCIPAL ADVENT GPE XI,PRINCIPAL ASSET MANAGEMENT ADMINISTRADORA GENERAL DE FONDOS S.A.,Vigente,,Fondo Inversión No Rescatable,2026060394549,https://www.cmfchile.cl/documentos/rfm/rfm_2026060394549.pdf,2026-06-12,2026-08-20
FM262635,2026-04-30,10868,FONDO DE INVERSIÓN FYNSA MULTIFAMILY +SITISEN,FYNSA ADMINISTRADORA GENERAL DE FONDOS S.A.,Vigente,,Fondo Inversión No Rescatable,2026040300417,https://www.cmfchile.cl/documentos/rfm/rfm_2026040300417.pdf,2026-08-10,2026-08-20
FM262634,2026-04-29,10867,FONDO DE INVERSION LINK - EURO RETORNO PREFERENTE II,LINK CAPITAL PARTNERS ADMINISTRADORA GENERAL DE FONDOS S.A.,Vigente,,Fondo Inversión No Rescatable,2026040295205,https://www.cmfchile.cl/documentos/rfm/rfm_2026040295205.pdf,2026-04-29,2026-08-20
FM262632,2026-04-27,10865,FONDO DE INVERSIÓN DEUDA PRIVADA AUTOMOTRIZ V,ADMINISTRADORA GENERAL DE FONDOS  SECURITY S.A.,Vigente,,Fondo Inversión No Rescatable,2026050330539,https://www.cmfchile.cl/documentos/rfm/rfm_2026050330539.pdf,2026-05-14,2026-08-20
FM262631,2026-04-27,10864,FONDO DE INVERSION ETF SINGULAR BRAZIL EQUITIES,SINGULAR ASSET MANAGEMENT ADMINISTRADORA GENERAL DE FONDOS S.A.,Vigente,,Fondo Inversión Rescatable,2026070456791,https://www.cmfchile.cl/documentos/rfm/rfm_2026070456791.pdf,2026-07-10,2026-08-20
FM262633,2026-04-27,10866,FONDO DE INVERSIÓN DEUDA PRIVADA AUTOMOTRIZ V FULLY FUNDED,ADMINISTRADORA GENERAL DE FONDOS  SECURITY S.A.,Vigente,,Fondo Inversión No Rescatable,2026040287736,https://www.cmfchile.cl/documentos/rfm/rfm_2026040287736.pdf,2026-04-27,2026-08-20
FM262629,2026-04-22,10862,FONDO MUTUO BANCOESTADO MONEY MARKET RUTPAY,BANCOESTADO S.A. ADMINISTRADORA  GENERAL DE FONDOS,Vigente,,Fondo Mutuo,2026040277088,https://www.cmfchile.cl/documentos/rfm/rfm_2026040277088.pdf,2026-04-22,2026-08-20
FM262630,2026-04-22,10863,MONEDA GSI RENTAS COMERCIALES IV FONDO DE INVERSIÓN,MONEDA S.A. ADMINISTRADORA GENERAL DE FONDOS,Vigente,,Fondo Inversión No Rescatable,2026050341999,https://www.cmfchile.cl/documentos/rfm/rfm_2026050341999.pdf,2026-05-20,2026-08-20
FM262628,2026-04-17,10861,BCI MID &  SMALL CHILE FONDO DE INVERSIÓN,BCI ASSET MANAGEMENT ADMINISTRADORA  GENERAL DE FONDOS S.A.,Vigente,,Fondo Inversión Rescatable,2026050358475,https://www.cmfchile.cl/documentos/rfm/rfm_2026050358475.pdf,2026-05-29,2026-08-20
FM262627,2026-04-16,10860,PICTON - TJC RESOLUTE VII FONDO DE INVERSIÓN,PICTON ADMINISTRADORA GENERAL DE FONDOS S.A.,Vigente,,Fondo Inversión No Rescatable,2026040262920,https://www.cmfchile.cl/documentos/rfm/rfm_2026040262920.pdf,2026-04-16,2026-08-20
FM262626,2026-04-15,10859,FONDO DE INVERSIÓN PRUDENTIAL CHILE LOGÍSTICO I,PRUDENTIAL ADMINISTRADORA GENERAL DE FONDOS S.A.,Vigente,,Fondo Inversión No Rescatable,2026040261445,https://www.cmfchile.cl/documentos/rfm/rfm_2026040261445.pdf,2026-04-15,2026-08-20
FM262625,2026-04-06,10858,FONDO DE INVERSIÓN ASSET DESARROLLO CHAMISERO,ASSET ADMINISTRADORA GENERAL DE FONDOS S.A.,Vigente,,Fondo Inversión No Rescatable,2026080509344,https://www.cmfchile.cl/documentos/rfm/rfm_2026080509344.pdf,2026-08-04,2026-08-20
FM262624,2026-04-06,10857,MONEDA PATRIA COINVESTMENT II FONDO DE INVERSIÓN,MONEDA S.A. ADMINISTRADORA GENERAL DE FONDOS,Vigente,,Fondo Inversión No Rescatable,2026050322942,https://www.cmfchile.cl/documentos/rfm/rfm_2026050322942.pdf,2026-05-11,2026-08-20
FM262623,2026-04-02,10856,TAURUS CASPICHE FONDO DE INVERSIÓN,VOLCOMCAPITAL ADMINISTRADORA GENERAL DE FONDOS S.A.,Vigente,,Fondo Inversión No Rescatable,2026050357731,https://www.cmfchile.cl/documentos/rfm/rfm_2026050357731.pdf,2026-05-28,2026-08-20
FM262622,2026-03-31,10855,FONDO DE INVERSIÓN SANTANDER HIGH CONVICTION FIXED INCOME CLP,SANTANDER ASSET MANAGEMENT S.A. ADMINISTRADORA GENERAL DE FONDOS,Vigente,,Fondo Inversión Rescatable,2026030221097,https://www.cmfchile.cl/documentos/rfm/rfm_2026030221097.pdf,2026-03-31,2026-08-20
FM262620,2026-03-30,10853,CHILE RENEWABLES I FONDO DE INVERSIÓN,VOLCOMCAPITAL ADMINISTRADORA GENERAL DE FONDOS S.A.,Vigente,,Fondo Inversión No Rescatable,2026030215464,https://www.cmfchile.cl/documentos/rfm/rfm_2026030215464.pdf,2026-03-30,2026-08-20
FM262621,2026-03-30,10854,VOLCOMCAPITAL CREDIT VI FONDO DE INVERSIÓN,VOLCOMCAPITAL ADMINISTRADORA GENERAL DE FONDOS S.A.,Vigente,,Fondo Inversión No Rescatable,2026060371274,https://www.cmfchile.cl/documentos/rfm/rfm_2026060371274.pdf,2026-06-03,2026-08-20
FM262619,2026-03-23,10852,BICE STEPSTONE SSOF VI FONDO DE INVERSIÓN,BICE INVERSIONES ADMINISTRADORA GENERAL DE FONDOS S.A.,Vigente,,Fondo Inversión No Rescatable,2026030196367,https://www.cmfchile.cl/documentos/rfm/rfm_2026030196367.pdf,2026-03-23,2026-08-20
FM262617,2026-03-17,10850,FONDO MUTUO FINTUAL MODERATE BRAD 107,FINTUAL ADMINISTRADORA GENERAL DE FONDOS S.A.,Vigente,,Fondo Mutuo,2026030183962,https://www.cmfchile.cl/documentos/rfm/rfm_2026030183962.pdf,2026-03-17,2026-08-20
FM262618,2026-03-17,10851,FONDO MUTUO FINTUAL CONSERVATIVE GEORGE 107,FINTUAL ADMINISTRADORA GENERAL DE FONDOS S.A.,Vigente,,Fondo Mutuo,2026030184026,https://www.cmfchile.cl/documentos/rfm/rfm_2026030184026.pdf,2026-03-17,2026-08-20
FM262616,2026-03-11,10849,VOLCOMCAPITAL MID MARKET III FONDO DE INVERSION,VOLCOMCAPITAL ADMINISTRADORA GENERAL DE FONDOS S.A.,Vigente,,Fondo Inversión No Rescatable,2026030172518,https://www.cmfchile.cl/documentos/rfm/rfm_2026030172518.pdf,2026-03-11,2026-08-20
FM262615,2026-03-11,10848,PICTON - EQT XI FONDO DE INVERSIÓN,PICTON ADMINISTRADORA GENERAL DE FONDOS S.A.,Vigente,,Fondo Inversión No Rescatable,2026030172100,https://www.cmfchile.cl/documentos/rfm/rfm_2026030172100.pdf,2026-03-11,2026-08-20
FM262614,2026-03-10,10847,JADE CI CO-INVEST CHILE FONDO DE INVERSIÓN,ADMINISTRADORA GENERAL DE FONDOS  SECURITY S.A.,Vigente,,Fondo Inversión No Rescatable,2026030168225,https://www.cmfchile.cl/documentos/rfm/rfm_2026030168225.pdf,2026-03-10,2026-08-20
FM262613,2026-03-02,10846,FONDO DE INVERSION INVINSA OFICINAS,INVINSA ADMINISTRADORA GENERAL DE FONDOS S.A.,Vigente,,Fondo Inversión No Rescatable,2026030142058,https://www.cmfchile.cl/documentos/rfm/rfm_2026030142058.pdf,2026-03-02,2026-08-20
FM262612,2026-02-27,10845,VINCI COMPASS BRAZIL EQUITY FONDO DE INVERSIÓN,VINCI COMPASS S.A. ADMINISTRADORA GENERAL DE FONDOS,Vigente,,Fondo Inversión Rescatable,2026020138137,https://www.cmfchile.cl/documentos/rfm/rfm_2026020138137.pdf,2026-02-27,2026-08-20
FM262611,2026-02-26,10844,FONDO DE INVERSIÓN RENTA 4 CHILE ACCIONES,FINASSET ADMINISTRADORA GENERAL DE FONDOS S.A.,Vigente,,Fondo Inversión Rescatable,2026050324571,https://www.cmfchile.cl/documentos/rfm/rfm_2026050324571.pdf,2026-07-31,2026-08-20
FM262609,2026-02-24,10842,BTG PACTUAL ETF LATAM EQUITIES FONDO DE INVERSIÓN,BTG PACTUAL CHILE S.A. ADMINISTRADORA GENERAL DE FONDOS,Vigente,,Fondo Inversión Rescatable,2026020130435,https://www.cmfchile.cl/documentos/rfm/rfm_2026020130435.pdf,2026-02-24,2026-08-20
FM262610,2026-02-24,10843,BTG PACTUAL CRÉDITO PRIVADO FONDO DE INVERSIÓN,BTG PACTUAL CHILE S.A. ADMINISTRADORA GENERAL DE FONDOS,Vigente,,Fondo Inversión No Rescatable,2026070468625,https://www.cmfchile.cl/documentos/rfm/rfm_2026070468625.pdf,2026-07-20,2026-08-20
FM262608,2026-02-23,10841,BTG PACTUAL RENTA FIJA CHILE LARGO PLAZO ETF FONDO DE INVERSIÓN,BTG PACTUAL CHILE S.A. ADMINISTRADORA GENERAL DE FONDOS,Vigente,,Fondo Inversión Rescatable,2026020128587,https://www.cmfchile.cl/documentos/rfm/rfm_2026020128587.pdf,2026-02-23,2026-08-20
FM262607,2026-02-19,10840,FONDO DE INVERSIÓN LINK – INFLEXION BUYOUT VII,LINK CAPITAL PARTNERS ADMINISTRADORA GENERAL DE FONDOS S.A.,Vigente,,Fondo Inversión No Rescatable,2026020122152,https://www.cmfchile.cl/documentos/rfm/rfm_2026020122152.pdf,2026-02-19,2026-08-20
FM262606,2026-02-11,10839,FONDO DE INVERSIÓN ASSET OUTLETS VIVO,ASSET ADMINISTRADORA GENERAL DE FONDOS S.A.,Vigente,,Fondo Inversión No Rescatable,2026030187574,https://www.cmfchile.cl/documentos/rfm/rfm_2026030187574.pdf,2026-03-18,2026-08-20
FM262605,2026-02-05,10838,BTG PACTUAL RENTA INDUSTRIAL DLS I FONDO DE INVERSIÓN,BTG PACTUAL CHILE S.A. ADMINISTRADORA GENERAL DE FONDOS,Vigente,,Fondo Inversión No Rescatable,2026050354895,https://www.cmfchile.cl/documentos/rfm/rfm_2026050354895.pdf,2026-05-27,2026-08-20
FM262604,2026-02-02,10837,FONDO DE INVERSIÓN BCI RENTA FIJA CORPORATIVA,BCI ASSET MANAGEMENT ADMINISTRADORA  GENERAL DE FONDOS S.A.,Vigente,,Fondo Inversión Rescatable,2026020078391,https://www.cmfchile.cl/documentos/rfm/rfm_2026020078391.pdf,2026-02-02,2026-08-20
FM262603,2026-01-22,10836,FONDO DE INVERSIÓN HMC COURT SQUARE V,HMC S.A. ADMINISTRADORA GENERAL DE FONDOS,Vigente,,Fondo Inversión No Rescatable,2026010054181,https://www.cmfchile.cl/documentos/rfm/rfm_2026010054181.pdf,2026-01-22,2026-08-20
FM262602,2026-01-21,10835,ALZA DEUDA PRIVADA VI FONDO DE INVERSIÓN,ALZA ADMINISTRADORA GENERAL DE FONDOS S.A.,Vigente,,Fondo Inversión No Rescatable,2026010053411,https://www.cmfchile.cl/documentos/rfm/rfm_2026010053411.pdf,2026-01-21,2026-08-20
FM262599,2026-01-20,10832,FONDO DE INVERSIÓN CREDICORP CAPITAL CARTERA SELECTA,CREDICORP CAPITAL ASSET MANAGEMENT S.A. ADMINISTRADORA GENERAL DE FONDOS,Vigente,,Fondo Inversión Rescatable,2026010047328,https://www.cmfchile.cl/documentos/rfm/rfm_2026010047328.pdf,2026-01-20,2026-08-20
FM262601,2026-01-20,10834,FONDO DE INVERSIÓN SURA DEUDA PRIVADA PLUS,ADMINISTRADORA GENERAL DE FONDOS SURA S.A.,Vigente,,Fondo Inversión No Rescatable,2026010048773,https://www.cmfchile.cl/documentos/rfm/rfm_2026010048773.pdf,2026-01-20,2026-08-20
FM262600,2026-01-20,10833,MONEDA GSI RENTAS TRANSICIÓN ENERGÉTICA IV - DATA CENTERS ESPAÑA FONDO DE INVERSIÓN,MONEDA S.A. ADMINISTRADORA GENERAL DE FONDOS,Vigente,,Fondo Inversión No Rescatable,2026010047682,https://www.cmfchile.cl/documentos/rfm/rfm_2026010047682.pdf,2026-01-20,2026-08-20
FM262598,2026-01-15,10831,AMERIS PRIVATE EQUITY NORDIC XII FONDO DE INVERSIÓN,AMERIS CAPITAL ADMINISTRADORA GENERAL DE FONDOS S.A.,Vigente,,Fondo Inversión No Rescatable,2026010037162,https://www.cmfchile.cl/documentos/rfm/rfm_2026010037162.pdf,2026-01-15,2026-08-20
FM262597,2026-01-14,10830,MBI DEUDA PRIVADA V FONDO DE INVERSIÓN,MBI ADMINISTRADORA GENERAL DE FONDOS S.A.,Vigente,,Fondo Inversión No Rescatable,2026010030453,https://www.cmfchile.cl/documentos/rfm/rfm_2026010030453.pdf,2026-01-14,2026-08-20
FM262596,2026-01-13,10829,FONDO DE INVERSIÓN PRINCIPAL DEUDA PRIVADA II,PRINCIPAL ASSET MANAGEMENT ADMINISTRADORA GENERAL DE FONDOS S.A.,Vigente,,Fondo Inversión No Rescatable,2026010026455,https://www.cmfchile.cl/documentos/rfm/rfm_2026010026455.pdf,2026-01-13,2026-08-20
FM262595,2026-01-12,10828,VINCI COMPASS QE VI INFRASTRUCTURE FONDO DE INVERSIÓN.,VINCI COMPASS S.A. ADMINISTRADORA GENERAL DE FONDOS,Vigente,,Fondo Inversión No Rescatable,2026010023833,https://www.cmfchile.cl/documentos/rfm/rfm_2026010023833.pdf,2026-01-12,2026-08-20
FM262594,2026-01-12,10827,FONDO MUTUO FINTUAL RISKY CHUCK 107,FINTUAL ADMINISTRADORA GENERAL DE FONDOS S.A.,Vigente,,Fondo Mutuo,2026020118684,https://www.cmfchile.cl/documentos/rfm/rfm_2026020118684.pdf,2026-02-17,2026-08-20
FM262593,2026-01-08,10826,FONDO DE INVERSIÓN CREDICORP CAPITAL RETORNO PREFERENTE MAESTRA II,CREDICORP CAPITAL ASSET MANAGEMENT S.A. ADMINISTRADORA GENERAL DE FONDOS,Vigente,,Fondo Inversión No Rescatable,2026020089233,https://www.cmfchile.cl/documentos/rfm/rfm_2026020089233.pdf,2026-02-04,2026-08-20
FM252592,2025-12-18,10825,AMERIS RENTAS Y DESARROLLO ACONCAGUA PREFERENTE FONDO DE INVERSIÓN,AMERIS CAPITAL ADMINISTRADORA GENERAL DE FONDOS S.A.,Vigente,,Fondo Inversión No Rescatable,2026020106281,https://www.cmfchile.cl/documentos/rfm/rfm_2026020106281.pdf,2026-02-11,2026-08-20
FM252591,2025-12-10,10824,FONDO DE INVERSION SANTANDER RENTA COMERCIAL,SANTANDER ASSET MANAGEMENT S.A. ADMINISTRADORA GENERAL DE FONDOS,Vigente,,Fondo Inversión No Rescatable,2025120864819,https://www.cmfchile.cl/documentos/rfm/rfm_2025120864819.pdf,2025-12-10,2026-08-20
FM252590,2025-12-10,10823,FONDO DE INVERSIÓN PRINCIPAL DEUDA MIXTA,PRINCIPAL ASSET MANAGEMENT ADMINISTRADORA GENERAL DE FONDOS S.A.,Vigente,,Fondo Inversión No Rescatable,2025120862504,https://www.cmfchile.cl/documentos/rfm/rfm_2025120862504.pdf,2025-12-10,2026-08-20
FM252589,2025-12-09,10822,BICE HINES DIRECT INVESTMENTS FONDO DE INVERSIÓN,BICE INVERSIONES ADMINISTRADORA GENERAL DE FONDOS S.A.,Vigente,,Fondo Inversión No Rescatable,2025120860956,https://www.cmfchile.cl/documentos/rfm/rfm_2025120860956.pdf,2025-12-09,2026-08-20
FM252588,2025-12-05,10821,FONDO DE INVERSIÓN ACTIVA DEUDA HIPOTECARIA V,LARRAIN VIAL ACTIVOS S.A. ADMINISTRADORA GENERAL DE FONDOS,No Vigente,,Fondo Inversión No Rescatable,2025120855646,https://www.cmfchile.cl/documentos/rfm/rfm_2025120855646.pdf,2025-12-05,2026-08-20
FM252587,2025-12-03,10820,BTG PACTUAL ETF S&P 500 FONDO DE INVERSIÓN,BTG PACTUAL CHILE S.A. ADMINISTRADORA GENERAL DE FONDOS,Vigente,,Fondo Inversión Rescatable,2026010035939,https://www.cmfchile.cl/documentos/rfm/rfm_2026010035939.pdf,2026-01-15,2026-08-20
FM252586,2025-11-24,10819,FONDO MUTUO PRUDENTIAL RENTA CORTO PLAZO,PRUDENTIAL ADMINISTRADORA GENERAL DE FONDOS S.A.,Vigente,,Fondo Mutuo,2025110823943,https://www.cmfchile.cl/documentos/rfm/rfm_2025110823943.pdf,2025-11-24,2026-08-20
FM252585,2025-11-21,10818,VOLCOMCAPITAL HPS SIP VI FONDO DE INVERSIÓN,XLC ADMINISTRADORA GENERAL DE FONDOS S.A.,Vigente,,Fondo Inversión No Rescatable,2026070434780,https://www.cmfchile.cl/documentos/rfm/rfm_2026070434780.pdf,2026-07-02,2026-08-20
FM252584,2025-11-21,10817,VOLCOMCAPITAL CATALYST III FONDO DE INVERSIÓN,VOLCOMCAPITAL ADMINISTRADORA GENERAL DE FONDOS S.A.,Vigente,,Fondo Inversión No Rescatable,2026030203554,https://www.cmfchile.cl/documentos/rfm/rfm_2026030203554.pdf,2026-03-24,2026-08-20
FM252583,2025-11-14,10816,FONDO DE INVERSIÓN BCI SECUNDARIOS II,BCI ASSET MANAGEMENT ADMINISTRADORA  GENERAL DE FONDOS S.A.,Vigente,,Fondo Inversión No Rescatable,2025120841019,https://www.cmfchile.cl/documentos/rfm/rfm_2025120841019.pdf,2025-12-01,2026-08-20
FM252582,2025-11-14,10815,FONDO DE INVERSIÓN BCI SECUNDARIOS II-B,BCI ASSET MANAGEMENT ADMINISTRADORA  GENERAL DE FONDOS S.A.,Vigente,,Fondo Inversión No Rescatable,2025110801304,https://www.cmfchile.cl/documentos/rfm/rfm_2025110801304.pdf,2025-11-14,2026-08-20
FM252581,2025-11-14,10814,FONDO DE INVERSIÓN AUBREY US EQUITY,LARRAINVIAL ASSET MANAGEMENT ADMINISTRADORA GENERAL DE FONDOS S.A.,Vigente,,Fondo Inversión Rescatable,2026060430134,https://www.cmfchile.cl/documentos/rfm/rfm_2026060430134.pdf,2026-06-30,2026-08-20
FM252580,2025-11-14,10813,FONDO MUTUO BTG PACTUAL ESTRUCTURADO NOMINAL 2030,BTG PACTUAL CHILE S.A. ADMINISTRADORA GENERAL DE FONDOS,Vigente,,Fondo Mutuo,2025110800706,https://www.cmfchile.cl/documentos/rfm/rfm_2025110800706.pdf,2025-11-14,2026-08-20
FM252579,2025-11-13,10812,AMERIS AATECH DEUDA HIPOTECARIA FONDO DE INVERSIÓN,AMERIS CAPITAL ADMINISTRADORA GENERAL DE FONDOS S.A.,Vigente,,Fondo Inversión No Rescatable,2025110799796,https://www.cmfchile.cl/documentos/rfm/rfm_2025110799796.pdf,2025-11-13,2026-08-20
FM252578,2025-11-12,10811,FONDO DE INVERSIÓN ETF SINGULAR FIXED INCOME BRL,SINGULAR ASSET MANAGEMENT ADMINISTRADORA GENERAL DE FONDOS S.A.,Vigente,,Fondo Inversión Rescatable,2025110794838,https://www.cmfchile.cl/documentos/rfm/rfm_2025110794838.pdf,2025-11-12,2026-08-20
FM252577,2025-11-07,10810,FONDO DE INVERSIÓN CÓNDOR BALANCEADO,AMICORP ADMINISTRADORA GENERAL DE FONDOS S.A.,Vigente,,Fondo Inversión Rescatable,2025110828989,https://www.cmfchile.cl/documentos/rfm/rfm_2025110828989.pdf,2025-11-25,2026-08-20
FM252576,2025-10-29,10809,BTG PACTUAL ETF TOTAL WORLD EQUITIES FONDO DE INVERSIÓN,BTG PACTUAL CHILE S.A. ADMINISTRADORA GENERAL DE FONDOS,Vigente,,Fondo Inversión Rescatable,2026020131343,https://www.cmfchile.cl/documentos/rfm/rfm_2026020131343.pdf,2026-02-24,2026-08-20
FM252575,2025-10-28,10808,VINCI COMPASS LCP XI PRIVATE EQUITY FONDO DE INVERSIÓN,VINCI COMPASS S.A. ADMINISTRADORA GENERAL DE FONDOS,Vigente,,Fondo Inversión No Rescatable,2025100748077,https://www.cmfchile.cl/documentos/rfm/rfm_2025100748077.pdf,2025-10-28,2026-08-20
FM252574,2025-10-28,10807,BTG PACTUAL DEUDA HABITACIONAL CON SUBSIDIO II FONDO DE INVERSIÓN,BTG PACTUAL CHILE S.A. ADMINISTRADORA GENERAL DE FONDOS,Vigente,,Fondo Inversión No Rescatable,2026060405783,https://www.cmfchile.cl/documentos/rfm/rfm_2026060405783.pdf,2026-06-17,2026-08-20
FM252573,2025-10-22,10806,AMERIS HARBOURVEST CO-INVESTMENT VII FONDO DE INVERSIÓN,AMERIS CAPITAL ADMINISTRADORA GENERAL DE FONDOS S.A.,Vigente,,Fondo Inversión No Rescatable,2026010075152,https://www.cmfchile.cl/documentos/rfm/rfm_2026010075152.pdf,2026-01-30,2026-08-20
FM252572,2025-10-20,10805,VOLCOMCAPITAL ACCESS FONDO DE INVERSIÓN,VOLCOMCAPITAL ADMINISTRADORA GENERAL DE FONDOS S.A.,Vigente,,Fondo Inversión No Rescatable,2026010045273,https://www.cmfchile.cl/documentos/rfm/rfm_2026010045273.pdf,2026-01-19,2026-08-20
FM252571,2025-10-16,10804,VINCI COMPASS SP X PRIVATE EQUITY FONDO DE INVERSIÓN,VINCI COMPASS S.A. ADMINISTRADORA GENERAL DE FONDOS,Vigente,,Fondo Inversión No Rescatable,2025100715969,https://www.cmfchile.cl/documentos/rfm/rfm_2025100715969.pdf,2025-10-16,2026-08-20
FM252570,2025-10-09,10803,VOLCOMCAPITAL INFRAESTRUCTURA VI FONDO DE INVERSIÓN,VOLCOMCAPITAL ADMINISTRADORA GENERAL DE FONDOS S.A.,Vigente,,Fondo Inversión No Rescatable,2026070462795,https://www.cmfchile.cl/documentos/rfm/rfm_2026070462795.pdf,2026-07-14,2026-08-20
FM252568,2025-10-08,10801,PICTON - TPG X FONDO DE INVERSIÓN,PICTON ADMINISTRADORA GENERAL DE FONDOS S.A.,Vigente,,Fondo Inversión No Rescatable,2026040273423,https://www.cmfchile.cl/documentos/rfm/rfm_2026040273423.pdf,2026-04-21,2026-08-20
FM252569,2025-10-08,10802,FONDO MUTUO BANCHILE AHORRO NOMINAL,BANCHILE ADMINISTRADORA GENERAL DE FONDOS S.A.,Vigente,,Fondo Mutuo,2025100694802,https://www.cmfchile.cl/documentos/rfm/rfm_2025100694802.pdf,2025-10-08,2026-08-20
FM252567,2025-10-02,10800,FONDO DE INVERSION NEVASA GESTION INMOBILIARIA IX,NVS ADMINISTRADORA GENERAL DE FONDOS S.A.,Vigente,,Fondo Inversión No Rescatable,2025100676473,https://www.cmfchile.cl/documentos/rfm/rfm_2025100676473.pdf,2025-10-02,2026-08-20
FM252566,2025-10-02,10799,VINCI COMPASS BX CRÉDITO PRIVADO SEMILÍQUIDO FONDO DE INVERSIÓN,VINCI COMPASS S.A. ADMINISTRADORA GENERAL DE FONDOS,Vigente,,Fondo Inversión No Rescatable,2026060396927,https://www.cmfchile.cl/documentos/rfm/rfm_2026060396927.pdf,2026-06-15,2026-08-20
FM252565,2025-09-30,10798,ALZA DEUDA PRIVADA V FONDO DE INVERSIÓN,ALZA ADMINISTRADORA GENERAL DE FONDOS S.A.,Vigente,,Fondo Inversión No Rescatable,2025110801507,https://www.cmfchile.cl/documentos/rfm/rfm_2025110801507.pdf,2025-11-14,2026-08-20
FM252564,2025-09-26,10797,BICE STEPSTONE VI FONDO DE INVERSIÓN,BICE INVERSIONES ADMINISTRADORA GENERAL DE FONDOS S.A.,Vigente,,Fondo Inversión No Rescatable,2025120883289,https://www.cmfchile.cl/documentos/rfm/rfm_2025120883289.pdf,2025-12-16,2026-08-20
FM252563,2025-09-16,10796,MONEDA PATRIA CLO DEBT FONDO DE INVERSIÓN,MONEDA S.A. ADMINISTRADORA GENERAL DE FONDOS,Vigente,,Fondo Inversión No Rescatable,2025090631623,https://www.cmfchile.cl/documentos/rfm/rfm_2025090631623.pdf,2025-09-16,2026-08-20
FM252562,2025-09-12,10795,FONDO DE INVERSIÓN FALCOM PORTFOLIO ADVISORS PRIVATE DEBT IV,FALCOM ADMINISTRADORA GENERAL DE FONDOS S.A.,Vigente,,Fondo Inversión No Rescatable,2025090626922,https://www.cmfchile.cl/documentos/rfm/rfm_2025090626922.pdf,2025-09-12,2026-08-20
FM252561,2025-09-10,10794,FONDO DE INVERSIÓN CREDICORP CAPITAL PRIVATE EQUITY TRITON I,CREDICORP CAPITAL ASSET MANAGEMENT S.A. ADMINISTRADORA GENERAL DE FONDOS,No Vigente,,Fondo Inversión No Rescatable,2025090622959,https://www.cmfchile.cl/documentos/rfm/rfm_2025090622959.pdf,2025-09-10,2026-08-20
FM252560,2025-09-08,10793,TPC II ACTIVOS FONDO DE INVERSIÓN,TOESCA S.A.  ADMINISTRADORA GENERAL DE FONDOS,Vigente,,Fondo Inversión No Rescatable,2025100736198,https://www.cmfchile.cl/documentos/rfm/rfm_2025100736198.pdf,2025-10-22,2026-08-20
FM252559,2025-09-01,10792,VINCI COMPASS BRAZIL FIXED INCOME FONDO DE INVERSIÓN,VINCI COMPASS S.A. ADMINISTRADORA GENERAL DE FONDOS,Vigente,,Fondo Inversión Rescatable,2025090600617,https://www.cmfchile.cl/documentos/rfm/rfm_2025090600617.pdf,2025-09-01,2026-08-20
FM252558,2025-08-28,10791,VINCI COMPASS CINVEN SF2 PRIVATE EQUITY FONDO DE INVERSIÓN,VINCI COMPASS S.A. ADMINISTRADORA GENERAL DE FONDOS,Vigente,,Fondo Inversión No Rescatable,2025080592570,https://www.cmfchile.cl/documentos/rfm/rfm_2025080592570.pdf,2025-08-28,2026-08-20
FM252557,2025-08-25,10790,MONEDA RENTA COP FONDO DE INVERSIÓN,MONEDA S.A. ADMINISTRADORA GENERAL DE FONDOS,Vigente,,Fondo Inversión Rescatable,2026010075241,https://www.cmfchile.cl/documentos/rfm/rfm_2026010075241.pdf,2026-01-30,2026-08-20
FM252556,2025-08-22,10789,FONDO DE INVERSION CAPITAL ADVISORS RENTAS COMERCIALES,CAPITAL ADVISORS ADMINISTRADORA GENERAL DE FONDOS S.A.,Vigente,,Fondo Inversión No Rescatable,2025080582333,https://www.cmfchile.cl/documentos/rfm/rfm_2025080582333.pdf,2025-08-22,2026-08-20
FM252555,2025-08-21,10788,FONDO DE INVERSIÓN FALCOM RENTA INMOBILIARIA,FALCOM ADMINISTRADORA GENERAL DE FONDOS S.A.,Vigente,,Fondo Inversión No Rescatable,2026010012105,https://www.cmfchile.cl/documentos/rfm/rfm_2026010012105.pdf,2026-01-07,2026-08-20
FM252554,2025-08-21,10787,BTG PACTUAL CRÉDITO AUTOMOTRIZ FONDO DE INVERSIÓN,BTG PACTUAL CHILE S.A. ADMINISTRADORA GENERAL DE FONDOS,Vigente,,Fondo Inversión No Rescatable,2026060363413,https://www.cmfchile.cl/documentos/rfm/rfm_2026060363413.pdf,2026-06-01,2026-08-20
FM252553,2025-08-19,10786,FONDO DE INVERSION CAPITAL ADVISORS PUERTOS RETORNO PREFERENTE,CAPITAL ADVISORS ADMINISTRADORA GENERAL DE FONDOS S.A.,Vigente,,Fondo Inversión No Rescatable,2025090642129,https://www.cmfchile.cl/documentos/rfm/rfm_2025090642129.pdf,2025-09-22,2026-08-20
FM252552,2025-08-19,10785,FONDO DE INVERSION CAPITAL ADVISORS PUERTOS,CAPITAL ADVISORS ADMINISTRADORA GENERAL DE FONDOS S.A.,Vigente,,Fondo Inversión No Rescatable,2025080575460,https://www.cmfchile.cl/documentos/rfm/rfm_2025080575460.pdf,2025-08-19,2026-08-20
FM252551,2025-08-18,10784,PICTON - SVP GLOBAL SVSS VI FONDO DE INVERSIÓN,PICTON ADMINISTRADORA GENERAL DE FONDOS S.A.,Vigente,,Fondo Inversión No Rescatable,2025080574142,https://www.cmfchile.cl/documentos/rfm/rfm_2025080574142.pdf,2025-08-18,2026-08-20
FM252550,2025-08-14,10783,MBI RETORNO INMOBILIARIO PREFERENTE II FONDO DE INVERSIÓN,MBI ADMINISTRADORA GENERAL DE FONDOS S.A.,Vigente,,Fondo Inversión No Rescatable,2026070464806,https://www.cmfchile.cl/documentos/rfm/rfm_2026070464806.pdf,2026-07-15,2026-08-20
FM252549,2025-08-14,10782,FONDO MUTUO VINCI COMPASS RENDIMIENTO CONSERVADOR,VINCI COMPASS S.A. ADMINISTRADORA GENERAL DE FONDOS,Vigente,,Fondo Mutuo,2025080570106,https://www.cmfchile.cl/documentos/rfm/rfm_2025080570106.pdf,2025-08-14,2026-08-20
FM252548,2025-08-11,10781,FONDO DE INVERSIÓN LARRAÍN VIAL PRIVATE EQUITY MIDMARKET US,LARRAIN VIAL ACTIVOS S.A. ADMINISTRADORA GENERAL DE FONDOS,No Vigente,,Fondo Inversión No Rescatable,2025080563039,https://www.cmfchile.cl/documentos/rfm/rfm_2025080563039.pdf,2025-08-11,2026-08-20
FM252547,2025-08-11,10780,MONEDA PATRIA COINVESTMENT I FONDO DE INVERSIÓN,MONEDA S.A. ADMINISTRADORA GENERAL DE FONDOS,Vigente,,Fondo Inversión No Rescatable,2025080560124,https://www.cmfchile.cl/documentos/rfm/rfm_2025080560124.pdf,2025-08-11,2026-08-20
FM252545,2025-08-07,10778,DESARROLLO INMOBILIARIO UNO FONDO DE INVERSIÓN,AMERIS CAPITAL ADMINISTRADORA GENERAL DE FONDOS S.A.,Vigente,,Fondo Inversión No Rescatable,2025100679099,https://www.cmfchile.cl/documentos/rfm/rfm_2025100679099.pdf,2025-10-03,2026-08-20
FM252546,2025-08-07,10779,MONEDA PATRIA BRAZIL EQUITY FONDO DE INVERSIÓN,MONEDA S.A. ADMINISTRADORA GENERAL DE FONDOS,Vigente,,Fondo Inversión No Rescatable,2025090639199,https://www.cmfchile.cl/documentos/rfm/rfm_2025090639199.pdf,2025-09-22,2026-08-20
FM252544,2025-08-06,10777,BTG PACTUAL RENTA FIJA CHILE MEDIANO PLAZO ETF FONDO DE INVERSIÓN,BTG PACTUAL CHILE S.A. ADMINISTRADORA GENERAL DE FONDOS,Vigente,,Fondo Inversión Rescatable,2025110815821,https://www.cmfchile.cl/documentos/rfm/rfm_2025110815821.pdf,2025-11-19,2026-08-20
FM252543,2025-08-05,10776,FONDO DE INVERSIÓN ETF SINGULAR CORE 40/60,SINGULAR ASSET MANAGEMENT ADMINISTRADORA GENERAL DE FONDOS S.A.,Vigente,,Fondo Inversión Rescatable,2025080546308,https://www.cmfchile.cl/documentos/rfm/rfm_2025080546308.pdf,2025-08-05,2026-08-20
FM252542,2025-08-05,10775,FONDO DE INVERSIÓN CREDICORP CAPITAL CÓNDOR EQUITY,CREDICORP CAPITAL ASSET MANAGEMENT S.A. ADMINISTRADORA GENERAL DE FONDOS,Vigente,,Fondo Inversión Rescatable,2026020106965,https://www.cmfchile.cl/documentos/rfm/rfm_2026020106965.pdf,2026-08-04,2026-08-20
FM252541,2025-08-05,10774,VOLCOMCAPITAL FLEX FONDO DE INVERSIÓN,XLC ADMINISTRADORA GENERAL DE FONDOS S.A.,Vigente,,Fondo Inversión No Rescatable,2026060426253,https://www.cmfchile.cl/documentos/rfm/rfm_2026060426253.pdf,2026-06-26,2026-08-20
FM252540,2025-08-02,10773,FONDO DE INVERSIÓN CAPITAL ADVISORS DEUDA INFRAESTRUCTURA,CAPITAL ADVISORS ADMINISTRADORA GENERAL DE FONDOS S.A.,No Vigente,,Fondo Inversión No Rescatable,2025080540393,https://www.cmfchile.cl/documentos/rfm/rfm_2025080540393.pdf,2025-08-02,2026-08-20
FM252539,2025-08-01,10772,FONDO MUTUO BANCOESTADO CHILE SOSTENIBLE CONSERVADOR,BANCOESTADO S.A. ADMINISTRADORA  GENERAL DE FONDOS,Vigente,,Fondo Mutuo,2025080537094,https://www.cmfchile.cl/documentos/rfm/rfm_2025080537094.pdf,2025-08-01,2026-08-20
FM252537,2025-07-23,10770,FONDO DE INVERSIÓN SINGULAR OAKTREE GLOBAL CREDIT,SINGULAR ASSET MANAGEMENT ADMINISTRADORA GENERAL DE FONDOS S.A.,Vigente,,Fondo Inversión Rescatable,2025090619916,https://www.cmfchile.cl/documentos/rfm/rfm_2025090619916.pdf,2025-09-09,2026-08-20
FM252535,2025-07-22,10769,FONDO DE INVERSIÓN SECURITY GNP V CLP,ADMINISTRADORA GENERAL DE FONDOS  SECURITY S.A.,Vigente,,Fondo Inversión No Rescatable,2025070527918,https://www.cmfchile.cl/documentos/rfm/rfm_2025070527918.pdf,2025-07-29,2026-08-20
FM252534,2025-07-22,10768,FONDO DE INVERSIÓN SECURITY GNP V USD,ADMINISTRADORA GENERAL DE FONDOS  SECURITY S.A.,Vigente,,Fondo Inversión No Rescatable,2025070527931,https://www.cmfchile.cl/documentos/rfm/rfm_2025070527931.pdf,2025-07-29,2026-08-20
FM252533,2025-07-22,10767,BTG PACTUAL BRAZIL REAL RATE FONDO DE INVERSIÓN,BTG PACTUAL CHILE S.A. ADMINISTRADORA GENERAL DE FONDOS,Vigente,,Fondo Inversión Rescatable,2025110828566,https://www.cmfchile.cl/documentos/rfm/rfm_2025110828566.pdf,2025-11-25,2026-08-20
FM252531,2025-07-21,10766,TOESCA ATMM II FONDO DE INVERSIÓN,TOESCA S.A.  ADMINISTRADORA GENERAL DE FONDOS,No Vigente,,Fondo Inversión No Rescatable,2025070511525,https://www.cmfchile.cl/documentos/rfm/rfm_2025070511525.pdf,2025-07-21,2026-08-20
FM252538,2025-07-21,10771,TOESCA AVENIDA NET LEASE US III FONDO DE INVERSIÓN,TOESCA S.A.  ADMINISTRADORA GENERAL DE FONDOS,Vigente,,Fondo Inversión No Rescatable,2026040236455,https://www.cmfchile.cl/documentos/rfm/rfm_2026040236455.pdf,2026-04-06,2026-08-20
FM252530,2025-07-08,10765,FONDO DE INVERSIÓN NEVASA TIC VENDOR LEASE,NVS ADMINISTRADORA GENERAL DE FONDOS S.A.,Vigente,,Fondo Inversión No Rescatable,2025070469541,https://www.cmfchile.cl/documentos/rfm/rfm_2025070469541.pdf,2025-07-08,2026-08-20
FM252529,2025-06-25,10764,FONDO MUTUO PRUDENTIAL CONSERVADOR,PRUDENTIAL ADMINISTRADORA GENERAL DE FONDOS S.A.,Vigente,,Fondo Mutuo,2026020125743,https://www.cmfchile.cl/documentos/rfm/rfm_2026020125743.pdf,2026-02-20,2026-08-20
FM252528,2025-06-17,10763,TOESCA PERMANENT CROPS II CHILE FONDO DE INVERSIÓN,TOESCA S.A.  ADMINISTRADORA GENERAL DE FONDOS,Vigente,,Fondo Inversión No Rescatable,2025100746717,https://www.cmfchile.cl/documentos/rfm/rfm_2025100746717.pdf,2025-10-28,2026-08-20
FM252527,2025-06-11,10762,AVANTE RENTA V FONDO DE INVERSION,AVANTE ADMINISTRADORA GENERAL DE FONDOS S.A.,Vigente,,Fondo Inversión No Rescatable,2026030180175,https://www.cmfchile.cl/documentos/rfm/rfm_2026030180175.pdf,2026-03-16,2026-08-20
FM252526,2025-06-03,10761,PICTON - GREAT HILL PARTNERS IX FONDO DE INVERSIÓN,PICTON ADMINISTRADORA GENERAL DE FONDOS S.A.,Vigente,,Fondo Inversión No Rescatable,2025060389079,https://www.cmfchile.cl/documentos/rfm/rfm_2025060389079.pdf,2025-06-03,2026-08-20
FM252525,2025-05-29,10760,,ADMINISTRADORA GENERAL DE FONDOS  SECURITY S.A.,Vigente,,Fondo Inversión No Rescatable,2026010004060,https://www.cmfchile.cl/documentos/rfm/rfm_2026010004060.pdf,2026-01-05,2026-08-20
FM252521,2025-05-29,10759,FONDO DE INVERSION FINANCIAMIENTO PYMES,AMICORP ADMINISTRADORA GENERAL DE FONDOS S.A.,Vigente,,Fondo Inversión No Rescatable,2025070496296,https://www.cmfchile.cl/documentos/rfm/rfm_2025070496296.pdf,2025-07-14,2026-08-20
FM252520,2025-05-28,10758,FONDO DE INVERSIÓN CREDICORP CAPITAL PRIVATE DEBT VI,CREDICORP CAPITAL ASSET MANAGEMENT S.A. ADMINISTRADORA GENERAL DE FONDOS,Vigente,,Fondo Inversión No Rescatable,2026010026735,https://www.cmfchile.cl/documentos/rfm/rfm_2026010026735.pdf,2026-01-13,2026-08-20
FM252519,2025-05-23,10757,FONDO DE INVERSIÓN ALBION PORTFOLIO ONE,FYNSA ADMINISTRADORA GENERAL DE FONDOS S.A.,Vigente,,Fondo Inversión No Rescatable,2026050355127,https://www.cmfchile.cl/documentos/rfm/rfm_2026050355127.pdf,2026-05-27,2026-08-20
FM252518,2025-05-22,10756,1 REGLAMENTO INTERNO FONDO DE INVERSIÓN CREDICORP CAPITAL DESARROLLO SUBSIDIO HABITACIONAL II,CREDICORP CAPITAL ASSET MANAGEMENT S.A. ADMINISTRADORA GENERAL DE FONDOS,Vigente,,Fondo Inversión No Rescatable,2025050365583,https://www.cmfchile.cl/documentos/rfm/rfm_2025050365583.pdf,2025-05-22,2026-08-20
FM252517,2025-05-20,10755,FONDO MUTUO ESTRUCTURADO CREDICORP CAPITAL RENTA UF 2029,CREDICORP CAPITAL ASSET MANAGEMENT S.A. ADMINISTRADORA GENERAL DE FONDOS,Vigente,,Fondo Mutuo,2025050360726,https://www.cmfchile.cl/documentos/rfm/rfm_2025050360726.pdf,2025-05-20,2026-08-20
FM252516,2025-05-15,10754,FONDO DE INVERSIÓN CAPITAL ADVISORS PATIO DESARROLLO CENTROS COMERCIALES II,CAPITAL ADVISORS ADMINISTRADORA GENERAL DE FONDOS S.A.,Vigente,,Fondo Inversión No Rescatable,2025070507643,https://www.cmfchile.cl/documentos/rfm/rfm_2025070507643.pdf,2025-07-18,2026-08-20
FM252515,2025-05-09,10753,FONDO DE INVERSIÓN LARRAÍN VIAL PRIVATE DEBT MIDMARKET US,LARRAIN VIAL ACTIVOS S.A. ADMINISTRADORA GENERAL DE FONDOS,Vigente,,Fondo Inversión No Rescatable,2025100735327,https://www.cmfchile.cl/documentos/rfm/rfm_2025100735327.pdf,2025-10-22,2026-08-20
FM252514,2025-05-08,10752,VOLCOMCAPITAL INFRAESTRUCTURA V FONDO DE INVERSIÓN,VOLCOMCAPITAL ADMINISTRADORA GENERAL DE FONDOS S.A.,Vigente,,Fondo Inversión No Rescatable,2025110828978,https://www.cmfchile.cl/documentos/rfm/rfm_2025110828978.pdf,2025-11-25,2026-08-20
FM252513,2025-05-07,10751,FONDO DE INVERSIÓN FALCOM SHORT DURATION CHILE,FALCOM ADMINISTRADORA GENERAL DE FONDOS S.A.,Vigente,,Fondo Inversión Rescatable,2025070516269,https://www.cmfchile.cl/documentos/rfm/rfm_2025070516269.pdf,2026-08-05,2026-08-20
FM252512,2025-05-06,10750,FONDO DE INVERSIÓN CON IMPACTO EN EDUCACIÓN 2,LARRAINVIAL ASSET MANAGEMENT ADMINISTRADORA GENERAL DE FONDOS S.A.,No Vigente,,Fondo Inversión No Rescatable,2025050334447,https://www.cmfchile.cl/documentos/rfm/rfm_2025050334447.pdf,2025-05-06,2026-08-20
FM252511,2025-05-05,10749,BICE WSCP IX FONDO DE INVERSIÓN,BICE INVERSIONES ADMINISTRADORA GENERAL DE FONDOS S.A.,No Vigente,,Fondo Inversión No Rescatable,2025050328606,https://www.cmfchile.cl/documentos/rfm/rfm_2025050328606.pdf,2025-05-05,2026-08-20
FM252510,2025-04-30,10748,FONDO DE INVERSION ETF SINGULAR IPSA,SINGULAR ASSET MANAGEMENT ADMINISTRADORA GENERAL DE FONDOS S.A.,Vigente,,Fondo Inversión Rescatable,2025040325634,https://www.cmfchile.cl/documentos/rfm/rfm_2025040325634.pdf,2025-04-30,2026-08-20
FM252509,2025-04-30,10747,FONDO MUTUO PRINCIPAL GLOBAL EQUITY,PRINCIPAL ASSET MANAGEMENT ADMINISTRADORA GENERAL DE FONDOS S.A.,Vigente,,Fondo Mutuo,2025040322220,https://www.cmfchile.cl/documentos/rfm/rfm_2025040322220.pdf,2025-04-30,2026-08-20
FM252508,2025-04-25,10746,NEORENTAS DIECISIETE FONDO DE INVERSIÓN,NEORENTAS S.A. ADMINISTRADORA GENERAL DE FONDOS,Vigente,,Fondo Inversión No Rescatable,2025040313109,https://www.cmfchile.cl/documentos/rfm/rfm_2025040313109.pdf,2025-04-25,2026-08-20
FM252507,2025-04-22,10745,FONDO DE INVERSIÓN SECURITY DEUDA PRIVADA AUTOMOTRIZ IV,ADMINISTRADORA GENERAL DE FONDOS  SECURITY S.A.,Vigente,,Fondo Inversión No Rescatable,2025040302757,https://www.cmfchile.cl/documentos/rfm/rfm_2025040302757.pdf,2025-04-22,2026-08-20
FM252506,2025-04-22,10744,FONDO DE INVERSIÓN SECURITY DEUDA PRIVADA AUTOMOTRIZ IV FULLY FUNDED,ADMINISTRADORA GENERAL DE FONDOS  SECURITY S.A.,Vigente,,Fondo Inversión No Rescatable,2025040302734,https://www.cmfchile.cl/documentos/rfm/rfm_2025040302734.pdf,2025-04-22,2026-08-20
FM252505,2025-04-16,10743,FONDO DE INVERSIÓN FALCOM ANTARES BDC PRIVATE DEBT,FALCOM ADMINISTRADORA GENERAL DE FONDOS S.A.,Vigente,,Fondo Inversión No Rescatable,2026050353676,https://www.cmfchile.cl/documentos/rfm/rfm_2026050353676.pdf,2026-05-27,2026-08-20
FM252504,2025-04-11,10742,FONDO DE INVERSION LINK - HOLLYPORT IX,LINK CAPITAL PARTNERS ADMINISTRADORA GENERAL DE FONDOS S.A.,Vigente,,Fondo Inversión No Rescatable,2025070518707,https://www.cmfchile.cl/documentos/rfm/rfm_2025070518707.pdf,2025-07-24,2026-08-20
FM252503,2025-04-11,10741,VINCI COMPASS SPS IV FONDO DE INVERSIÓN,VINCI COMPASS S.A. ADMINISTRADORA GENERAL DE FONDOS,Vigente,,Fondo Inversión No Rescatable,2026060428630,https://www.cmfchile.cl/documentos/rfm/rfm_2026060428630.pdf,2026-06-30,2026-08-20
FM252502,2025-04-09,10740,FONDO DE INVERSIÓN BANCHILE DEUDA GLOBAL HIGH YIELD,BANCHILE ADMINISTRADORA GENERAL DE FONDOS S.A.,Vigente,,Fondo Inversión Rescatable,2025040270138,https://www.cmfchile.cl/documentos/rfm/rfm_2025040270138.pdf,2025-04-09,2026-08-20
FM252501,2025-04-07,10739,FONDO DE INVERSION LINK - DEUDA PRIVADA CUMPLO II,LINK CAPITAL PARTNERS ADMINISTRADORA GENERAL DE FONDOS S.A.,Vigente,,Fondo Inversión No Rescatable,2025070496400,https://www.cmfchile.cl/documentos/rfm/rfm_2025070496400.pdf,2025-07-14,2026-08-20
FM252500,2025-03-31,10738,BICE PRIVATE CREDIT FONDO DE INVERSIÓN,BICE INVERSIONES ADMINISTRADORA GENERAL DE FONDOS S.A.,Vigente,,Fondo Inversión No Rescatable,2026060429807,https://www.cmfchile.cl/documentos/rfm/rfm_2026060429807.pdf,2026-06-30,2026-08-20
FM252499,2025-03-28,10737,FONDO MUTUO SANTANDER ESTRUCTURADO AHORRO+ V,SANTANDER ASSET MANAGEMENT S.A. ADMINISTRADORA GENERAL DE FONDOS,Vigente,,Fondo Mutuo,2025030246530,https://www.cmfchile.cl/documentos/rfm/rfm_2025030246530.pdf,2025-03-31,2026-08-20
FM252498,2025-03-27,10736,FONDO DE INVERSIÓN ACTIVA FINANCIAMIENTO ESTRUCTURADO III,LARRAIN VIAL ACTIVOS S.A. ADMINISTRADORA GENERAL DE FONDOS,Vigente,,Fondo Inversión No Rescatable,2026070433355,https://www.cmfchile.cl/documentos/rfm/rfm_2026070433355.pdf,2026-07-01,2026-08-20
FM252497,2025-03-26,10735,FONDO MUTUO BCI ESTRUCTURADO UF VII,BCI ASSET MANAGEMENT ADMINISTRADORA  GENERAL DE FONDOS S.A.,Vigente,,Fondo Mutuo,2025030234160,https://www.cmfchile.cl/documentos/rfm/rfm_2025030234160.pdf,2025-03-26,2026-08-20
FM252496,2025-03-21,10734,FONDO DE INVERSIÓN CAPITAL ADVISORS DEUDA CONVERTIBLE,CAPITAL ADVISORS ADMINISTRADORA GENERAL DE FONDOS S.A.,Vigente,,Fondo Inversión No Rescatable,2025040293770,https://www.cmfchile.cl/documentos/rfm/rfm_2025040293770.pdf,2025-04-17,2026-08-20
FM252495,2025-03-11,10733,PICTON - KKR NA XIV FONDO DE INVERSIÓN,PICTON ADMINISTRADORA GENERAL DE FONDOS S.A.,Vigente,,Fondo Inversión No Rescatable,2025030186528,https://www.cmfchile.cl/documentos/rfm/rfm_2025030186528.pdf,2025-03-11,2026-08-20
FM252494,2025-03-10,10732,FONDO DE INVERSIÓN FALCOM ANTARES SENIOR LOAN FUND III,FALCOM ADMINISTRADORA GENERAL DE FONDOS S.A.,Vigente,,Fondo Inversión No Rescatable,2025080577226,https://www.cmfchile.cl/documentos/rfm/rfm_2025080577226.pdf,2025-08-18,2026-08-20
FM252493,2025-03-06,10731,VINCI COMPASS BCP ASIA III PRIVATE EQUITY FONDO DE INVERSIÓN,VINCI COMPASS S.A. ADMINISTRADORA GENERAL DE FONDOS,Vigente,,Fondo Inversión No Rescatable,2025030171312,https://www.cmfchile.cl/documentos/rfm/rfm_2025030171312.pdf,2025-03-06,2026-08-20
FM252492,2025-03-03,10730,AMERIS DEUDA DIRECTA DÓLAR HEDGE CLP FONDO DE INVERSIÓN,AMERIS CAPITAL ADMINISTRADORA GENERAL DE FONDOS S.A.,Vigente,,Fondo Inversión No Rescatable,2025030158340,https://www.cmfchile.cl/documentos/rfm/rfm_2025030158340.pdf,2025-03-03,2026-08-20
FM252490,2025-02-27,10728,BTG PACTUAL PIPE FONDO DE INVERSIÓN,BTG PACTUAL CHILE S.A. ADMINISTRADORA GENERAL DE FONDOS,No Vigente,,Fondo Inversión No Rescatable,2025020150694,https://www.cmfchile.cl/documentos/rfm/rfm_2025020150694.pdf,2025-02-27,2026-08-20
FM252491,2025-02-27,10729,FONDO MUTUO PRUDENTIAL ARRIESGADO,PRUDENTIAL ADMINISTRADORA GENERAL DE FONDOS S.A.,Vigente,,Fondo Mutuo,2026020125755,https://www.cmfchile.cl/documentos/rfm/rfm_2026020125755.pdf,2026-02-20,2026-08-20
FM252489,2025-02-26,10727,FONDO MUTUO PRUDENTIAL MODERADO,PRUDENTIAL ADMINISTRADORA GENERAL DE FONDOS S.A.,Vigente,,Fondo Mutuo,2026020125747,https://www.cmfchile.cl/documentos/rfm/rfm_2026020125747.pdf,2026-02-20,2026-08-20
FM252488,2025-02-19,10726,PICTON - KKR GLOBAL INFRASTRUCTURE V FONDO DE INVERSIÓN,PICTON ADMINISTRADORA GENERAL DE FONDOS S.A.,Vigente,,Fondo Inversión No Rescatable,2025020134718,https://www.cmfchile.cl/documentos/rfm/rfm_2025020134718.pdf,2025-02-19,2026-08-20
FM252487,2025-02-17,10725,ALZA TELCO FONDO DE INVERSIÓN,ALZA ADMINISTRADORA GENERAL DE FONDOS S.A.,Vigente,,Fondo Inversión No Rescatable,2025030216339,https://www.cmfchile.cl/documentos/rfm/rfm_2025030216339.pdf,2025-03-19,2026-08-20
FM252486,2025-02-07,10724,MONEDA ALTERNATIVES GLOBAL SOLUTIONS (MAGS) FONDO DE INVERSIÓN,MONEDA S.A. ADMINISTRADORA GENERAL DE FONDOS,Vigente,,Fondo Inversión No Rescatable,2025020107004,https://www.cmfchile.cl/documentos/rfm/rfm_2025020107004.pdf,2025-02-07,2026-08-20
FM252485,2025-01-31,10723,FONDO DE INVERSIÓN HMC RENDIMIENTO ESTRATÉGICO DÓLAR ACUMULACIÓN,HMC S.A. ADMINISTRADORA GENERAL DE FONDOS,Vigente,,Fondo Inversión No Rescatable,2026060423282,https://www.cmfchile.cl/documentos/rfm/rfm_2026060423282.pdf,2026-06-25,2026-08-20
FM252484,2025-01-31,10722,FONDO MUTUO SANTANDER DEUDA LATAM 2028,SANTANDER ASSET MANAGEMENT S.A. ADMINISTRADORA GENERAL DE FONDOS,Vigente,,Fondo Mutuo,2025050331389,https://www.cmfchile.cl/documentos/rfm/rfm_2025050331389.pdf,2025-05-05,2026-08-20
FM252483,2025-01-29,10721,FONDO MUTUO BANCOESTADO LIQUIDEZ XIII,BANCOESTADO S.A. ADMINISTRADORA  GENERAL DE FONDOS,Vigente,,Fondo Mutuo,2026030141663,https://www.cmfchile.cl/documentos/rfm/rfm_2026030141663.pdf,2026-03-01,2026-08-20
FM252482,2025-01-28,10720,FONDO MUTUO SANTANDER RENTA CORTO PLAZO DÓLAR,SANTANDER ASSET MANAGEMENT S.A. ADMINISTRADORA GENERAL DE FONDOS,Vigente,,Fondo Mutuo,2025070524415,https://www.cmfchile.cl/documentos/rfm/rfm_2025070524415.pdf,2025-07-28,2026-08-20
FM252481,2025-01-27,10719,PICTON - HAMILTON LANE EQUITY OPPORTUNITIES VI FONDO DE INVERSIÓN,PICTON ADMINISTRADORA GENERAL DE FONDOS S.A.,Vigente,,Fondo Inversión No Rescatable,2026040264367,https://www.cmfchile.cl/documentos/rfm/rfm_2026040264367.pdf,2026-04-16,2026-08-20
FM252479,2025-01-23,10717,FONDO DE INVERSIÓN SECURITY GNP IV USD,ADMINISTRADORA GENERAL DE FONDOS  SECURITY S.A.,Vigente,,Fondo Inversión No Rescatable,2025010054738,https://www.cmfchile.cl/documentos/rfm/rfm_2025010054738.pdf,2025-01-23,2026-08-20
FM252480,2025-01-23,10718,FONDO DE INVERSIÓN SECURITY GNP IV CLP,ADMINISTRADORA GENERAL DE FONDOS  SECURITY S.A.,Vigente,,Fondo Inversión No Rescatable,2025010054771,https://www.cmfchile.cl/documentos/rfm/rfm_2025010054771.pdf,2025-01-23,2026-08-20
FM252478,2025-01-20,10716,PICTON - EQT BPEA IX FONDO DE INVERSIÓN,PICTON ADMINISTRADORA GENERAL DE FONDOS S.A.,Vigente,,Fondo Inversión No Rescatable,2026030175477,https://www.cmfchile.cl/documentos/rfm/rfm_2026030175477.pdf,2026-03-12,2026-08-20
FM252477,2025-01-20,10715,VOLCOMCAPITAL ACTIVOS II FONDO DE INVERSIÓN,XLC ADMINISTRADORA GENERAL DE FONDOS S.A.,Vigente,,Fondo Inversión No Rescatable,2026060426167,https://www.cmfchile.cl/documentos/rfm/rfm_2026060426167.pdf,2026-06-26,2026-08-20
FM252476,2025-01-20,10714,FONDO DE INVERSION SANTANDER SPRUCEVIEW LMM US BUYOUT,SANTANDER ASSET MANAGEMENT S.A. ADMINISTRADORA GENERAL DE FONDOS,No Vigente,,Fondo Inversión No Rescatable,2025020122541,https://www.cmfchile.cl/documentos/rfm/rfm_2025020122541.pdf,2025-02-13,2026-08-20
FM252475,2025-01-20,10713,FONDO DE INVERSIÓN HMC VARENNE,HMC S.A. ADMINISTRADORA GENERAL DE FONDOS,No Vigente,,Fondo Inversión Rescatable,2025010032109,https://www.cmfchile.cl/documentos/rfm/rfm_2025010032109.pdf,2025-01-20,2026-08-20
FM252474,2025-01-03,10712,AVANTE DEUDA CON LIQUIDEZ FONDO DE INVERSIÓN,AVANTE ADMINISTRADORA GENERAL DE FONDOS S.A.,No Vigente,,Fondo Inversión Rescatable,2025100674939,https://www.cmfchile.cl/documentos/rfm/rfm_2025100674939.pdf,2025-10-02,2026-08-20
FM252473,2025-01-03,10711,FONDO DE INVERSIÓN VANTRUST MULTIFAMILY USA FEEDER,VANTRUST CAPITAL ADMINISTRADORA GENERAL DE FONDOS S.A.,No Vigente,,Fondo Inversión No Rescatable,2025010004500,https://www.cmfchile.cl/documentos/rfm/rfm_2025010004500.pdf,2025-01-03,2026-08-20
FM252472,2025-01-03,10710,FONDO DE INVERSIÓN VANTRUST MULTIFAMILY INMOBILIARIO FEEDER,VANTRUST CAPITAL ADMINISTRADORA GENERAL DE FONDOS S.A.,No Vigente,,Fondo Inversión No Rescatable,2025020099667,https://www.cmfchile.cl/documentos/rfm/rfm_2025020099667.pdf,2025-02-05,2026-08-20
FM242471,2024-12-31,10709,FRONTAL TRUST FINANCIAMIENTO GALGO FONDO DE INVERSIÓN,FRONTAL TRUST ADMINISTRADORA GENERAL DE FONDOS S.A.,Vigente,,Fondo Inversión No Rescatable,2026030205167,https://www.cmfchile.cl/documentos/rfm/rfm_2026030205167.pdf,2026-03-25,2026-08-20
FM242470,2024-12-27,10708,FONDO DE INVERSIÓN LINK – DEUDA PRIVADA RENTAS ERNC II,LINK CAPITAL PARTNERS ADMINISTRADORA GENERAL DE FONDOS S.A.,Vigente,,Fondo Inversión No Rescatable,2025040318339,https://www.cmfchile.cl/documentos/rfm/rfm_2025040318339.pdf,2026-07-28,2026-08-20
FM242469,2024-12-26,10707,VINCI COMPASS OEP IX PRIVATE EQUITY FONDO DE INVERSIÓN,VINCI COMPASS S.A. ADMINISTRADORA GENERAL DE FONDOS,Vigente,,Fondo Inversión No Rescatable,2026060428649,https://www.cmfchile.cl/documentos/rfm/rfm_2026060428649.pdf,2026-06-30,2026-08-20
FM242468,2024-12-18,10706,AMERIS NORDIC EVO II FONDO DE INVERSIÓN,AMERIS CAPITAL ADMINISTRADORA GENERAL DE FONDOS S.A.,Vigente,,Fondo Inversión No Rescatable,2025050373977,https://www.cmfchile.cl/documentos/rfm/rfm_2025050373977.pdf,2025-05-27,2026-08-20
FM242467,2024-12-11,10705,FONDO DE INVERSIÓN ACTIVA ESTRATEGIA AUTOMOTRIZ IV,LARRAIN VIAL ACTIVOS S.A. ADMINISTRADORA GENERAL DE FONDOS,Vigente,,Fondo Inversión No Rescatable,2025080556388,https://www.cmfchile.cl/documentos/rfm/rfm_2025080556388.pdf,2025-08-08,2026-08-20
FM242466,2024-12-09,10704,FONDO DE INVERSIÓN FYNSA PANTHEON PGPE,FYNSA ADMINISTRADORA GENERAL DE FONDOS S.A.,Vigente,,Fondo Inversión No Rescatable,2025110777368,https://www.cmfchile.cl/documentos/rfm/rfm_2025110777368.pdf,2025-11-07,2026-08-20
FM242465,2024-11-28,10703,CHL RE BROOKLYN VALUE-ADD II FONDO DE INVERSIÓN,MBI ADMINISTRADORA GENERAL DE FONDOS S.A.,Vigente,,Fondo Inversión No Rescatable,2026040250396,https://www.cmfchile.cl/documentos/rfm/rfm_2026040250396.pdf,2026-04-10,2026-08-20
FM242464,2024-11-22,10702,FONDO DE INVERSIÓN FALCOM GTCR SGF II,FALCOM ADMINISTRADORA GENERAL DE FONDOS S.A.,Vigente,,Fondo Inversión No Rescatable,2025060432757,https://www.cmfchile.cl/documentos/rfm/rfm_2025060432757.pdf,2025-06-24,2026-08-20
FM242463,2024-11-22,10701,FONDO MUTUO PRINCIPAL VISIÓN MONEY MARKET DÓLAR,PRINCIPAL ASSET MANAGEMENT ADMINISTRADORA GENERAL DE FONDOS S.A.,Vigente,,Fondo Mutuo,2025120840870,https://www.cmfchile.cl/documentos/rfm/rfm_2025120840870.pdf,2025-12-01,2026-08-20
FM242462,2024-11-21,10700,FONDO MUTUO BCI ESTRUCTURADO UF VI,BCI ASSET MANAGEMENT ADMINISTRADORA  GENERAL DE FONDOS S.A.,Vigente,,Fondo Mutuo,2024110612350,https://www.cmfchile.cl/documentos/rfm/rfm_2024110612350.pdf,2024-11-21,2026-08-20
FM242461,2024-11-19,10699,AMERIS CESL III FONDO DE INVERSIÓN,AMERIS CAPITAL ADMINISTRADORA GENERAL DE FONDOS S.A.,Vigente,,Fondo Inversión No Rescatable,2024110604620,https://www.cmfchile.cl/documentos/rfm/rfm_2024110604620.pdf,2024-11-19,2026-08-20
FM242460,2024-11-15,10698,FONDO DE INVERSIÓN CMB-LV DIGITAL INFRA I,CMB-PRIME ADMINISTRADORA GENERAL DE FONDOS S.A.,Vigente,,Fondo Inversión No Rescatable,2024110595046,https://www.cmfchile.cl/documentos/rfm/rfm_2024110595046.pdf,2024-11-15,2026-08-20
FM242459,2024-11-15,10697,FONDO DE INVERSIÓN CMB-LV DIGITAL INFRA I,CMB-PRIME ADMINISTRADORA GENERAL DE FONDOS S.A.,No Vigente,,Fondo Inversión No Rescatable,2024110593167,https://www.cmfchile.cl/documentos/rfm/rfm_2024110593167.pdf,2024-11-15,2026-08-20
FM242458,2024-11-13,10696,FRONTAL TRUST DESARROLLOS INDUSTRIALES I FONDO DE INVERSIÓN,FRONTAL TRUST ADMINISTRADORA GENERAL DE FONDOS S.A.,Vigente,,Fondo Inversión No Rescatable,2025100672790,https://www.cmfchile.cl/documentos/rfm/rfm_2025100672790.pdf,2025-10-01,2026-08-20
FM242457,2024-11-13,10695,FRONTAL TRUST FUNDAMENTA DESARROLLO INMOBILIARIO XX FONDO DE INVERSIÓN,FRONTAL TRUST ADMINISTRADORA GENERAL DE FONDOS S.A.,Vigente,,Fondo Inversión No Rescatable,2025100739033,https://www.cmfchile.cl/documentos/rfm/rfm_2025100739033.pdf,2025-10-23,2026-08-20
FM242456,2024-11-11,10694,MONEDA GSI RENTAS TRANSICIÓN ENERGÉTICA II FONDO DE INVERSIÓN,MONEDA S.A. ADMINISTRADORA GENERAL DE FONDOS,Vigente,,Fondo Inversión No Rescatable,2026070439122,https://www.cmfchile.cl/documentos/rfm/rfm_2026070439122.pdf,2026-07-03,2026-08-20
FM242455,2024-11-11,10693,FONDO DE INVERSION NEVASA GESTION INMOBILIARIA VIII,NVS ADMINISTRADORA GENERAL DE FONDOS S.A.,Vigente,,Fondo Inversión No Rescatable,2024120675244,https://www.cmfchile.cl/documentos/rfm/rfm_2024120675244.pdf,2024-12-06,2026-08-20
FM242454,2024-11-08,10692,AMERIS LEASING HABITACIONAL FONDO DE INVERSIÓN.,AMERIS CAPITAL ADMINISTRADORA GENERAL DE FONDOS S.A.,Vigente,,Fondo Inversión No Rescatable,2025050343487,https://www.cmfchile.cl/documentos/rfm/rfm_2025050343487.pdf,2025-05-12,2026-08-20
FM242453,2024-11-06,10691,FRONTAL TRUST DEUDA PRIVADA CON GARANTÍAS INMOBILIARIAS FONDO DE  INVERSIÓN,FRONTAL TRUST ADMINISTRADORA GENERAL DE FONDOS S.A.,No Vigente,Liquidado,Fondo Inversión No Rescatable,2024120663768,https://www.cmfchile.cl/documentos/rfm/rfm_2024120663768.pdf,2024-12-02,2026-08-20
FM242452,2024-11-06,10690,FRONTAL TRUST FINANCIAMIENTO HIPOTECARIO CON SUBSIDIO HABITACIONAL FONDO DE INVERSIÓN,FRONTAL TRUST ADMINISTRADORA GENERAL DE FONDOS S.A.,No Vigente,,Fondo Inversión No Rescatable,2024120663791,https://www.cmfchile.cl/documentos/rfm/rfm_2024120663791.pdf,2024-12-03,2026-08-20
FM242450,2024-11-04,10688,FONDO DE INVERSIÓN SECURITY DEUDA DINÁMICA,ADMINISTRADORA GENERAL DE FONDOS  SECURITY S.A.,No Vigente,,Fondo Inversión No Rescatable,2025010029643,https://www.cmfchile.cl/documentos/rfm/rfm_2025010029643.pdf,2025-01-16,2026-08-20
FM242451,2024-11-04,10689,FRONTAL TRUST MERCADO PAGO CRÉDITOS FONDO DE INVERSIÓN,FRONTAL TRUST ADMINISTRADORA GENERAL DE FONDOS S.A.,Vigente,,Fondo Inversión No Rescatable,2026050322086,https://www.cmfchile.cl/documentos/rfm/rfm_2026050322086.pdf,2026-05-11,2026-08-20
FM242449,2024-10-30,10687,FONDO DE INVERSIÓN RENTA COMERCIAL PRINCIPAL BICENTENARIO FULLY FUNDED,PRINCIPAL ASSET MANAGEMENT ADMINISTRADORA GENERAL DE FONDOS S.A.,No Vigente,,Fondo Inversión No Rescatable,2024110573663,https://www.cmfchile.cl/documentos/rfm/rfm_2024110573663.pdf,2024-11-07,2026-08-20
FM242448,2024-10-29,10686,FONDO DE INVERSIÓN FYNSA PANTHEON PSD III,FYNSA ADMINISTRADORA GENERAL DE FONDOS S.A.,No Vigente,,Fondo Inversión No Rescatable,2024100561054,https://www.cmfchile.cl/documentos/rfm/rfm_2024100561054.pdf,2024-10-29,2026-08-20
FM242447,2024-10-24,10685,FONDO DE INVERSIÓN RENTA COMERCIAL PRINCIPAL BICENTENARIO,PRINCIPAL ASSET MANAGEMENT ADMINISTRADORA GENERAL DE FONDOS S.A.,No Vigente,,Fondo Inversión No Rescatable,2025010080316,https://www.cmfchile.cl/documentos/rfm/rfm_2025010080316.pdf,2025-01-29,2026-08-20
FM242446,2024-10-18,10684,FONDO DE INVERSIÓN AUBREY GLOBAL EMERGING MARKETS,LARRAINVIAL ASSET MANAGEMENT ADMINISTRADORA GENERAL DE FONDOS S.A.,No Vigente,,Fondo Inversión Rescatable,2025020153084,https://www.cmfchile.cl/documentos/rfm/rfm_2025020153084.pdf,2025-02-28,2026-08-20
FM242445,2024-10-15,10683,MBI DEUDA PRIVADA IV FONDO DE INVERSIÓN,MBI ADMINISTRADORA GENERAL DE FONDOS S.A.,Vigente,,Fondo Inversión No Rescatable,2025040289507,https://www.cmfchile.cl/documentos/rfm/rfm_2025040289507.pdf,2025-04-16,2026-08-20
FM242444,2024-10-09,10682,FONDO DE INVERSIÓN LINK – EURO RETORNO PREFERENTE,LINK CAPITAL PARTNERS ADMINISTRADORA GENERAL DE FONDOS S.A.,Vigente,,Fondo Inversión No Rescatable,2025120900794,https://www.cmfchile.cl/documentos/rfm/rfm_2025120900794.pdf,2025-12-24,2026-08-20
FM242443,2024-10-07,10681,FONDO DE INVERSIÓN HMC CIP IX,HMC S.A. ADMINISTRADORA GENERAL DE FONDOS,Vigente,,Fondo Inversión No Rescatable,2025120883703,https://www.cmfchile.cl/documentos/rfm/rfm_2025120883703.pdf,2025-12-16,2026-08-20
FM242442,2024-10-07,10680,FONDO MUTUO BTG PACTUAL ESTRUCTURADO UF VI,BTG PACTUAL CHILE S.A. ADMINISTRADORA GENERAL DE FONDOS,Vigente,,Fondo Mutuo,2024100517143,https://www.cmfchile.cl/documentos/rfm/rfm_2024100517143.pdf,2024-10-07,2026-08-20
FM242441,2024-10-03,10679,FONDO MUTUO SCOTIA ESTRUCTURADO DEUDA UF III,SCOTIA  ADMINISTRADORA GENERAL DE FONDOS CHILE S.A.,No Vigente,,Fondo Mutuo,2024100547969,https://www.cmfchile.cl/documentos/rfm/rfm_2024100547969.pdf,2024-10-23,2026-08-20
FM242440,2024-09-27,10678,BTG PACTUAL DEUDA PRIVADA INMOBILIARIA II FONDO DE INVERSIÓN,BTG PACTUAL CHILE S.A. ADMINISTRADORA GENERAL DE FONDOS,Vigente,,Fondo Inversión No Rescatable,2025010012085,https://www.cmfchile.cl/documentos/rfm/rfm_2025010012085.pdf,2025-01-08,2026-08-20
FM242439,2024-09-26,10677,MONEDA PATRIA AP FONDO DE INVERSION,MONEDA S.A. ADMINISTRADORA GENERAL DE FONDOS,Vigente,,Fondo Inversión No Rescatable,2026060366317,https://www.cmfchile.cl/documentos/rfm/rfm_2026060366317.pdf,2026-06-02,2026-08-20
FM242438,2024-09-25,10676,BTG PACTUAL DEUDA HABITACIONAL FONDO DE INVERSIÓN,BTG PACTUAL CHILE S.A. ADMINISTRADORA GENERAL DE FONDOS,No Vigente,,Fondo Inversión No Rescatable,2024090497138,https://www.cmfchile.cl/documentos/rfm/rfm_2024090497138.pdf,2024-09-25,2026-08-20
FM242437,2024-09-24,10675,FONDO DE INVERSIÓN BCI LH Y MHE III,BCI ASSET MANAGEMENT ADMINISTRADORA  GENERAL DE FONDOS S.A.,Vigente,,Fondo Inversión No Rescatable,2025010001861,https://www.cmfchile.cl/documentos/rfm/rfm_2025010001861.pdf,2025-01-02,2026-08-20
FM242436,2024-09-23,10674,FONDO DE INVERSIÓN FALCOM FINANCIAMIENTO INMOBILIARIO,FALCOM ADMINISTRADORA GENERAL DE FONDOS S.A.,No Vigente,,Fondo Inversión No Rescatable,2024090494183,https://www.cmfchile.cl/documentos/rfm/rfm_2024090494183.pdf,2024-09-23,2026-08-20
FM242435,2024-09-10,10673,FONDO DE INVERSIÓN CAPITAL ADVISORS INFRAESTRUCTURA I,CAPITAL ADVISORS ADMINISTRADORA GENERAL DE FONDOS S.A.,No Vigente,,Fondo Inversión No Rescatable,2025080540391,https://www.cmfchile.cl/documentos/rfm/rfm_2025080540391.pdf,2025-08-02,2026-08-20
FM242434,2024-09-06,10672,FRONTAL TRUST FUNDAMENTA DESARROLLO INMOBILIARIO XVI FONDO DE INVERSIÓN,FRONTAL TRUST ADMINISTRADORA GENERAL DE FONDOS S.A.,Vigente,,Fondo Inversión No Rescatable,2026060381113,https://www.cmfchile.cl/documentos/rfm/rfm_2026060381113.pdf,2026-06-08,2026-08-20
FM242433,2024-09-03,10671,FONDO DE INVERSIÓN LARRAINVIAL RETORNO LOCAL,LARRAINVIAL ASSET MANAGEMENT ADMINISTRADORA GENERAL DE FONDOS S.A.,Vigente,,Fondo Inversión No Rescatable,2025090645097,https://www.cmfchile.cl/documentos/rfm/rfm_2025090645097.pdf,2025-09-23,2026-08-20
FM242432,2024-09-02,10670,FONDO DE INVERSIÓN INVINSA DESARROLLO INDUSTRIAL,INVINSA ADMINISTRADORA GENERAL DE FONDOS S.A.,Vigente,,Fondo Inversión No Rescatable,2025060419964,https://www.cmfchile.cl/documentos/rfm/rfm_2025060419964.pdf,2025-06-17,2026-08-20
FM242431,2024-08-30,10669,VOLCOMCAPITAL ALTERNATIVOS I FONDO DE INVERSIÓN,XLC ADMINISTRADORA GENERAL DE FONDOS S.A.,Vigente,,Fondo Inversión No Rescatable,2026060426375,https://www.cmfchile.cl/documentos/rfm/rfm_2026060426375.pdf,2026-06-26,2026-08-20
FM242428,2024-08-29,10666,FONDO DE INVERSIÓN SECURITY DRIFTWOOD COMMON EQUITY,ADMINISTRADORA GENERAL DE FONDOS  SECURITY S.A.,Vigente,,Fondo Inversión No Rescatable,2024080454263,https://www.cmfchile.cl/documentos/rfm/rfm_2024080454263.pdf,2024-08-29,2026-08-20
FM242430,2024-08-29,10668,VINCI COMPASS BXLS VI PRIVATE EQUITY FONDO DE INVERSIÓN,VINCI COMPASS S.A. ADMINISTRADORA GENERAL DE FONDOS,Vigente,,Fondo Inversión No Rescatable,2026060428635,https://www.cmfchile.cl/documentos/rfm/rfm_2026060428635.pdf,2026-06-30,2026-08-20
FM242429,2024-08-29,10667,FONDO DE INVERSIÓN SECURITY DRIFTWOOD PREFERRED EQUITY,ADMINISTRADORA GENERAL DE FONDOS  SECURITY S.A.,Vigente,,Fondo Inversión No Rescatable,2024080454737,https://www.cmfchile.cl/documentos/rfm/rfm_2024080454737.pdf,2024-08-29,2026-08-20
FM242427,2024-08-12,10665,FONDO MUTUO BICE ESTRUCTURADO UF VIII,BICE INVERSIONES ADMINISTRADORA GENERAL DE FONDOS S.A.,Vigente,,Fondo Mutuo,2024080419213,https://www.cmfchile.cl/documentos/rfm/rfm_2024080419213.pdf,2024-08-12,2026-08-20
FM242426,2024-08-07,10664,FONDO MUTUO SURA CARTERA PATRIMONIAL CONSERVADORA,ADMINISTRADORA GENERAL DE FONDOS SURA S.A.,Vigente,,Fondo Mutuo,2026010023716,https://www.cmfchile.cl/documentos/rfm/rfm_2026010023716.pdf,2026-01-12,2026-08-20
FM242425,2024-08-07,10663,FONDO DE INVERSIÓN FYNSA DEUDA INMOBILIARIA III,FYNSA ADMINISTRADORA GENERAL DE FONDOS S.A.,Vigente,,Fondo Inversión No Rescatable,2024080409948,https://www.cmfchile.cl/documentos/rfm/rfm_2024080409948.pdf,2024-08-07,2026-08-20
FM242424,2024-08-06,10662,FONDO DE INVERSIÓN FYNSA PRIVATE DEBT,FYNSA ADMINISTRADORA GENERAL DE FONDOS S.A.,No Vigente,,Fondo Inversión No Rescatable,2024080406877,https://www.cmfchile.cl/documentos/rfm/rfm_2024080406877.pdf,2024-08-06,2026-08-20
FM242423,2024-08-06,10661,FONDO MUTUO SCOTIA ESTRUCTURADO DEUDA UF II,SCOTIA  ADMINISTRADORA GENERAL DE FONDOS CHILE S.A.,No Vigente,,Fondo Mutuo,2026020077764,https://www.cmfchile.cl/documentos/rfm/rfm_2026020077764.pdf,2026-02-02,2026-08-20
FM242422,2024-08-06,10660,FONDO DE INVERSION ETF SINGULAR CORTA DURACION USD,SINGULAR ASSET MANAGEMENT ADMINISTRADORA GENERAL DE FONDOS S.A.,Vigente,,Fondo Inversión Rescatable,2026070497413,https://www.cmfchile.cl/documentos/rfm/rfm_2026070497413.pdf,2026-07-30,2026-08-20
FM242420,2024-08-01,10659,BICE THOMA BRAVO XVI FONDO DE INVERSIÓN,BICE INVERSIONES ADMINISTRADORA GENERAL DE FONDOS S.A.,Vigente,,Fondo Inversión No Rescatable,2026060394752,https://www.cmfchile.cl/documentos/rfm/rfm_2026060394752.pdf,2026-06-12,2026-08-20
FM242419,2024-07-31,10658,FONDO MUTUO TOESCA HOLDO ACCIONES CHILE,TOESCA S.A.  ADMINISTRADORA GENERAL DE FONDOS,Vigente,,Fondo Mutuo,2026010056511,https://www.cmfchile.cl/documentos/rfm/rfm_2026010056511.pdf,2026-01-22,2026-08-20
FM242418,2024-07-26,10657,BTG PACTUAL VENTURE DEBT III FONDO DE INVERSIÓN,BTG PACTUAL CHILE S.A. ADMINISTRADORA GENERAL DE FONDOS,Vigente,,Fondo Inversión No Rescatable,2025010087209,https://www.cmfchile.cl/documentos/rfm/rfm_2025010087209.pdf,2025-01-31,2026-08-20
FM242417,2024-07-22,10656,FONDO DE INVERSIÓN FYNSA DEUDA TÁCTICA,FYNSA ADMINISTRADORA GENERAL DE FONDOS S.A.,Vigente,,Fondo Inversión Rescatable,2024080433863,https://www.cmfchile.cl/documentos/rfm/rfm_2024080433863.pdf,2024-08-20,2026-08-20
FM242416,2024-07-19,10655,VOLCOMCAPITAL PE SECONDARY V FONDO DE INVERSIÓN,VOLCOMCAPITAL ADMINISTRADORA GENERAL DE FONDOS S.A.,Vigente,,Fondo Inversión No Rescatable,2026060420235,https://www.cmfchile.cl/documentos/rfm/rfm_2026060420235.pdf,2026-06-24,2026-08-20
FM242414,2024-07-15,10653,FONDO DE INVERSIÓN BCI APOLLO ALIGNED ALTERNATIVES ACCESS FUND,BCI ASSET MANAGEMENT ADMINISTRADORA  GENERAL DE FONDOS S.A.,Vigente,,Fondo Inversión No Rescatable,2025120903013,https://www.cmfchile.cl/documentos/rfm/rfm_2025120903013.pdf,2025-12-29,2026-08-20
FM242415,2024-07-11,10654,ALZA DEDALO FONDO DE INVERSION,ALZA ADMINISTRADORA GENERAL DE FONDOS S.A.,Vigente,,Fondo Inversión No Rescatable,2024080442424,https://www.cmfchile.cl/documentos/rfm/rfm_2024080442424.pdf,2024-08-22,2026-08-20
FM242413,2024-07-11,10652,FONDO DE INVERSIÓN VANTRUST CLC,VANTRUST CAPITAL ADMINISTRADORA GENERAL DE FONDOS S.A.,No Vigente,,Fondo Inversión No Rescatable,2024070387469,https://www.cmfchile.cl/documentos/rfm/rfm_2024070387469.pdf,2024-07-26,2026-08-20
FM242412,2024-07-10,10651,FONDO DE INVERSIÓN ACTIVA DEUDA AUTOMOTRIZ GLOBAL III,LARRAIN VIAL ACTIVOS S.A. ADMINISTRADORA GENERAL DE FONDOS,Vigente,,Fondo Inversión No Rescatable,2024070359585,https://www.cmfchile.cl/documentos/rfm/rfm_2024070359585.pdf,2024-07-10,2026-08-20
FM242411,2024-07-04,10650,FONDO DE INVERSIÓN HMC BITCOIN,HMC S.A. ADMINISTRADORA GENERAL DE FONDOS,Vigente,,Fondo Inversión Rescatable,2026020141119,https://www.cmfchile.cl/documentos/rfm/rfm_2026020141119.pdf,2026-02-27,2026-08-20
FM242410,2024-07-04,10649,FONDO DE INVERSIÓN SECURITY DEUDA PRIVADA AUTOMOTRIZ III,ADMINISTRADORA GENERAL DE FONDOS  SECURITY S.A.,Vigente,,Fondo Inversión No Rescatable,2026070437831,https://www.cmfchile.cl/documentos/rfm/rfm_2026070437831.pdf,2026-07-03,2026-08-20
FM242409,2024-07-04,10648,FONDO DE INVERSIÓN SECURITY DEUDA PRIVADA AUTOMOTRIZ III FULLY FUNDED,ADMINISTRADORA GENERAL DE FONDOS  SECURITY S.A.,Vigente,,Fondo Inversión No Rescatable,2024070351714,https://www.cmfchile.cl/documentos/rfm/rfm_2024070351714.pdf,2024-07-04,2026-08-20
FM242407,2024-07-03,10646,FONDO MUTUO PRUDENTIAL CORPORATIVO PESOS,PRUDENTIAL ADMINISTRADORA GENERAL DE FONDOS S.A.,No Vigente,,Fondo Mutuo,2024090480803,https://www.cmfchile.cl/documentos/rfm/rfm_2024090480803.pdf,2024-09-11,2026-08-20
FM242408,2024-07-03,10647,MBI RETORNO INMOBILIARIO PREFERENTE FONDO DE INVERSIÓN,MBI ADMINISTRADORA GENERAL DE FONDOS S.A.,Vigente,,Fondo Inversión No Rescatable,2024070363397,https://www.cmfchile.cl/documentos/rfm/rfm_2024070363397.pdf,2024-07-12,2026-08-20
FM242406,2024-07-02,10645,NEORENTAS DIECISÉIS FONDO DE INVERSIÓN,NEORENTAS S.A. ADMINISTRADORA GENERAL DE FONDOS,Vigente,,Fondo Inversión No Rescatable,2024070346264,https://www.cmfchile.cl/documentos/rfm/rfm_2024070346264.pdf,2024-07-02,2026-08-20
FM242405,2024-06-19,10644,MONEDA NAUTIC PARTNERS XI FONDO DE INVERSIÓN,MONEDA S.A. ADMINISTRADORA GENERAL DE FONDOS,Vigente,,Fondo Inversión No Rescatable,2024070352194,https://www.cmfchile.cl/documentos/rfm/rfm_2024070352194.pdf,2024-07-04,2026-08-20
FM242404,2024-06-13,10643,AMERIS DEUDA PRIVADA CON GARANTÍA FOGAPE FONDO DE INVERSIÓN,AMERIS CAPITAL ADMINISTRADORA GENERAL DE FONDOS S.A.,Vigente,,Fondo Inversión No Rescatable,2026030165608,https://www.cmfchile.cl/documentos/rfm/rfm_2026030165608.pdf,2026-03-09,2026-08-20
FM242403,2024-06-13,10642,FONDO DE INVERSIÓN ACTIVA RENTAS ERNC I,LARRAIN VIAL ACTIVOS S.A. ADMINISTRADORA GENERAL DE FONDOS,No Vigente,,Fondo Inversión No Rescatable,2024060320147,https://www.cmfchile.cl/documentos/rfm/rfm_2024060320147.pdf,2024-06-13,2026-08-20
FM242402,2024-06-13,10641,BTG PACTUAL DEUDA ESTRATÉGICA FONDO DE INVERSIÓN,BTG PACTUAL CHILE S.A. ADMINISTRADORA GENERAL DE FONDOS,Vigente,,Fondo Inversión No Rescatable,2026050318178,https://www.cmfchile.cl/documentos/rfm/rfm_2026050318178.pdf,2026-05-08,2026-08-20
FM242401,2024-06-10,10640,FONDO DE INVERSIÓN ETF SINGULAR CHILE LARGO PLAZO,SINGULAR ASSET MANAGEMENT ADMINISTRADORA GENERAL DE FONDOS S.A.,Vigente,,Fondo Inversión Rescatable,2024120690557,https://www.cmfchile.cl/documentos/rfm/rfm_2024120690557.pdf,2024-12-16,2026-08-20
FM242400,2024-06-05,10639,FONDO DE INVERSIÓN ACTIVA DEUDA HIPOTECARIA CON SUBSIDIO HABITACIONAL IV,LARRAIN VIAL ACTIVOS S.A. ADMINISTRADORA GENERAL DE FONDOS,Vigente,,Fondo Inversión No Rescatable,2025070517740,https://www.cmfchile.cl/documentos/rfm/rfm_2025070517740.pdf,2025-07-24,2026-08-20
FM242399,2024-06-05,10638,FONDO MUTUO BICE ESTRUCTURADO DÓLAR II,BICE INVERSIONES ADMINISTRADORA GENERAL DE FONDOS S.A.,No Vigente,Liquidado,Fondo Mutuo,2024060306343,https://www.cmfchile.cl/documentos/rfm/rfm_2024060306343.pdf,2024-06-05,2026-08-20
FM242397,2024-06-03,10636,VOLCOMCAPITAL INFRAESTRUCTURA IV FONDO DE INVERSION,VOLCOMCAPITAL ADMINISTRADORA GENERAL DE FONDOS S.A.,Vigente,,Fondo Inversión No Rescatable,2025050348054,https://www.cmfchile.cl/documentos/rfm/rfm_2025050348054.pdf,2025-05-13,2026-08-20
FM242398,2024-06-03,10637,VOLCOMCAPITAL ACTIVOS I FONDO DE INVERSIÓN,XLC ADMINISTRADORA GENERAL DE FONDOS S.A.,Vigente,,Fondo Inversión No Rescatable,2026060425893,https://www.cmfchile.cl/documentos/rfm/rfm_2026060425893.pdf,2026-06-26,2026-08-20
FM242396,2024-05-31,10635,VINCI COMPASS LMMI V PRIVATE EQUITY FONDO DE INVERSIÓN,VINCI COMPASS S.A. ADMINISTRADORA GENERAL DE FONDOS,Vigente,,Fondo Inversión No Rescatable,2026060428647,https://www.cmfchile.cl/documentos/rfm/rfm_2026060428647.pdf,2026-06-30,2026-08-20
FM242395,2024-05-30,10634,FONDO MUTUO BANCOESTADO LIQUIDEZ XIV,BANCOESTADO S.A. ADMINISTRADORA  GENERAL DE FONDOS,Vigente,,Fondo Mutuo,2026070431952,https://www.cmfchile.cl/documentos/rfm/rfm_2026070431952.pdf,2026-07-01,2026-08-20
FM242394,2024-05-30,10633,FONDO MUTUO BANCOESTADO LIQUIDEZ XII,BANCOESTADO S.A. ADMINISTRADORA  GENERAL DE FONDOS,Vigente,,Fondo Mutuo,2026010026197,https://www.cmfchile.cl/documentos/rfm/rfm_2026010026197.pdf,2026-01-13,2026-08-20
FM242393,2024-05-24,10632,FONDO MUTUO BANCHILE PORTAFOLIO AHORRO DÓLAR CORTO PLAZO,BANCHILE ADMINISTRADORA GENERAL DE FONDOS S.A.,Vigente,,Fondo Mutuo,2024050287529,https://www.cmfchile.cl/documentos/rfm/rfm_2024050287529.pdf,2024-05-24,2026-08-20
FM242392,2024-05-24,10631,FONDO DE INVERSIÓN ACTIVA ESTRATEGIA AUTOMOTRIZ III,LARRAIN VIAL ACTIVOS S.A. ADMINISTRADORA GENERAL DE FONDOS,Vigente,,Fondo Inversión No Rescatable,2024050287117,https://www.cmfchile.cl/documentos/rfm/rfm_2024050287117.pdf,2024-05-24,2026-08-20
FM242391,2024-05-24,10630,FONDO DE INVERSIÓN ACTIVA MOVILIDAD II,LARRAIN VIAL ACTIVOS S.A. ADMINISTRADORA GENERAL DE FONDOS,Vigente,,Fondo Inversión No Rescatable,2024060342218,https://www.cmfchile.cl/documentos/rfm/rfm_2024060342218.pdf,2024-06-28,2026-08-20
FM242390,2024-05-22,10629,FONDO DE INVERSIÓN SECURITY DEUDA PRIVADA ULH,ADMINISTRADORA GENERAL DE FONDOS  SECURITY S.A.,No Vigente,,Fondo Inversión No Rescatable,2024050280941,https://www.cmfchile.cl/documentos/rfm/rfm_2024050280941.pdf,2024-05-22,2026-08-20
FM242389,2024-05-15,10628,FONDO DE INVERSION LINK - FUNDAMENTA RETORNO PREFERENTE,LINK CAPITAL PARTNERS ADMINISTRADORA GENERAL DE FONDOS S.A.,Vigente,,Fondo Inversión No Rescatable,2025050352151,https://www.cmfchile.cl/documentos/rfm/rfm_2025050352151.pdf,2025-05-15,2026-08-20
FM242387,2024-05-07,10626,AMERIS FINANCIAMIENTO PARA ACCESO A LA VIVIENDA II FONDO DE INVERSIÓN.,AMERIS CAPITAL ADMINISTRADORA GENERAL DE FONDOS S.A.,Vigente,,Fondo Inversión No Rescatable,2024050262284,https://www.cmfchile.cl/documentos/rfm/rfm_2024050262284.pdf,2024-05-08,2026-08-20
FM242388,2024-05-07,10627,AMERIS DEUDA DIRECTA DÓLAR FONDO DE INVERSIÓN,AMERIS CAPITAL ADMINISTRADORA GENERAL DE FONDOS S.A.,Vigente,,Fondo Inversión No Rescatable,2024050259165,https://www.cmfchile.cl/documentos/rfm/rfm_2024050259165.pdf,2024-05-07,2026-08-20
FM242385,2024-05-06,10624,FONDO DE INVERSIÓN SECURITY DDP BRIDGE-LOAN FULLY FUNDED CLP,ADMINISTRADORA GENERAL DE FONDOS  SECURITY S.A.,Vigente,,Fondo Inversión No Rescatable,2025080566467,https://www.cmfchile.cl/documentos/rfm/rfm_2025080566467.pdf,2025-08-12,2026-08-20
FM242386,2024-05-06,10625,FONDO DE INVERSIÓN SECURITY DDP BRIDGE-LOAN FULLY FUNDED USD,ADMINISTRADORA GENERAL DE FONDOS  SECURITY S.A.,Vigente,,Fondo Inversión No Rescatable,2025080566493,https://www.cmfchile.cl/documentos/rfm/rfm_2025080566493.pdf,2025-08-12,2026-08-20
FM242384,2024-05-03,10623,FONDO DE INVERSION VANTRUST CAPITAL VENDOR FINANCE I,VANTRUST CAPITAL ADMINISTRADORA GENERAL DE FONDOS S.A.,No Vigente,,Fondo Inversión No Rescatable,2024050253184,https://www.cmfchile.cl/documentos/rfm/rfm_2024050253184.pdf,2024-05-03,2026-08-20
FM242383,2024-04-25,10622,AMERIS LIQUIDEZ II FONDO MUTUO,AMERIS CAPITAL ADMINISTRADORA GENERAL DE FONDOS S.A.,Vigente,,Fondo Mutuo,2024040238755,https://www.cmfchile.cl/documentos/rfm/rfm_2024040238755.pdf,2024-04-25,2026-08-20
FM242382,2024-04-22,10621,MONEDA LATAM PRIVATE CREDIT FONDO DE INVERSION,MONEDA S.A. ADMINISTRADORA GENERAL DE FONDOS,Vigente,,Fondo Inversión No Rescatable,2025010065913,https://www.cmfchile.cl/documentos/rfm/rfm_2025010065913.pdf,2025-01-24,2026-08-20
FM242381,2024-04-22,10620,FONDO MUTUO BTG PACTUAL ESTRUCTURADO NOMINAL 2026,BTG PACTUAL CHILE S.A. ADMINISTRADORA GENERAL DE FONDOS,No Vigente,,Fondo Mutuo,2024050298446,https://www.cmfchile.cl/documentos/rfm/rfm_2024050298446.pdf,2024-05-30,2026-08-20
FM242380,2024-04-19,10619,FONDO DE INVERSIÓN CREDICORP CAPITAL ICG SE II,CREDICORP CAPITAL ASSET MANAGEMENT S.A. ADMINISTRADORA GENERAL DE FONDOS,Vigente,,Fondo Inversión No Rescatable,2026060385847,https://www.cmfchile.cl/documentos/rfm/rfm_2026060385847.pdf,2026-06-09,2026-08-20
FM242379,2024-04-18,10618,MONEDA PIPE CHILE COINVERSIONES I FONDO DE INVERSIÓN,MONEDA S.A. ADMINISTRADORA GENERAL DE FONDOS,No Vigente,,Fondo Inversión No Rescatable,2024040227442,https://www.cmfchile.cl/documentos/rfm/rfm_2024040227442.pdf,2024-04-18,2026-08-20
FM242378,2024-04-16,10617,AMERIS NM PARTNERS VII FONDO DE INVERSIÓN,AMERIS CAPITAL ADMINISTRADORA GENERAL DE FONDOS S.A.,Vigente,,Fondo Inversión No Rescatable,2024060309543,https://www.cmfchile.cl/documentos/rfm/rfm_2024060309543.pdf,2024-06-06,2026-08-20
FM242377,2024-04-12,10616,ARCALIS TOESCA MIDDLE-MARKET FUND I FONDO DE INVERSIÓN,TOESCA S.A.  ADMINISTRADORA GENERAL DE FONDOS,Vigente,,Fondo Inversión No Rescatable,2025110775415,https://www.cmfchile.cl/documentos/rfm/rfm_2025110775415.pdf,2025-11-04,2026-08-20
FM242376,2024-04-10,10615,FONDO MUTUO SANTANDER ESTRUCTURADO AHORRO+ UF VI,SANTANDER ASSET MANAGEMENT S.A. ADMINISTRADORA GENERAL DE FONDOS,No Vigente,,Fondo Mutuo,2024040210562,https://www.cmfchile.cl/documentos/rfm/rfm_2024040210562.pdf,2024-04-10,2026-08-20
FM242375,2024-04-10,10614,PICTON - HAMILTON LANE SMID III FONDO DE INVERSIÓN,PICTON ADMINISTRADORA GENERAL DE FONDOS S.A.,No Vigente,,Fondo Inversión No Rescatable,2024040209528,https://www.cmfchile.cl/documentos/rfm/rfm_2024040209528.pdf,2024-04-10,2026-08-20
FM242374,2024-04-09,10613,ALZA MINING TECHNOLOGY FONDO DE INVERSIÓN,ALZA ADMINISTRADORA GENERAL DE FONDOS S.A.,Vigente,,Fondo Inversión No Rescatable,2025070506678,https://www.cmfchile.cl/documentos/rfm/rfm_2025070506678.pdf,2025-07-18,2026-08-20
FM242373,2024-04-08,10612,FONDO DE INVERSIÓN HMC RENDIMIENTO ESTRATÉGICO PESOS,HMC S.A. ADMINISTRADORA GENERAL DE FONDOS,Vigente,,Fondo Inversión No Rescatable,2026060380930,https://www.cmfchile.cl/documentos/rfm/rfm_2026060380930.pdf,2026-06-08,2026-08-20
FM242372,2024-04-05,10611,FONDO DE INVERSIÓN PRIVATE MARKETS CLP DEUDA EVERGREEN,BANCHILE ADMINISTRADORA GENERAL DE FONDOS S.A.,No Vigente,,Fondo Inversión No Rescatable,2024050287463,https://www.cmfchile.cl/documentos/rfm/rfm_2024050287463.pdf,2024-05-24,2026-08-20
FM242371,2024-04-05,10610,FONDO DE INVERSIÓN PRIVATE MARKETS DEUDA EVERGREEN,BANCHILE ADMINISTRADORA GENERAL DE FONDOS S.A.,Vigente,,Fondo Inversión No Rescatable,2025050327877,https://www.cmfchile.cl/documentos/rfm/rfm_2025050327877.pdf,2025-05-02,2026-08-20
FM242370,2024-04-02,10609,FONDO DE INVERSIÓN SINGULAR PRIVATE EQUITY II,SINGULAR ASSET MANAGEMENT ADMINISTRADORA GENERAL DE FONDOS S.A.,Vigente,,Fondo Inversión No Rescatable,2024040193363,https://www.cmfchile.cl/documentos/rfm/rfm_2024040193363.pdf,2024-04-02,2026-08-20
FM242369,2024-04-01,10608,FONDO DE INVERSIÓN MULTIFAMILY US GREYSTAR BCI LINK II,BCI ASSET MANAGEMENT ADMINISTRADORA  GENERAL DE FONDOS S.A.,Vigente,,Fondo Inversión No Rescatable,2024070371169,https://www.cmfchile.cl/documentos/rfm/rfm_2024070371169.pdf,2024-07-18,2026-08-20
FM242368,2024-03-26,10607,FONDO MUTUO BANCOESTADO LIQUIDEZ XI,BANCOESTADO S.A. ADMINISTRADORA  GENERAL DE FONDOS,Vigente,,Fondo Mutuo,2025110768288,https://www.cmfchile.cl/documentos/rfm/rfm_2025110768288.pdf,2025-11-04,2026-08-20
FM242366,2024-03-19,10605,BICE INFRARED VI FONDO DE INVERSIÓN,BICE INVERSIONES ADMINISTRADORA GENERAL DE FONDOS S.A.,Vigente,,Fondo Inversión No Rescatable,2025060393092,https://www.cmfchile.cl/documentos/rfm/rfm_2025060393092.pdf,2025-06-04,2026-08-20
FM242367,2024-03-19,10606,TAURUS BLOCKCHAIN STRATEGIES FONDO DE INVERSIÓN,TAURUS ADMINISTRADORA GENERAL DE FONDOS S.A.,No Vigente,,Fondo Inversión No Rescatable,2024030169355,https://www.cmfchile.cl/documentos/rfm/rfm_2024030169355.pdf,2024-03-19,2026-08-20
FM242365,2024-03-12,10604,FONDO DE INVERSIÓN FYNSA GALGO II,FYNSA ADMINISTRADORA GENERAL DE FONDOS S.A.,Vigente,,Fondo Inversión No Rescatable,2026060392604,https://www.cmfchile.cl/documentos/rfm/rfm_2026060392604.pdf,2026-06-11,2026-08-20
FM242364,2024-03-12,10603,BTG PACTUAL BONOS CORPORATIVOS CHILE IG FONDO DE INVERSIÓN,BTG PACTUAL CHILE S.A. ADMINISTRADORA GENERAL DE FONDOS,No Vigente,,Fondo Inversión Rescatable,2024050261631,https://www.cmfchile.cl/documentos/rfm/rfm_2024050261631.pdf,2024-05-08,2026-08-20
FM242363,2024-03-08,10602,FONDO MUTUO BANCOESTADO BNP PARIBAS DEUDA BRASIL,BANCOESTADO S.A. ADMINISTRADORA  GENERAL DE FONDOS,Vigente,,Fondo Mutuo,2024040202081,https://www.cmfchile.cl/documentos/rfm/rfm_2024040202081.pdf,2024-04-05,2026-08-20
FM242362,2024-03-07,10601,FONDO MUTUO SANTANDER OBJETIVO ABRIL 2028,SANTANDER ASSET MANAGEMENT S.A. ADMINISTRADORA GENERAL DE FONDOS,Vigente,,Fondo Mutuo,2025060430048,https://www.cmfchile.cl/documentos/rfm/rfm_2025060430048.pdf,2025-06-23,2026-08-20
FM242361,2024-03-05,10600,FONDO DE INVERSIÓN SINGULAR LEASEBACK III,SINGULAR ASSET MANAGEMENT ADMINISTRADORA GENERAL DE FONDOS S.A.,Vigente,,Fondo Inversión No Rescatable,2024030145197,https://www.cmfchile.cl/documentos/rfm/rfm_2024030145197.pdf,2024-03-05,2026-08-20
FM242360,2024-03-01,10599,FONDO MUTUO BICE ESTRUCTURADO UF VII,BICE INVERSIONES ADMINISTRADORA GENERAL DE FONDOS S.A.,No Vigente,,Fondo Mutuo,2024030161016,https://www.cmfchile.cl/documentos/rfm/rfm_2024030161016.pdf,2024-03-14,2026-08-20
FM242359,2024-02-29,10598,COMPASS CORE US EQUITIES FONDO DE INVERSIÓN,VINCI COMPASS S.A. ADMINISTRADORA GENERAL DE FONDOS,Vigente,,Fondo Inversión Rescatable,2024050254776,https://www.cmfchile.cl/documentos/rfm/rfm_2024050254776.pdf,2024-05-06,2026-08-20
FM242358,2024-02-29,10597,FONDO DE INVERSIÓN HMC RENDIMIENTO ESTRATEGICO DOLAR,HMC S.A. ADMINISTRADORA GENERAL DE FONDOS,Vigente,,Fondo Inversión No Rescatable,2026060380929,https://www.cmfchile.cl/documentos/rfm/rfm_2026060380929.pdf,2026-06-08,2026-08-20
FM242357,2024-02-27,10596,CI ENERGY TRANSITION FUND I CHILE FONDO DE INVERSIÓN,ADMINISTRADORA GENERAL DE FONDOS  SECURITY S.A.,Vigente,,Fondo Inversión No Rescatable,2024040201548,https://www.cmfchile.cl/documentos/rfm/rfm_2024040201548.pdf,2024-04-05,2026-08-20
FM242356,2024-02-23,10595,VINCI COMPASS BXD PRIVATE DEBT FONDO DE INVERSIÓN,VINCI COMPASS S.A. ADMINISTRADORA GENERAL DE FONDOS,Vigente,,Fondo Inversión No Rescatable,2026060424676,https://www.cmfchile.cl/documentos/rfm/rfm_2026060424676.pdf,2026-06-26,2026-08-20
FM242355,2024-02-22,10594,QUEST FINANCIAMIENTO INMOBILIARIO FONDO DE INVERSION,QUEST ADMINISTRADORA GENERAL DE FONDOS S.A.,Vigente,,Fondo Inversión No Rescatable,2025110797958,https://www.cmfchile.cl/documentos/rfm/rfm_2025110797958.pdf,2025-11-13,2026-08-20
FM242354,2024-02-21,10593,FONDO DE INVERSIÓN HMC AXI,HMC S.A. ADMINISTRADORA GENERAL DE FONDOS,Vigente,,Fondo Inversión No Rescatable,2025050360480,https://www.cmfchile.cl/documentos/rfm/rfm_2025050360480.pdf,2025-05-20,2026-08-20
FM242353,2024-02-21,10592,VOLCOMCAPITAL REAL ESTATE VII FONDO DE INVERSION,VOLCOMCAPITAL ADMINISTRADORA GENERAL DE FONDOS S.A.,No Vigente,,Fondo Inversión No Rescatable,2024020121879,https://www.cmfchile.cl/documentos/rfm/rfm_2024020121879.pdf,2024-02-21,2026-08-20
FM242352,2024-02-20,10591,FONDO DE INVERSIÓN FALCOM TACTICAL LATAM EQUITIES,FALCOM ADMINISTRADORA GENERAL DE FONDOS S.A.,Vigente,,Fondo Inversión Rescatable,2024020119798,https://www.cmfchile.cl/documentos/rfm/rfm_2024020119798.pdf,2024-02-20,2026-08-20
FM242351,2024-02-19,10590,VOLCOMCAPITAL EXPANSION VI FONDO DE INVERSIÓN,VOLCOMCAPITAL ADMINISTRADORA GENERAL DE FONDOS S.A.,Vigente,,Fondo Inversión No Rescatable,2024120667689,https://www.cmfchile.cl/documentos/rfm/rfm_2024120667689.pdf,2024-12-03,2026-08-20
FM242350,2024-02-15,10589,FONDO DE INVERSIÓN PUDÚ CONSERVADOR,AMICORP ADMINISTRADORA GENERAL DE FONDOS S.A.,Vigente,,Fondo Inversión Rescatable,2025100727233,https://www.cmfchile.cl/documentos/rfm/rfm_2025100727233.pdf,2025-10-20,2026-08-20
FM242349,2024-02-14,10588,FONDO DE INVERSIÓN VANTRUST ACCIONES DIVIDEND STARS,VANTRUST CAPITAL ADMINISTRADORA GENERAL DE FONDOS S.A.,Vigente,,Fondo Inversión Rescatable,2025050338647,https://www.cmfchile.cl/documentos/rfm/rfm_2025050338647.pdf,2025-05-08,2026-08-20
FM242348,2024-02-12,10587,COMPASS LATAM SMALLER COMPANIES FONDO DE INVERSIÓN,VINCI COMPASS S.A. ADMINISTRADORA GENERAL DE FONDOS,No Vigente,,Fondo Inversión Rescatable,2024020133690,https://www.cmfchile.cl/documentos/rfm/rfm_2024020133690.pdf,2024-02-27,2026-08-20
FM242347,2024-02-06,10586,VOLCOMCAPITAL DIRECT LENDING IV FONDO DE INVERSIÓN,VOLCOMCAPITAL ADMINISTRADORA GENERAL DE FONDOS S.A.,No Vigente,,Fondo Inversión No Rescatable,2024020086054,https://www.cmfchile.cl/documentos/rfm/rfm_2024020086054.pdf,2024-02-06,2026-08-20
FM242346,2024-02-02,10585,AMERIS PARAUCO PREMIUM OUTLETS FONDO DE INVERSIÓN,AMERIS CAPITAL ADMINISTRADORA GENERAL DE FONDOS S.A.,No Vigente,,Fondo Inversión No Rescatable,2024020078607,https://www.cmfchile.cl/documentos/rfm/rfm_2024020078607.pdf,2024-02-02,2026-08-20
FM242345,2024-02-01,10584,FONDO MUTUO BANCOESTADO LIQUIDEZ X,BANCOESTADO S.A. ADMINISTRADORA  GENERAL DE FONDOS,No Vigente,,Fondo Mutuo,2025090638489,https://www.cmfchile.cl/documentos/rfm/rfm_2025090638489.pdf,2025-09-22,2026-08-20
FM242344,2024-01-31,10583,FONDO MUTUO BANCHILE DIVIDENDOS ACCIONES CHILENAS,BANCHILE ADMINISTRADORA GENERAL DE FONDOS S.A.,Vigente,,Fondo Mutuo,2026070490937,https://www.cmfchile.cl/documentos/rfm/rfm_2026070490937.pdf,2026-07-27,2026-08-20
FM242343,2024-01-29,10582,CCLA CRÉDITO PRIVADO CP II FONDO DE INVERSIÓN,VINCI COMPASS S.A. ADMINISTRADORA GENERAL DE FONDOS,No Vigente,Liquidado,Fondo Inversión No Rescatable,2024010073327,https://www.cmfchile.cl/documentos/rfm/rfm_2024010073327.pdf,2024-01-31,2026-08-20
FM242342,2024-01-25,10581,BTG PACTUAL DEUDA HABITACIONAL CON SUBSIDIO FONDO DE INVERSIÓN,BTG PACTUAL CHILE S.A. ADMINISTRADORA GENERAL DE FONDOS,Vigente,,Fondo Inversión No Rescatable,2025060424178,https://www.cmfchile.cl/documentos/rfm/rfm_2025060424178.pdf,2025-06-18,2026-08-20
FM242341,2024-01-22,10580,FONDO MUTUO BCI MACH CONSERVADOR,BCI ASSET MANAGEMENT ADMINISTRADORA  GENERAL DE FONDOS S.A.,Vigente,,Fondo Mutuo,2024010049203,https://www.cmfchile.cl/documentos/rfm/rfm_2024010049203.pdf,2024-01-22,2026-08-20
FM242340,2024-01-22,10579,FONDO MUTUO BCI MACH MODERADO,BCI ASSET MANAGEMENT ADMINISTRADORA  GENERAL DE FONDOS S.A.,Vigente,,Fondo Mutuo,2024010049159,https://www.cmfchile.cl/documentos/rfm/rfm_2024010049159.pdf,2024-01-22,2026-08-20
FM242339,2024-01-22,10578,FONDO MUTUO BCI MACH ARRIESGADO,BCI ASSET MANAGEMENT ADMINISTRADORA  GENERAL DE FONDOS S.A.,Vigente,,Fondo Mutuo,2024010049153,https://www.cmfchile.cl/documentos/rfm/rfm_2024010049153.pdf,2024-01-22,2026-08-20
FM242336,2024-01-16,10576,FONDO DE INVERSIÓN PRINCIPAL REAL ESTATE OPORTUNIDADES ESTRATÉGICAS,PRINCIPAL ASSET MANAGEMENT ADMINISTRADORA GENERAL DE FONDOS S.A.,Vigente,,Fondo Inversión No Rescatable,2026060376443,https://www.cmfchile.cl/documentos/rfm/rfm_2026060376443.pdf,2026-06-05,2026-08-20
FM242335,2024-01-10,10575,FONDO DE INVERSIÓN FYNSA UF 2025,FYNSA ADMINISTRADORA GENERAL DE FONDOS S.A.,No Vigente,,Fondo Inversión Rescatable,2024010022940,https://www.cmfchile.cl/documentos/rfm/rfm_2024010022940.pdf,2024-01-10,2026-08-20
FM242334,2024-01-09,10574,MBI DEUDA PRIVADA III FONDO DE INVERSIÓN,MBI ADMINISTRADORA GENERAL DE FONDOS S.A.,Vigente,,Fondo Inversión No Rescatable,2024120676874,https://www.cmfchile.cl/documentos/rfm/rfm_2024120676874.pdf,2024-12-09,2026-08-20
FM242333,2024-01-08,10573,PICTON - CLEARLAKE CAPITAL PARTNERS VIII FONDO DE INVERSIÓN,PICTON ADMINISTRADORA GENERAL DE FONDOS S.A.,Vigente,,Fondo Inversión No Rescatable,2025060405198,https://www.cmfchile.cl/documentos/rfm/rfm_2025060405198.pdf,2025-06-10,2026-08-20
FM242332,2024-01-05,10572,FONDO DE INVERSION LINK - PG SECONDARY VIII,LINK CAPITAL PARTNERS ADMINISTRADORA GENERAL DE FONDOS S.A.,Vigente,,Fondo Inversión No Rescatable,2024070389823,https://www.cmfchile.cl/documentos/rfm/rfm_2024070389823.pdf,2024-07-29,2026-08-20
FM242331,2024-01-03,10571,MONEDA GSI RENTAS INFRAESTRUCTURA EUROPA I FONDO DE INVERSIÓN,MONEDA S.A. ADMINISTRADORA GENERAL DE FONDOS,Vigente,,Fondo Inversión No Rescatable,2026060417115,https://www.cmfchile.cl/documentos/rfm/rfm_2026060417115.pdf,2026-06-23,2026-08-20
FM232330,2023-12-21,10570,FONDO DE INVERSIÓN BCI EUROCORP II,BCI ASSET MANAGEMENT ADMINISTRADORA  GENERAL DE FONDOS S.A.,Vigente,,Fondo Inversión No Rescatable,2024070373297,https://www.cmfchile.cl/documentos/rfm/rfm_2024070373297.pdf,2024-07-19,2026-08-20
FM232329,2023-12-20,10569,SIGMA DINERO Y CONCIENCIA FONDO DE INVERSIÓN,SIGMA ADMINISTRADORA GENERAL DE FONDOS S.A.,Vigente,,Fondo Inversión No Rescatable,2025050370269,https://www.cmfchile.cl/documentos/rfm/rfm_2025050370269.pdf,2025-05-26,2026-08-20
FM232328,2023-12-19,10568,VOLCOMCAPITAL HPS HLEND FONDO DE INVERSIÓN,XLC ADMINISTRADORA GENERAL DE FONDOS S.A.,Vigente,,Fondo Inversión No Rescatable,2026060425892,https://www.cmfchile.cl/documentos/rfm/rfm_2026060425892.pdf,2026-06-26,2026-08-20
FM232327,2023-12-18,10567,FONDO DE INVERSIÓN CREDICORP CAPITAL DESARROLLO SUBSIDIO HABITACIONAL -INGEVEC,CREDICORP CAPITAL ASSET MANAGEMENT S.A. ADMINISTRADORA GENERAL DE FONDOS,Vigente,,Fondo Inversión No Rescatable,2025060386609,https://www.cmfchile.cl/documentos/rfm/rfm_2025060386609.pdf,2025-06-02,2026-08-20
FM232326,2023-12-18,10566,FONDO DE INVERSIÓN FYNSA PLUSVALÍA,FYNSA ADMINISTRADORA GENERAL DE FONDOS S.A.,No Vigente,,Fondo Inversión No Rescatable,2023120557615,https://www.cmfchile.cl/documentos/rfm/rfm_2023120557615.pdf,2023-12-18,2026-08-20
FM232325,2023-12-07,10565,AMERIS DOVER STREET XI FONDO DE INVERSIÓN,AMERIS CAPITAL ADMINISTRADORA GENERAL DE FONDOS S.A.,Vigente,,Fondo Inversión No Rescatable,2024070357875,https://www.cmfchile.cl/documentos/rfm/rfm_2024070357875.pdf,2024-07-09,2026-08-20
FM232323,2023-12-06,10564,MONEDA CARLYLE REALTY PARTNERS X FONDO DE INVERSIÓN,MONEDA S.A. ADMINISTRADORA GENERAL DE FONDOS,Vigente,,Fondo Inversión No Rescatable,2023120534813,https://www.cmfchile.cl/documentos/rfm/rfm_2023120534813.pdf,2023-12-06,2026-08-20
FM232322,2023-12-06,10563,FONDO DE INVERSIÓN BCI SECUNDARIOS I,BCI ASSET MANAGEMENT ADMINISTRADORA  GENERAL DE FONDOS S.A.,Vigente,,Fondo Inversión No Rescatable,2023120568999,https://www.cmfchile.cl/documentos/rfm/rfm_2023120568999.pdf,2023-12-22,2026-08-20
FM242338,2023-12-06,10577,MONEDA CARLYLE EUROPE PARTNERS VI FONDO DE INVERSIÓN,MONEDA S.A. ADMINISTRADORA GENERAL DE FONDOS,No Vigente,,Fondo Inversión No Rescatable,2024010042143,https://www.cmfchile.cl/documentos/rfm/rfm_2024010042143.pdf,2023-12-06,2026-08-20
FM232320,2023-12-05,10561,FONDO MUTUO BCI DEUDA GLOBAL SOSTENIBLE,BCI ASSET MANAGEMENT ADMINISTRADORA  GENERAL DE FONDOS S.A.,Vigente,,Fondo Mutuo,2023120531164,https://www.cmfchile.cl/documentos/rfm/rfm_2023120531164.pdf,2023-12-05,2026-08-20
FM232321,2023-12-05,10562,FONDO MUTUO ESTRUCTURADO CREDICORP CAPITAL RENTA UF 2027,CREDICORP CAPITAL ASSET MANAGEMENT S.A. ADMINISTRADORA GENERAL DE FONDOS,No Vigente,,Fondo Mutuo,2023120552683,https://www.cmfchile.cl/documentos/rfm/rfm_2023120552683.pdf,2023-12-15,2026-08-20
FM232319,2023-11-28,10560,FONDO DE INVERSIÓN LINK – MULTIFAMILY METRA,LINK CAPITAL PARTNERS ADMINISTRADORA GENERAL DE FONDOS S.A.,Vigente,,Fondo Inversión No Rescatable,2023110514152,https://www.cmfchile.cl/documentos/rfm/rfm_2023110514152.pdf,2023-11-28,2026-08-20
FM232318,2023-11-24,10559,FONDO MUTUO SURA DEUDA CORPORATIVA LATINOAMERICANA DÓLAR EN LIQUIDACIÓN,ADMINISTRADORA GENERAL DE FONDOS SURA S.A.,No Vigente,,Fondo Mutuo,2024060316701,https://www.cmfchile.cl/documentos/rfm/rfm_2024060316701.pdf,2024-06-11,2026-08-20
FM232317,2023-11-24,10558,FONDO MUTUO BCI ESTRUCTURADO UF V,BCI ASSET MANAGEMENT ADMINISTRADORA  GENERAL DE FONDOS S.A.,No Vigente,,Fondo Mutuo,2023120529661,https://www.cmfchile.cl/documentos/rfm/rfm_2023120529661.pdf,2023-12-05,2026-08-20
FM232316,2023-11-23,10557,FONDO DE INVERSION BANCHILE DEUDA NACIONAL CORTO PLAZO,BANCHILE ADMINISTRADORA GENERAL DE FONDOS S.A.,Vigente,,Fondo Inversión Rescatable,2025040306010,https://www.cmfchile.cl/documentos/rfm/rfm_2025040306010.pdf,2025-04-23,2026-08-20
FM232315,2023-11-16,10556,FONDO MUTUO BANCHILE ESTRUCTURADO DÓLAR II,BANCHILE ADMINISTRADORA GENERAL DE FONDOS S.A.,No Vigente,Liquidado,Fondo Mutuo,2023110487077,https://www.cmfchile.cl/documentos/rfm/rfm_2023110487077.pdf,2023-11-16,2026-08-20
FM232314,2023-11-16,10555,FONDO DE INVERSIÓN HMC MEZZANINE INMOBILIARIO IV,HMC S.A. ADMINISTRADORA GENERAL DE FONDOS,Vigente,,Fondo Inversión No Rescatable,2024060318550,https://www.cmfchile.cl/documentos/rfm/rfm_2024060318550.pdf,2024-06-12,2026-08-20
FM232313,2023-11-16,10554,ALZA DEUDA PRIVADA IV FONDO DE INVERSION,ALZA ADMINISTRADORA GENERAL DE FONDOS S.A.,No Vigente,,Fondo Inversión No Rescatable,2025070531089,https://www.cmfchile.cl/documentos/rfm/rfm_2025070531089.pdf,2025-07-30,2026-08-20
FM232310,2023-11-15,10551,FONDO MUTUO SANTANDER DEUDA SOBERANA,SANTANDER ASSET MANAGEMENT S.A. ADMINISTRADORA GENERAL DE FONDOS,Vigente,,Fondo Mutuo,2025060443282,https://www.cmfchile.cl/documentos/rfm/rfm_2025060443282.pdf,2025-06-27,2026-08-20
FM232312,2023-11-15,10553,FONDO MUTUO BICE ESTRUCTURADO UF VI,BICE INVERSIONES ADMINISTRADORA GENERAL DE FONDOS S.A.,No Vigente,,Fondo Mutuo,2023120534061,https://www.cmfchile.cl/documentos/rfm/rfm_2023120534061.pdf,2023-12-06,2026-08-20
FM232311,2023-11-15,10552,SIGMA DOBLE IMPACTO FONDO DE INVERSION,SIGMA ADMINISTRADORA GENERAL DE FONDOS S.A.,Vigente,,Fondo Inversión No Rescatable,2026050325194,https://www.cmfchile.cl/documentos/rfm/rfm_2026050325194.pdf,2026-05-12,2026-08-20
FM232309,2023-11-14,10550,TOESCA ABSOLUTO FONDO DE INVERSIÓN,TOESCA S.A.  ADMINISTRADORA GENERAL DE FONDOS,Vigente,,Fondo Inversión Rescatable,2023110480158,https://www.cmfchile.cl/documentos/rfm/rfm_2023110480158.pdf,2023-11-14,2026-08-20
FM232308,2023-11-14,10549,PICTON - EQT INFRASTRUCTURE VI FONDO DE INVERSIÓN,PICTON ADMINISTRADORA GENERAL DE FONDOS S.A.,Vigente,,Fondo Inversión No Rescatable,2025060405211,https://www.cmfchile.cl/documentos/rfm/rfm_2025060405211.pdf,2025-06-10,2026-08-20
FM232307,2023-11-13,10548,FONDO MUTUO BANCHILE ESTATAL LARGO PLAZO,BANCHILE ADMINISTRADORA GENERAL DE FONDOS S.A.,Vigente,,Fondo Mutuo,2023110478083,https://www.cmfchile.cl/documentos/rfm/rfm_2023110478083.pdf,2023-11-13,2026-08-20
FM232306,2023-11-08,10547,FONDO DE INVERSIÓN DRAKE REAL ESTATE PARTNERS FUND V,LARRAIN VIAL ACTIVOS S.A. ADMINISTRADORA GENERAL DE FONDOS,Vigente,,Fondo Inversión No Rescatable,2023110469116,https://www.cmfchile.cl/documentos/rfm/rfm_2023110469116.pdf,2023-11-08,2026-08-20
FM232305,2023-11-08,10546,FONDO DE INVERSIÓN ACTIVA PAGOS DIGITALES,LARRAIN VIAL ACTIVOS S.A. ADMINISTRADORA GENERAL DE FONDOS,Vigente,,Fondo Inversión No Rescatable,2023110468130,https://www.cmfchile.cl/documentos/rfm/rfm_2023110468130.pdf,2023-11-08,2026-08-20
FM232304,2023-11-06,10545,FONDO DE INVERSIÓN LARRAÍN VIAL ACP SECONDARIES 5,LARRAIN VIAL ACTIVOS S.A. ADMINISTRADORA GENERAL DE FONDOS,Vigente,,Fondo Inversión No Rescatable,2024020076995,https://www.cmfchile.cl/documentos/rfm/rfm_2024020076995.pdf,2024-02-01,2026-08-20
FM232303,2023-11-03,10544,FONDO MUTUO BANCOESTADO LIQUIDEZ IX,BANCOESTADO S.A. ADMINISTRADORA  GENERAL DE FONDOS,No Vigente,,Fondo Mutuo,2025060421211,https://www.cmfchile.cl/documentos/rfm/rfm_2025060421211.pdf,2025-06-17,2026-08-20
FM232302,2023-11-02,10543,CHL RE BROOKLYN VALUE-ADD FONDO DE INVERSIÓN,MBI ADMINISTRADORA GENERAL DE FONDOS S.A.,Vigente,,Fondo Inversión No Rescatable,2026040246795,https://www.cmfchile.cl/documentos/rfm/rfm_2026040246795.pdf,2026-04-09,2026-08-20
FM232301,2023-10-31,10542,FONDO DE INVERSIÓN SECURITY DESARROLLO COMERCIAL BICENTENARIO,ADMINISTRADORA GENERAL DE FONDOS  SECURITY S.A.,Vigente,,Fondo Inversión No Rescatable,2024080443728,https://www.cmfchile.cl/documentos/rfm/rfm_2024080443728.pdf,2024-08-23,2026-08-20
FM232300,2023-10-31,10541,VOLCOMCAPITAL DEUDA VII FONDO DE INVERSIÓN,VOLCOMCAPITAL ADMINISTRADORA GENERAL DE FONDOS S.A.,No Vigente,,Fondo Inversión No Rescatable,2023100454548,https://www.cmfchile.cl/documentos/rfm/rfm_2023100454548.pdf,2023-10-31,2026-08-20
FM232299,2023-10-31,10540,QUEST ADF FONDO DE INVERSION,QUEST ADMINISTRADORA GENERAL DE FONDOS S.A.,Vigente,,Fondo Inversión No Rescatable,2024120692708,https://www.cmfchile.cl/documentos/rfm/rfm_2024120692708.pdf,2024-12-17,2026-08-20
FM232298,2023-10-26,10539,FONDO MUTUO BCI ESTRUCTURADO UF IV,BCI ASSET MANAGEMENT ADMINISTRADORA  GENERAL DE FONDOS S.A.,No Vigente,,Fondo Mutuo,2023100448686,https://www.cmfchile.cl/documentos/rfm/rfm_2023100448686.pdf,2023-10-26,2026-08-20
FM232297,2023-10-24,10538,AMERIS DESARROLLO INMOBILIARIO IX FONDO DE INVERSIÓN,AMERIS CAPITAL ADMINISTRADORA GENERAL DE FONDOS S.A.,Vigente,,Fondo Inversión No Rescatable,2024090465836,https://www.cmfchile.cl/documentos/rfm/rfm_2024090465836.pdf,2024-09-04,2026-08-20
FM232296,2023-10-24,10537,FONDO MUTUO SURA ESTRUCTURADO UF IX CHILE,ADMINISTRADORA GENERAL DE FONDOS SURA S.A.,No Vigente,Liquidado,Fondo Mutuo,2024010056822,https://www.cmfchile.cl/documentos/rfm/rfm_2024010056822.pdf,2024-01-24,2026-08-20
FM232295,2023-10-23,10536,FONDO DE INVERSION LINK - KPS VI,LINK CAPITAL PARTNERS ADMINISTRADORA GENERAL DE FONDOS S.A.,Vigente,,Fondo Inversión No Rescatable,2025050334025,https://www.cmfchile.cl/documentos/rfm/rfm_2025050334025.pdf,2025-05-06,2026-08-20
FM232294,2023-10-23,10535,BTG PACTUAL TRANSICIÓN ENERGÉTICA FONDO DE INVERSIÓN,BTG PACTUAL CHILE S.A. ADMINISTRADORA GENERAL DE FONDOS,Vigente,,Fondo Inversión No Rescatable,2024020106454,https://www.cmfchile.cl/documentos/rfm/rfm_2024020106454.pdf,2024-02-14,2026-08-20
FM232291,2023-10-20,10532,CI GMF II ENERGY CHILE FONDO DE INVERSIÓN,ADMINISTRADORA GENERAL DE FONDOS  SECURITY S.A.,Vigente,,Fondo Inversión No Rescatable,2025090608018,https://www.cmfchile.cl/documentos/rfm/rfm_2025090608018.pdf,2025-09-03,2026-08-20
FM232292,2023-10-20,10533,FONDO MUTUO SANTANDER ESTRUCTURADO AHORRO+ UF V,SANTANDER ASSET MANAGEMENT S.A. ADMINISTRADORA GENERAL DE FONDOS,No Vigente,Liquidado,Fondo Mutuo,2023120531470,https://www.cmfchile.cl/documentos/rfm/rfm_2023120531470.pdf,2023-12-05,2026-08-20
FM232293,2023-10-20,10534,FONDO MUTUO SANTANDER ESTRUCTURADO AHORRO+ DOLAR II,SANTANDER ASSET MANAGEMENT S.A. ADMINISTRADORA GENERAL DE FONDOS,No Vigente,,Fondo Mutuo,2023120531472,https://www.cmfchile.cl/documentos/rfm/rfm_2023120531472.pdf,2023-12-05,2026-08-20
FM232290,2023-10-18,10531,FONDO DE INVERSIÓN EQUITY AUTOMOTRIZ,LARRAIN VIAL ACTIVOS S.A. ADMINISTRADORA GENERAL DE FONDOS,Vigente,,Fondo Inversión No Rescatable,2025020138131,https://www.cmfchile.cl/documentos/rfm/rfm_2025020138131.pdf,2025-02-20,2026-08-20
FM232289,2023-10-12,10530,FONDO DE INVERSIÓN SECURITY DRIFTWOOD IV,ADMINISTRADORA GENERAL DE FONDOS  SECURITY S.A.,Vigente,,Fondo Inversión No Rescatable,2023110506188,https://www.cmfchile.cl/documentos/rfm/rfm_2023110506188.pdf,2023-11-24,2026-08-20
FM232288,2023-10-11,10529,PICTON - HBP VENTURE 15 FONDO DE INVERSIÓN,PICTON ADMINISTRADORA GENERAL DE FONDOS S.A.,Vigente,,Fondo Inversión No Rescatable,2025060405213,https://www.cmfchile.cl/documentos/rfm/rfm_2025060405213.pdf,2025-06-10,2026-08-20
FM232287,2023-10-06,10528,PICTON - ARES SDL III FONDO DE INVERSIÓN,PICTON ADMINISTRADORA GENERAL DE FONDOS S.A.,Vigente,,Fondo Inversión No Rescatable,2025060405193,https://www.cmfchile.cl/documentos/rfm/rfm_2025060405193.pdf,2025-06-10,2026-08-20
FM232286,2023-10-05,10527,MBI PRIVATE DEBT US EVERGREEN FONDO DE INVERSIÓN,MBI ADMINISTRADORA GENERAL DE FONDOS S.A.,Vigente,,Fondo Inversión No Rescatable,2025050344097,https://www.cmfchile.cl/documentos/rfm/rfm_2025050344097.pdf,2025-05-12,2026-08-20
FM232285,2023-10-03,10526,FONDO DE INVERSIÓN CREDICORP CAPITAL INDEPENDENCIA DEUDA US II,CREDICORP CAPITAL ASSET MANAGEMENT S.A. ADMINISTRADORA GENERAL DE FONDOS,No Vigente,Liquidado,Fondo Inversión No Rescatable,2023100418239,https://www.cmfchile.cl/documentos/rfm/rfm_2023100418239.pdf,2023-10-03,2026-08-20
FM232284,2023-10-03,10525,MONEDA PIPE CHILE FONDO DE INVERSIÓN,MONEDA S.A. ADMINISTRADORA GENERAL DE FONDOS,Vigente,,Fondo Inversión No Rescatable,2026060416131,https://www.cmfchile.cl/documentos/rfm/rfm_2026060416131.pdf,2026-06-23,2026-08-20
FM232282,2023-09-29,10523,BICE DEUDA PRIVADA FONDO DE INVERSIÓN,BICE INVERSIONES ADMINISTRADORA GENERAL DE FONDOS S.A.,Vigente,,Fondo Inversión No Rescatable,2026060429851,https://www.cmfchile.cl/documentos/rfm/rfm_2026060429851.pdf,2026-06-30,2026-08-20
FM232283,2023-09-29,10524,FONDO DE INVERSIÓN CREDICORP CAPITAL TRITON I,CREDICORP CAPITAL ASSET MANAGEMENT S.A. ADMINISTRADORA GENERAL DE FONDOS,No Vigente,,Fondo Inversión No Rescatable,2023090412661,https://www.cmfchile.cl/documentos/rfm/rfm_2023090412661.pdf,2023-09-29,2026-08-20
FM232281,2023-09-27,10522,FONDO MUTUO BANCOESTADO LIQUIDEZ VIII,BANCOESTADO S.A. ADMINISTRADORA  GENERAL DE FONDOS,No Vigente,,Fondo Mutuo,2025050360081,https://www.cmfchile.cl/documentos/rfm/rfm_2025050360081.pdf,2025-05-20,2026-08-20
FM232280,2023-09-25,10521,FONDO MUTUO SANTANDER ACCIONES ESTADOS UNIDOS,SANTANDER ASSET MANAGEMENT S.A. ADMINISTRADORA GENERAL DE FONDOS,Vigente,,Fondo Mutuo,2026060392298,https://www.cmfchile.cl/documentos/rfm/rfm_2026060392298.pdf,2026-06-11,2026-08-20
FM232279,2023-09-21,10520,FONDO MUTUO BANCHILE PORTAFOLIO RETORNO MEDIANO PLAZO,BANCHILE ADMINISTRADORA GENERAL DE FONDOS S.A.,Vigente,,Fondo Mutuo,2023090400776,https://www.cmfchile.cl/documentos/rfm/rfm_2023090400776.pdf,2023-09-21,2026-08-20
FM232278,2023-09-21,10519,FONDO MUTUO BANCHILE PORTAFOLIO AHORRO CORTO PLAZO,BANCHILE ADMINISTRADORA GENERAL DE FONDOS S.A.,Vigente,,Fondo Mutuo,2023090400765,https://www.cmfchile.cl/documentos/rfm/rfm_2023090400765.pdf,2023-09-21,2026-08-20
FM232277,2023-09-20,10518,FONDO MUTUO BTG PACTUAL ESTRUCTURADO UF V,BTG PACTUAL CHILE S.A. ADMINISTRADORA GENERAL DE FONDOS,No Vigente,,Fondo Mutuo,2023110512665,https://www.cmfchile.cl/documentos/rfm/rfm_2023110512665.pdf,2023-11-28,2026-08-20
FM232276,2023-09-15,10517,FONDO MUTUO BICE MP LIQUIDEZ,BICE INVERSIONES ADMINISTRADORA GENERAL DE FONDOS S.A.,Vigente,,Fondo Mutuo,2023090396744,https://www.cmfchile.cl/documentos/rfm/rfm_2023090396744.pdf,2023-09-15,2026-08-20
FM232275,2023-09-12,10516,FONDO DE INVERSIÓN CORCOVADO DEUDA PRIVADA,VENTURANCE S.A. ADMINISTRADORA GENERAL DE FONDOS,Vigente,,Fondo Inversión No Rescatable,2026050351868,https://www.cmfchile.cl/documentos/rfm/rfm_2026050351868.pdf,2026-05-26,2026-08-20
FM232274,2023-09-12,10515,FONDO MUTUO BTG PACTUAL RENTA A PLAZO UF,BTG PACTUAL CHILE S.A. ADMINISTRADORA GENERAL DE FONDOS,Vigente,,Fondo Mutuo,2026070437978,https://www.cmfchile.cl/documentos/rfm/rfm_2026070437978.pdf,2026-07-03,2026-08-20
FM232273,2023-09-11,10514,AMERIS ELECTROMOVILIDAD FONDO DE INVERSIÓN,AMERIS CAPITAL ADMINISTRADORA GENERAL DE FONDOS S.A.,Vigente,,Fondo Inversión No Rescatable,2024060335512,https://www.cmfchile.cl/documentos/rfm/rfm_2024060335512.pdf,2024-06-25,2026-08-20
FM232272,2023-09-08,10513,VOLCOMCAPITAL PRIVATE EQUITY SMALL CAP II FONDO DE INVERSIÓN,VOLCOMCAPITAL ADMINISTRADORA GENERAL DE FONDOS S.A.,Vigente,,Fondo Inversión No Rescatable,2025060407694,https://www.cmfchile.cl/documentos/rfm/rfm_2025060407694.pdf,2025-06-11,2026-08-20
FM232271,2023-09-05,10512,FONDO MUTUO ITAU ESTRUCTURADO PESOS ABRIL 2025,ITAU ADMINISTRADORA GENERAL DE FONDOS S.A.,No Vigente,Liquidado,Fondo Mutuo,2023100429768,https://www.cmfchile.cl/documentos/rfm/rfm_2023100429768.pdf,2023-10-12,2026-08-20
FM232270,2023-09-04,10511,MONEDA PATRIA INFRASTRUCTURE V FONDO DE INVERSIÓN,MONEDA S.A. ADMINISTRADORA GENERAL DE FONDOS,No Vigente,,Fondo Inversión No Rescatable,2023090380594,https://www.cmfchile.cl/documentos/rfm/rfm_2023090380594.pdf,2023-09-04,2026-08-20
FM232269,2023-09-04,10510,VOLCOMCAPITAL REAL ESTATE VI FONDO DE INVERSIÓN,VOLCOMCAPITAL ADMINISTRADORA GENERAL DE FONDOS S.A.,No Vigente,,Fondo Inversión No Rescatable,2024020090253,https://www.cmfchile.cl/documentos/rfm/rfm_2024020090253.pdf,2024-02-07,2026-08-20
FM232268,2023-09-04,10509,FONDO DE INVERSIÓN LARRAÍN VIAL GOLUB 15,LARRAIN VIAL ACTIVOS S.A. ADMINISTRADORA GENERAL DE FONDOS,No Vigente,,Fondo Inversión No Rescatable,2023090378958,https://www.cmfchile.cl/documentos/rfm/rfm_2023090378958.pdf,2023-09-04,2026-08-20
FM232267,2023-09-01,10508,FONDO MUTUO BCI ESTRUCTURADO INVERSION UF III,BCI ASSET MANAGEMENT ADMINISTRADORA  GENERAL DE FONDOS S.A.,No Vigente,Liquidado,Fondo Mutuo,2023090376655,https://www.cmfchile.cl/documentos/rfm/rfm_2023090376655.pdf,2023-09-01,2026-08-20
FM232266,2023-08-31,10507,FONDO DE INVERSIÓN FYNSA MONARCH CAPITAL PARTNERS VI,FYNSA ADMINISTRADORA GENERAL DE FONDOS S.A.,Vigente,,Fondo Inversión No Rescatable,2023080372940,https://www.cmfchile.cl/documentos/rfm/rfm_2023080372940.pdf,2023-08-31,2026-08-20
FM232265,2023-08-30,10506,FONDO DE INVERSIÓN VANTRUST MULTIFAMILY USA,VANTRUST CAPITAL ADMINISTRADORA GENERAL DE FONDOS S.A.,Vigente,,Fondo Inversión No Rescatable,2025010057425,https://www.cmfchile.cl/documentos/rfm/rfm_2025010057425.pdf,2025-01-23,2026-08-20
FM232264,2023-08-29,10505,FONDO DE INVERSIÓN CREDICORP CAPITAL DESARROLLO SUBSIDIO HABITACIONAL I,CREDICORP CAPITAL ASSET MANAGEMENT S.A. ADMINISTRADORA GENERAL DE FONDOS,Vigente,,Fondo Inversión No Rescatable,2025060386603,https://www.cmfchile.cl/documentos/rfm/rfm_2025060386603.pdf,2025-06-02,2026-08-20
FM232263,2023-08-25,10504,FONDO DE INVERSIÓN CREDICORP CAPITAL PRIVATE DEBT V,CREDICORP CAPITAL ASSET MANAGEMENT S.A. ADMINISTRADORA GENERAL DE FONDOS,Vigente,,Fondo Inversión No Rescatable,2024050284730,https://www.cmfchile.cl/documentos/rfm/rfm_2024050284730.pdf,2024-05-23,2026-08-20
FM232262,2023-08-24,10503,BTG PACTUAL BRASIL FIXED INCOME BRL FONDO DE INVERSIÓN,BTG PACTUAL CHILE S.A. ADMINISTRADORA GENERAL DE FONDOS,No Vigente,,Fondo Inversión Rescatable,2023080362385,https://www.cmfchile.cl/documentos/rfm/rfm_2023080362385.pdf,2023-08-24,2026-08-20
FM232261,2023-08-22,10502,FONDO MUTUO BANCOESTADO DEUDA LARGO PLAZO,BANCOESTADO S.A. ADMINISTRADORA  GENERAL DE FONDOS,Vigente,,Fondo Mutuo,2023080357317,https://www.cmfchile.cl/documentos/rfm/rfm_2023080357317.pdf,2023-08-22,2026-08-20
FM232260,2023-08-08,10501,FONDO DE INVERSION PENTA LAS AMERICAS INFRAESTRUCTURA CINCO,PENTA LAS AMERICAS ADMINISTRADORA GENERAL DE FONDOS S.A.,Vigente,,Fondo Inversión No Rescatable,2023120544504,https://www.cmfchile.cl/documentos/rfm/rfm_2023120544504.pdf,2023-12-12,2026-08-20
FM232259,2023-07-26,10500,FONDO MUTUO BANCOESTADO LIQUIDEZ VII,BANCOESTADO S.A. ADMINISTRADORA  GENERAL DE FONDOS,No Vigente,,Fondo Mutuo,2025030208610,https://www.cmfchile.cl/documentos/rfm/rfm_2025030208610.pdf,2025-03-18,2026-08-20
FM232258,2023-07-26,10499,FONDO MUTUO BCI ESTRUCTURADO INVERSION UF II,BCI ASSET MANAGEMENT ADMINISTRADORA  GENERAL DE FONDOS S.A.,No Vigente,,Fondo Mutuo,2025010048899,https://www.cmfchile.cl/documentos/rfm/rfm_2025010048899.pdf,2025-01-22,2026-08-20
FM232257,2023-07-25,10498,MONEDA GSI RENTAS COMERCIALES III FONDO DE INVERSIÓN,MONEDA S.A. ADMINISTRADORA GENERAL DE FONDOS,Vigente,,Fondo Inversión No Rescatable,2026070458910,https://www.cmfchile.cl/documentos/rfm/rfm_2026070458910.pdf,2026-07-13,2026-08-20
FM232256,2023-07-24,10497,MONEDA PRIVATE CREDIT OPPORTUNITIES FONDO DE INVERSIÓN,MONEDA S.A. ADMINISTRADORA GENERAL DE FONDOS,No Vigente,,Fondo Inversión No Rescatable,2023070307956,https://www.cmfchile.cl/documentos/rfm/rfm_2023070307956.pdf,2023-07-24,2026-08-20
FM232255,2023-07-18,10496,BTG PACTUAL MÉXICO ALPHA FONDO DE INVERSIÓN,BTG PACTUAL CHILE S.A. ADMINISTRADORA GENERAL DE FONDOS,Vigente,,Fondo Inversión Rescatable,2025030228225,https://www.cmfchile.cl/documentos/rfm/rfm_2025030228225.pdf,2025-03-25,2026-08-20
FM232254,2023-07-14,10495,PICTON - AMERICAN SECURITIES PARTNERS IX FONDO DE INVERSIÓN,PICTON ADMINISTRADORA GENERAL DE FONDOS S.A.,Vigente,,Fondo Inversión No Rescatable,2025070450534,https://www.cmfchile.cl/documentos/rfm/rfm_2025070450534.pdf,2025-07-01,2026-08-20
FM232253,2023-07-11,10494,FONDO MUTUO SANTANDER MERCADO MONETARIO,SANTANDER ASSET MANAGEMENT S.A. ADMINISTRADORA GENERAL DE FONDOS,No Vigente,Liquidado,Fondo Mutuo,2025040254351,https://www.cmfchile.cl/documentos/rfm/rfm_2025040254351.pdf,2025-04-02,2026-08-20
FM232252,2023-07-07,10493,FONDO DE INVERSIÓN CREDICORP CAPITAL INDEPENDENCIA DEUDA US I,CREDICORP CAPITAL ASSET MANAGEMENT S.A. ADMINISTRADORA GENERAL DE FONDOS,No Vigente,,Fondo Inversión No Rescatable,2023070312045,https://www.cmfchile.cl/documentos/rfm/rfm_2023070312045.pdf,2023-07-27,2026-08-20
FM232251,2023-07-06,10492,FONDO DE INVERSION SURA CGS VI,ADMINISTRADORA GENERAL DE FONDOS SURA S.A.,Vigente,,Fondo Inversión No Rescatable,2025100725415,https://www.cmfchile.cl/documentos/rfm/rfm_2025100725415.pdf,2025-10-20,2026-08-20
FM232250,2023-07-05,10491,FRONTAL TRUST – CORDADA RENDIMIENTO CON LIQUIDEZ MEDIANO PLAZO FONDO DE INVERSIÓN,FRONTAL TRUST ADMINISTRADORA GENERAL DE FONDOS S.A.,Vigente,,Fondo Inversión No Rescatable,2026050357300,https://www.cmfchile.cl/documentos/rfm/rfm_2026050357300.pdf,2026-05-28,2026-08-20
FM232249,2023-07-03,10490,FONDO MUTUO PRINCIPAL ESTRUCTURADO DEUDA PESOS,PRINCIPAL ASSET MANAGEMENT ADMINISTRADORA GENERAL DE FONDOS S.A.,No Vigente,,Fondo Mutuo,2023070276939,https://www.cmfchile.cl/documentos/rfm/rfm_2023070276939.pdf,2023-07-03,2026-08-20
FM232248,2023-07-03,10489,FONDO DE INVERSIÓN LARRAIN VIAL DESARROLLO INDUSTRIAL MÉXICO,LARRAIN VIAL ACTIVOS S.A. ADMINISTRADORA GENERAL DE FONDOS,Vigente,,Fondo Inversión No Rescatable,2025080546203,https://www.cmfchile.cl/documentos/rfm/rfm_2025080546203.pdf,2025-08-05,2026-08-20
FM232247,2023-07-03,10488,FONDO MUTUO PRUDENTIAL LIQUIDEZ PESOS,PRUDENTIAL ADMINISTRADORA GENERAL DE FONDOS S.A.,Vigente,,Fondo Mutuo,2026020125753,https://www.cmfchile.cl/documentos/rfm/rfm_2026020125753.pdf,2026-02-20,2026-08-20
FM232246,2023-06-30,10487,BTG PACTUAL DEUDA PRIVADA INMOBILIARIA FONDO DE INVERSIÓN,BTG PACTUAL CHILE S.A. ADMINISTRADORA GENERAL DE FONDOS,Vigente,,Fondo Inversión No Rescatable,2024100546993,https://www.cmfchile.cl/documentos/rfm/rfm_2024100546993.pdf,2024-10-22,2026-08-20
FM232245,2023-06-29,10486,FONDO MUTUO ITAU ESTRUCTURADO UF FEBRERO 2025,ITAU ADMINISTRADORA GENERAL DE FONDOS S.A.,No Vigente,,Fondo Mutuo,2023070278223,https://www.cmfchile.cl/documentos/rfm/rfm_2023070278223.pdf,2023-07-04,2026-08-20
FM232244,2023-06-23,10485,FONDO DE INVERSIÓN ACTIVA DEUDA ESTRUCTURADA INMOBILIARIA,LARRAIN VIAL ACTIVOS S.A. ADMINISTRADORA GENERAL DE FONDOS,No Vigente,,Fondo Inversión No Rescatable,2025080549531,https://www.cmfchile.cl/documentos/rfm/rfm_2025080549531.pdf,2025-08-06,2026-08-20
FM232241,2023-06-20,10482,FONDO MUTUO SECURITY DEFENSIVO,ADMINISTRADORA GENERAL DE FONDOS  SECURITY S.A.,Vigente,,Fondo Mutuo,2025100750058,https://www.cmfchile.cl/documentos/rfm/rfm_2025100750058.pdf,2025-10-28,2026-08-20
FM232239,2023-06-20,10480,FONDO MUTUO SECURITY DIGITAL CONSERVADOR,ADMINISTRADORA GENERAL DE FONDOS  SECURITY S.A.,Vigente,,Fondo Mutuo,2025100750111,https://www.cmfchile.cl/documentos/rfm/rfm_2025100750111.pdf,2025-10-28,2026-08-20
FM232242,2023-06-20,10483,FONDO MUTUO SECURITY DIGITAL BALANCEADO,ADMINISTRADORA GENERAL DE FONDOS  SECURITY S.A.,Vigente,,Fondo Mutuo,2025100750166,https://www.cmfchile.cl/documentos/rfm/rfm_2025100750166.pdf,2025-10-28,2026-08-20
FM232243,2023-06-20,10484,FONDO MUTUO SECURITY DIGITAL AGRESIVO,ADMINISTRADORA GENERAL DE FONDOS  SECURITY S.A.,Vigente,,Fondo Mutuo,2025100750222,https://www.cmfchile.cl/documentos/rfm/rfm_2025100750222.pdf,2025-10-28,2026-08-20
FM232240,2023-06-20,10481,FONDO MUTUO SECURITY JUGADO,ADMINISTRADORA GENERAL DE FONDOS  SECURITY S.A.,Vigente,,Fondo Mutuo,2025100750256,https://www.cmfchile.cl/documentos/rfm/rfm_2025100750256.pdf,2025-10-28,2026-08-20
FM232238,2023-06-16,10479,FONDO MUTUO BTG PACTUAL ESTRUCTURADO NOMINAL 2024 II,BTG PACTUAL CHILE S.A. ADMINISTRADORA GENERAL DE FONDOS,No Vigente,,Fondo Mutuo,2024030186876,https://www.cmfchile.cl/documentos/rfm/rfm_2024030186876.pdf,2024-03-28,2026-08-20
FM232237,2023-06-15,10478,FONDO MUTUO BCI AHORRO DIGITAL,BCI ASSET MANAGEMENT ADMINISTRADORA  GENERAL DE FONDOS S.A.,Vigente,,Fondo Mutuo,2023060254787,https://www.cmfchile.cl/documentos/rfm/rfm_2023060254787.pdf,2023-06-15,2026-08-20
FM232236,2023-06-14,10477,VOLCOMCAPITAL DEUDA PRIVADA I FONDO DE INVERSIÓN,XLC ADMINISTRADORA GENERAL DE FONDOS S.A.,Vigente,,Fondo Inversión No Rescatable,2026060426163,https://www.cmfchile.cl/documentos/rfm/rfm_2026060426163.pdf,2026-06-26,2026-08-20
FM232235,2023-06-09,10476,FONDO MUTUO BANCOESTADO LIQUIDEZ VI,BANCOESTADO S.A. ADMINISTRADORA  GENERAL DE FONDOS,No Vigente,,Fondo Mutuo,2025010087320,https://www.cmfchile.cl/documentos/rfm/rfm_2025010087320.pdf,2025-01-31,2026-08-20
FM232234,2023-06-05,10475,VINCI COMPASS BREP EUROPE VII REAL ESTATE FONDO DE INVERSIÓN,VINCI COMPASS S.A. ADMINISTRADORA GENERAL DE FONDOS,Vigente,,Fondo Inversión No Rescatable,2026060414311,https://www.cmfchile.cl/documentos/rfm/rfm_2026060414311.pdf,2026-06-22,2026-08-20
FM232233,2023-06-05,10474,FONDO DE INVERSION MULTIFAMILY US GREYSTAR BCI LINK,BCI ASSET MANAGEMENT ADMINISTRADORA  GENERAL DE FONDOS S.A.,Vigente,,Fondo Inversión No Rescatable,2023080357678,https://www.cmfchile.cl/documentos/rfm/rfm_2023080357678.pdf,2023-08-22,2026-08-20
FM232232,2023-06-02,10473,FONDO MUTUO SURA ESTRUCTURADO UF VIII CHILE,ADMINISTRADORA GENERAL DE FONDOS SURA S.A.,No Vigente,Liquidado,Fondo Mutuo,2024010056846,https://www.cmfchile.cl/documentos/rfm/rfm_2024010056846.pdf,2024-01-24,2026-08-20
FM232230,2023-05-26,10471,FONDO MUTUO BCI MONETARIO II,BCI ASSET MANAGEMENT ADMINISTRADORA  GENERAL DE FONDOS S.A.,No Vigente,,Fondo Mutuo,2024120712948,https://www.cmfchile.cl/documentos/rfm/rfm_2024120712948.pdf,2024-12-27,2026-08-20
FM232231,2023-05-26,10472,FONDO DE INVERSION AG DIRECT LENDING V,BANCHILE ADMINISTRADORA GENERAL DE FONDOS S.A.,Vigente,,Fondo Inversión No Rescatable,2024100507865,https://www.cmfchile.cl/documentos/rfm/rfm_2024100507865.pdf,2024-10-01,2026-08-20
FM232229,2023-05-22,10470,FONDO DE INVERSIÓN RENTAS RESIDENCIALES LARRAINVIAL – EUROCORP,LARRAINVIAL ASSET MANAGEMENT ADMINISTRADORA GENERAL DE FONDOS S.A.,Vigente,,Fondo Inversión No Rescatable,2025060414790,https://www.cmfchile.cl/documentos/rfm/rfm_2025060414790.pdf,2026-07-23,2026-08-20
FM232228,2023-05-19,10469,FONDO DE INVERSIÓN SARTOR FACTURAS USD,SARTOR ADMINISTRADORA GENERAL DE FONDOS S.A.,Vigente,,Fondo Inversión Rescatable,2024090483681,https://www.cmfchile.cl/documentos/rfm/rfm_2024090483681.pdf,2024-09-12,2026-08-20
FM232227,2023-05-17,10468,FONDO DE INVERSION BANCHILE MARKETPLUS ASIA EMERGENTE,BANCHILE ADMINISTRADORA GENERAL DE FONDOS S.A.,No Vigente,,Fondo Inversión Rescatable,2023050212945,https://www.cmfchile.cl/documentos/rfm/rfm_2023050212945.pdf,2023-05-17,2026-08-20
FM232226,2023-05-16,10467,FONDO DE INVERSIÓN DEUDA PRIVADA PRINCIPAL COMPASS,PRINCIPAL ASSET MANAGEMENT ADMINISTRADORA GENERAL DE FONDOS S.A.,Vigente,,Fondo Inversión No Rescatable,2023050228289,https://www.cmfchile.cl/documentos/rfm/rfm_2023050228289.pdf,2023-05-26,2026-08-20
FM232225,2023-05-11,10466,VOLCOMCAPITAL DEUDA PRIVADA III FONDO DE INVERSION,VOLCOMCAPITAL ADMINISTRADORA GENERAL DE FONDOS S.A.,No Vigente,,Fondo Inversión No Rescatable,2023050205086,https://www.cmfchile.cl/documentos/rfm/rfm_2023050205086.pdf,2023-05-11,2026-08-20
FM232224,2023-05-11,10465,FONDO DE INVERSIÓN LARRAÍN VIAL PRIVATE EQUITY EUROPA VIII,LARRAIN VIAL ACTIVOS S.A. ADMINISTRADORA GENERAL DE FONDOS,Vigente,,Fondo Inversión No Rescatable,2023050204116,https://www.cmfchile.cl/documentos/rfm/rfm_2023050204116.pdf,2023-05-11,2026-08-20
FM232223,2023-05-08,10464,VOLCOMCAPITAL PRIVATE EQUITY ASIA FONDO DE INVERSION,VOLCOMCAPITAL ADMINISTRADORA GENERAL DE FONDOS S.A.,Vigente,,Fondo Inversión No Rescatable,2024020090248,https://www.cmfchile.cl/documentos/rfm/rfm_2024020090248.pdf,2024-02-07,2026-08-20
FM232222,2023-05-05,10463,PICTON - ACE VI FONDO DE INVERSIÓN,PICTON ADMINISTRADORA GENERAL DE FONDOS S.A.,Vigente,,Fondo Inversión No Rescatable,2025060405189,https://www.cmfchile.cl/documentos/rfm/rfm_2025060405189.pdf,2025-06-10,2026-08-20
FM232221,2023-04-28,10462,FONDO DE INVERSION BANCHILE DEUDA LARGO PLAZO,BANCHILE ADMINISTRADORA GENERAL DE FONDOS S.A.,Vigente,,Fondo Inversión Rescatable,2025040306027,https://www.cmfchile.cl/documentos/rfm/rfm_2025040306027.pdf,2025-04-23,2026-08-20
FM232219,2023-04-21,10460,FONDO MUTUO SCOTIA ESTRUCTURADO DEUDA NOMINAL II,SCOTIA  ADMINISTRADORA GENERAL DE FONDOS CHILE S.A.,No Vigente,Liquidado,Fondo Mutuo,2023040171998,https://www.cmfchile.cl/documentos/rfm/rfm_2023040171998.pdf,2023-04-21,2026-08-20
FM232220,2023-04-21,10461,FONDO MUTUO LARRAINVIAL AHORRO UF,LARRAINVIAL ASSET MANAGEMENT ADMINISTRADORA GENERAL DE FONDOS S.A.,Vigente,,Fondo Mutuo,2024120677211,https://www.cmfchile.cl/documentos/rfm/rfm_2024120677211.pdf,2024-12-09,2026-08-20
FM232218,2023-04-20,10459,FONDO DE INVERSIÓN EL ESPINO,LARRAIN VIAL ACTIVOS S.A. ADMINISTRADORA GENERAL DE FONDOS,Vigente,,Fondo Inversión No Rescatable,2025040310890,https://www.cmfchile.cl/documentos/rfm/rfm_2025040310890.pdf,2025-04-25,2026-08-20
FM232217,2023-04-19,10458,FONDO DE INVERSION VANTRUST CAPITAL VENDOR FINANCE,VANTRUST CAPITAL ADMINISTRADORA GENERAL DE FONDOS S.A.,No Vigente,,Fondo Inversión No Rescatable,2023100416556,https://www.cmfchile.cl/documentos/rfm/rfm_2023100416556.pdf,2023-10-03,2026-08-20
FM232216,2023-04-18,10457,FONDO MUTUO BTG PACTUAL ESTRUCTURADO NOMINAL 2024,BTG PACTUAL CHILE S.A. ADMINISTRADORA GENERAL DE FONDOS,No Vigente,Liquidado,Fondo Mutuo,2024030183164,https://www.cmfchile.cl/documentos/rfm/rfm_2024030183164.pdf,2024-03-27,2026-08-20
FM232215,2023-04-14,10456,FONDO MUTUO SECURITY ESTRUCTURADO PESOS II,ADMINISTRADORA GENERAL DE FONDOS  SECURITY S.A.,No Vigente,Liquidado,Fondo Mutuo,2023040160272,https://www.cmfchile.cl/documentos/rfm/rfm_2023040160272.pdf,2023-04-14,2026-08-20
FM232214,2023-04-14,10455,SOUTHWIND PARTNERS REAL ESTATE I FONDO DE INVERSIÓN,NVS ADMINISTRADORA GENERAL DE FONDOS S.A.,Vigente,,Fondo Inversión No Rescatable,2025090600748,https://www.cmfchile.cl/documentos/rfm/rfm_2025090600748.pdf,2025-09-01,2026-08-20
FM232213,2023-04-13,10454,FONDO MUTUO ZURICH DEUDA CORPORATIVA DESARROLLADA,ZURICH CHILE ASSET MANAGEMENT ADMINISTRADORA GENERAL DE FONDOS S.A.,Vigente,,Fondo Mutuo,2025040285223,https://www.cmfchile.cl/documentos/rfm/rfm_2025040285223.pdf,2025-04-11,2026-08-20
FM232212,2023-04-12,10453,MONEDA GCP XI FONDO DE INVERSIÓN,MONEDA S.A. ADMINISTRADORA GENERAL DE FONDOS,Vigente,,Fondo Inversión No Rescatable,2024060321185,https://www.cmfchile.cl/documentos/rfm/rfm_2024060321185.pdf,2024-06-13,2026-08-20
FM232211,2023-04-06,10452,FONDO MUTUO BCI MONETARIO I,BCI ASSET MANAGEMENT ADMINISTRADORA  GENERAL DE FONDOS S.A.,No Vigente,,Fondo Mutuo,2024120681557,https://www.cmfchile.cl/documentos/rfm/rfm_2024120681557.pdf,2024-12-11,2026-08-20
FM232210,2023-04-06,10451,FONDO MUTUO BANCOESTADO LIQUIDEZ V,BANCOESTADO S.A. ADMINISTRADORA  GENERAL DE FONDOS,No Vigente,,Fondo Mutuo,2024110657058,https://www.cmfchile.cl/documentos/rfm/rfm_2024110657058.pdf,2024-11-29,2026-08-20
FM232209,2023-04-04,10450,FONDO MUTUO BI LIQUIDEZ DOLAR,BANCO INTERNACIONAL ADMINISTRADORA GENERAL DE FONDOS S.A.,Vigente,,Fondo Mutuo,2024040195298,https://www.cmfchile.cl/documentos/rfm/rfm_2024040195298.pdf,2024-04-02,2026-08-20
FM232208,2023-04-03,10449,FONDO DE INVERSIÓN SECURITY INFRAESTRUCTURA DRIFTWOOD III,ADMINISTRADORA GENERAL DE FONDOS  SECURITY S.A.,Vigente,,Fondo Inversión No Rescatable,2024070366629,https://www.cmfchile.cl/documentos/rfm/rfm_2024070366629.pdf,2024-07-15,2026-08-20
FM232207,2023-03-31,10448,FONDO DE INVERSION SINGULAR OAKTREE OPPORTUNITIES FUND XII,SINGULAR ASSET MANAGEMENT ADMINISTRADORA GENERAL DE FONDOS S.A.,Vigente,,Fondo Inversión No Rescatable,2023080329348,https://www.cmfchile.cl/documentos/rfm/rfm_2023080329348.pdf,2023-08-04,2026-08-20
FM232206,2023-03-30,10447,FONDO MUTUO SURA ESTRUCTURADO UF VII CHILE,ADMINISTRADORA GENERAL DE FONDOS SURA S.A.,No Vigente,,Fondo Mutuo,2024010056817,https://www.cmfchile.cl/documentos/rfm/rfm_2024010056817.pdf,2024-01-24,2026-08-20
FM232205,2023-03-30,10446,FONDO MUTUO BANCHILE DEPÓSITO PLUS XIV,BANCHILE ADMINISTRADORA GENERAL DE FONDOS S.A.,No Vigente,Liquidado,Fondo Mutuo,2023030135734,https://www.cmfchile.cl/documentos/rfm/rfm_2023030135734.pdf,2023-03-30,2026-08-20
FM232204,2023-03-24,10445,BICE US MULTIFAMILY I FONDO DE INVERSIÓN,BICE INVERSIONES ADMINISTRADORA GENERAL DE FONDOS S.A.,Vigente,,Fondo Inversión No Rescatable,2023030124911,https://www.cmfchile.cl/documentos/rfm/rfm_2023030124911.pdf,2023-03-24,2026-08-20
FM232203,2023-03-23,10444,MONEDA ALPINVEST SECONDARIES VIII FONDO DE INVERSIÓN,MONEDA S.A. ADMINISTRADORA GENERAL DE FONDOS,Vigente,,Fondo Inversión No Rescatable,2025080581867,https://www.cmfchile.cl/documentos/rfm/rfm_2025080581867.pdf,2025-08-22,2026-08-20
FM232202,2023-03-21,10443,VOLCOMCAPITAL PRIVATE EQUITY X FONDO DE INVERSIÓN,VOLCOMCAPITAL ADMINISTRADORA GENERAL DE FONDOS S.A.,Vigente,,Fondo Inversión No Rescatable,2024020090252,https://www.cmfchile.cl/documentos/rfm/rfm_2024020090252.pdf,2024-02-07,2026-08-20
FM232201,2023-03-15,10442,FONDO MUTUO SANTANDER ESTRUCTURADO AHORRO+ UF III,SANTANDER ASSET MANAGEMENT S.A. ADMINISTRADORA GENERAL DE FONDOS,No Vigente,Liquidado,Fondo Mutuo,2023030110577,https://www.cmfchile.cl/documentos/rfm/rfm_2023030110577.pdf,2023-03-15,2026-08-20
FM232200,2023-03-15,10441,FONDO MUTUO COOPEUCH COMPASS LIQUIDEZ,VINCI COMPASS S.A. ADMINISTRADORA GENERAL DE FONDOS,Vigente,,Fondo Mutuo,2023030110383,https://www.cmfchile.cl/documentos/rfm/rfm_2023030110383.pdf,2023-03-15,2026-08-20
FM232198,2023-03-10,10439,FONDO DE INVERSIÓN SECURITY DEUDA PRIVADA AUTOMOTRIZ II,ADMINISTRADORA GENERAL DE FONDOS  SECURITY S.A.,No Vigente,,Fondo Inversión No Rescatable,2025050351378,https://www.cmfchile.cl/documentos/rfm/rfm_2025050351378.pdf,2025-05-14,2026-08-20
FM232199,2023-03-10,10440,FONDO DE INVERSIÓN SECURITY DEUDA PRIVADA AUTOMOTRIZ II FULLY FUNDED,ADMINISTRADORA GENERAL DE FONDOS  SECURITY S.A.,No Vigente,,Fondo Inversión No Rescatable,2023120562490,https://www.cmfchile.cl/documentos/rfm/rfm_2023120562490.pdf,2023-12-20,2026-08-20
FM232197,2023-03-09,10438,TOESCA AVENIDA NET LEASE CHILE II FONDO DE INVERSIÓN,TOESCA S.A.  ADMINISTRADORA GENERAL DE FONDOS,Vigente,,Fondo Inversión No Rescatable,2026030180177,https://www.cmfchile.cl/documentos/rfm/rfm_2026030180177.pdf,2026-03-16,2026-08-20
FM232196,2023-03-08,10437,TOESCA US CREDIT I FONDO DE INVERSIÓN,TOESCA S.A.  ADMINISTRADORA GENERAL DE FONDOS,Vigente,,Fondo Inversión No Rescatable,2026050339958,https://www.cmfchile.cl/documentos/rfm/rfm_2026050339958.pdf,2026-05-19,2026-08-20
FM232195,2023-03-07,10436,FONDO DE INVERSIÓN LARRAINVIAL SHORT TERM PRIVATE DEBT,LARRAINVIAL ASSET MANAGEMENT ADMINISTRADORA GENERAL DE FONDOS S.A.,Vigente,,Fondo Inversión Rescatable,2026060407986,https://www.cmfchile.cl/documentos/rfm/rfm_2026060407986.pdf,2026-06-18,2026-08-20
FM232194,2023-03-06,10435,BTG PACTUAL RENTAS LOGÍSTICAS I FONDO DE INVERSIÓN,BTG PACTUAL CHILE S.A. ADMINISTRADORA GENERAL DE FONDOS,No Vigente,,Fondo Inversión No Rescatable,2023030120294,https://www.cmfchile.cl/documentos/rfm/rfm_2023030120294.pdf,2023-03-22,2026-08-20
FM232193,2023-03-06,10434,FONDO MUTUO SECURITY ESTRUCTURADO DOLAR,ADMINISTRADORA GENERAL DE FONDOS  SECURITY S.A.,No Vigente,,Fondo Mutuo,2023030130777,https://www.cmfchile.cl/documentos/rfm/rfm_2023030130777.pdf,2023-03-28,2026-08-20
FM232192,2023-03-03,10433,FONDO MUTUO BANCHILE USA NIVEL 100,BANCHILE ADMINISTRADORA GENERAL DE FONDOS S.A.,No Vigente,Liquidado,Fondo Mutuo,2024010053500,https://www.cmfchile.cl/documentos/rfm/rfm_2024010053500.pdf,2024-01-23,2026-08-20
FM232191,2023-03-03,10432,FONDO MUTUO BANCHILE DEPÓSITO PLUS XIII,BANCHILE ADMINISTRADORA GENERAL DE FONDOS S.A.,No Vigente,Liquidado,Fondo Mutuo,2023030094128,https://www.cmfchile.cl/documentos/rfm/rfm_2023030094128.pdf,2023-03-03,2026-08-20
FM232190,2023-03-01,10431,FONDO MUTUO COMPASS LIQUIDEZ,VINCI COMPASS S.A. ADMINISTRADORA GENERAL DE FONDOS,Vigente,,Fondo Mutuo,2024080422838,https://www.cmfchile.cl/documentos/rfm/rfm_2024080422838.pdf,2024-08-13,2026-08-20
FM232189,2023-03-01,10430,FONDO MUTUO BICE ESTRUCTURADO UF V,BICE INVERSIONES ADMINISTRADORA GENERAL DE FONDOS S.A.,No Vigente,Liquidado,Fondo Mutuo,2023030088963,https://www.cmfchile.cl/documentos/rfm/rfm_2023030088963.pdf,2023-03-01,2026-08-20
FM232187,2023-02-27,10428,AMERIS NM GUARDIAN IV FONDO DE INVERSION,AMERIS CAPITAL ADMINISTRADORA GENERAL DE FONDOS S.A.,Vigente,,Fondo Inversión No Rescatable,2023060255612,https://www.cmfchile.cl/documentos/rfm/rfm_2023060255612.pdf,2023-06-15,2026-08-20
FM232188,2023-02-27,10429,FONDO MUTUO SURA ESTRUCTURADO DÓLAR,ADMINISTRADORA GENERAL DE FONDOS SURA S.A.,No Vigente,,Fondo Mutuo,2023030125992,https://www.cmfchile.cl/documentos/rfm/rfm_2023030125992.pdf,2023-03-24,2026-08-20
FM232186,2023-02-23,10427,FONDO DE INVERSION SECURITY ELECTROMOVILIDAD URBANA I,ADMINISTRADORA GENERAL DE FONDOS  SECURITY S.A.,No Vigente,,Fondo Inversión No Rescatable,2023020081746,https://www.cmfchile.cl/documentos/rfm/rfm_2023020081746.pdf,2023-02-23,2026-08-20
FM232185,2023-02-22,10426,FONDO DE INVERSION PRIVATE EQUITY EUROPE I,BANCHILE ADMINISTRADORA GENERAL DE FONDOS S.A.,No Vigente,,Fondo Inversión No Rescatable,2023020081072,https://www.cmfchile.cl/documentos/rfm/rfm_2023020081072.pdf,2023-02-22,2026-08-20
FM232184,2023-02-22,10425,MONEDA ALPINVEST CO-INVESTMENT IX FONDO DE INVERSIÓN,MONEDA S.A. ADMINISTRADORA GENERAL DE FONDOS,Vigente,,Fondo Inversión No Rescatable,2025080581859,https://www.cmfchile.cl/documentos/rfm/rfm_2025080581859.pdf,2025-08-22,2026-08-20
FM232183,2023-02-22,10424,FONDO MUTUO SANTANDER ESTRUCTURADO AHORRO+ UF II,SANTANDER ASSET MANAGEMENT S.A. ADMINISTRADORA GENERAL DE FONDOS,No Vigente,Liquidado,Fondo Mutuo,2023020080884,https://www.cmfchile.cl/documentos/rfm/rfm_2023020080884.pdf,2023-02-22,2026-08-20
FM232182,2023-02-15,10423,VINCI COMPASS LS 12 FONDO DE INVERSIÓN,VINCI COMPASS S.A. ADMINISTRADORA GENERAL DE FONDOS,Vigente,,Fondo Inversión No Rescatable,2026060407591,https://www.cmfchile.cl/documentos/rfm/rfm_2026060407591.pdf,2026-06-18,2026-08-20
FM232181,2023-02-14,10422,FONDO MUTUO BANCOESTADO LIQUIDEZ IV,BANCOESTADO S.A. ADMINISTRADORA  GENERAL DE FONDOS,No Vigente,,Fondo Mutuo,2024100544934,https://www.cmfchile.cl/documentos/rfm/rfm_2024100544934.pdf,2024-10-21,2026-08-20
FM232179,2023-02-03,10420,FONDO DE INVERSIÓN HMC GLOBAL MACRO RETORNO TOTAL,HMC S.A. ADMINISTRADORA GENERAL DE FONDOS,Vigente,,Fondo Inversión Rescatable,2026040261233,https://www.cmfchile.cl/documentos/rfm/rfm_2026040261233.pdf,2026-04-15,2026-08-20
FM232180,2023-02-03,10421,FONDO MUTUO SURA ESTRUCTURADO PESOS IV CHILE,ADMINISTRADORA GENERAL DE FONDOS SURA S.A.,No Vigente,Liquidado,Fondo Mutuo,2024010056796,https://www.cmfchile.cl/documentos/rfm/rfm_2024010056796.pdf,2024-01-24,2026-08-20
FM232178,2023-01-24,10419,UIN INVEST RESCATABLE FONDO DE INVERSIÓN,SIGMA ADMINISTRADORA GENERAL DE FONDOS S.A.,Vigente,,Fondo Inversión Rescatable,2026050325219,https://www.cmfchile.cl/documentos/rfm/rfm_2026050325219.pdf,2026-05-12,2026-08-20
FM232175,2023-01-20,10416,BICE VENTURE CAPITAL FONDO DE INVERSIÓN,BICE INVERSIONES ADMINISTRADORA GENERAL DE FONDOS S.A.,Vigente,,Fondo Inversión No Rescatable,2026060429915,https://www.cmfchile.cl/documentos/rfm/rfm_2026060429915.pdf,2026-06-30,2026-08-20
FM232177,2023-01-20,10418,FONDO DE INVERSIÓN CON IMPACTO EN EDUCACIÓN,LARRAINVIAL ASSET MANAGEMENT ADMINISTRADORA GENERAL DE FONDOS S.A.,No Vigente,Liquidado,Fondo Inversión No Rescatable,2023060249170,https://www.cmfchile.cl/documentos/rfm/rfm_2023060249170.pdf,2023-06-12,2026-08-20
FM232176,2023-01-20,10417,VOLCOMCAPITAL DEUDA VI FONDO DE INVERSION,VOLCOMCAPITAL ADMINISTRADORA GENERAL DE FONDOS S.A.,Vigente,,Fondo Inversión No Rescatable,2023010028580,https://www.cmfchile.cl/documentos/rfm/rfm_2023010028580.pdf,2023-01-20,2026-08-20
FM232174,2023-01-19,10415,FONDO MUTUO SURA ESTRUCTURADO UF VI CHILE,ADMINISTRADORA GENERAL DE FONDOS SURA S.A.,No Vigente,Liquidado,Fondo Mutuo,2024010056820,https://www.cmfchile.cl/documentos/rfm/rfm_2024010056820.pdf,2024-01-24,2026-08-20
FM232173,2023-01-17,10414,FONDO DE INVERSIÓN HMC CD&R FUND XII,HMC S.A. ADMINISTRADORA GENERAL DE FONDOS,Vigente,,Fondo Inversión No Rescatable,2025050367616,https://www.cmfchile.cl/documentos/rfm/rfm_2025050367616.pdf,2025-05-23,2026-08-20
FM232172,2023-01-16,10413,ALZA FINTECH X FONDO DE INVERSION,ALZA ADMINISTRADORA GENERAL DE FONDOS S.A.,Vigente,,Fondo Inversión No Rescatable,2026050304705,https://www.cmfchile.cl/documentos/rfm/rfm_2026050304705.pdf,2026-05-04,2026-08-20
FM232171,2023-01-16,10412,BTG PACTUAL VENTURE DEBT II FONDO DE INVERSIÓN,BTG PACTUAL CHILE S.A. ADMINISTRADORA GENERAL DE FONDOS,Vigente,,Fondo Inversión No Rescatable,2023020069302,https://www.cmfchile.cl/documentos/rfm/rfm_2023020069302.pdf,2023-02-14,2026-08-20
FM232170,2023-01-13,10411,FONDO MUTUO SCOTIA ESTRUCTURADO DEUDA NOMINAL,SCOTIA  ADMINISTRADORA GENERAL DE FONDOS CHILE S.A.,No Vigente,Liquidado,Fondo Mutuo,2023010017228,https://www.cmfchile.cl/documentos/rfm/rfm_2023010017228.pdf,2023-01-13,2026-08-20
FM232169,2023-01-10,10410,FONDO DE INVERSION VC AXON AURORA II,BANCHILE ADMINISTRADORA GENERAL DE FONDOS S.A.,No Vigente,,Fondo Inversión No Rescatable,2023010010458,https://www.cmfchile.cl/documentos/rfm/rfm_2023010010458.pdf,2023-01-10,2026-08-20
FM232168,2023-01-06,10409,FONDO DE INVERSIÓN DEUDA PRIVADA II,BANCHILE ADMINISTRADORA GENERAL DE FONDOS S.A.,Vigente,,Fondo Inversión No Rescatable,2024090504983,https://www.cmfchile.cl/documentos/rfm/rfm_2024090504983.pdf,2024-09-30,2026-08-20
FM232166,2023-01-05,10407,FONDO DE INVERSION SANTANDER DEUDA PRIVADA INTERNACIONAL,SANTANDER ASSET MANAGEMENT S.A. ADMINISTRADORA GENERAL DE FONDOS,Vigente,,Fondo Inversión Rescatable,2023010003880,https://www.cmfchile.cl/documentos/rfm/rfm_2023010003880.pdf,2023-01-05,2026-08-20
FM232165,2023-01-04,10406,AVANTE DEUDA PRIVADA Y CAPITAL PREFERENTE FONDO DE INVERSION,AVANTE ADMINISTRADORA GENERAL DE FONDOS S.A.,Vigente,,Fondo Inversión No Rescatable,2025110821377,https://www.cmfchile.cl/documentos/rfm/rfm_2025110821377.pdf,2025-11-21,2026-08-20
FM232167,2022-12-30,10408,FONDO DE INVERSION BANCHILE MILLESIMA I,BANCHILE ADMINISTRADORA GENERAL DE FONDOS S.A.,Vigente,,Fondo Inversión Rescatable,2024010073325,https://www.cmfchile.cl/documentos/rfm/rfm_2024010073325.pdf,2026-07-30,2026-08-20
FM222164,2022-12-29,10405,MBI RENTA COMERCIAL II FONDO DE INVERSIÓN,MBI ADMINISTRADORA GENERAL DE FONDOS S.A.,Vigente,,Fondo Inversión No Rescatable,2025050360516,https://www.cmfchile.cl/documentos/rfm/rfm_2025050360516.pdf,2025-05-20,2026-08-20
FM222163,2022-12-29,10404,MBI RENTA COMERCIAL FONDO DE INVERSION,MBI ADMINISTRADORA GENERAL DE FONDOS S.A.,Vigente,,Fondo Inversión No Rescatable,2025120863366,https://www.cmfchile.cl/documentos/rfm/rfm_2025120863366.pdf,2025-12-10,2026-08-20
FM222162,2022-12-26,10403,BTG PACTUAL UF 2026 FONDO DE INVERSIÓN,BTG PACTUAL CHILE S.A. ADMINISTRADORA GENERAL DE FONDOS,No Vigente,Liquidado,Fondo Inversión Rescatable,2022120490324,https://www.cmfchile.cl/documentos/rfm/rfm_2022120490324.pdf,2022-12-26,2026-08-20
FM222161,2022-12-22,10402,FRONTAL TRUST DESARROLLO INMOBILIARIO INDUSTRIAL SAN BERNARDO FONDO DE INVERSIÓN,FRONTAL TRUST ADMINISTRADORA GENERAL DE FONDOS S.A.,Vigente,,Fondo Inversión No Rescatable,2025100728631,https://www.cmfchile.cl/documentos/rfm/rfm_2025100728631.pdf,2025-10-20,2026-08-20
FM222160,2022-12-21,10401,PRIVATE EQUITY REAL ESTATE FONDO DE INVERSIÓN,AMERIS CAPITAL ADMINISTRADORA GENERAL DE FONDOS S.A.,Vigente,,Fondo Inversión No Rescatable,2024090493499,https://www.cmfchile.cl/documentos/rfm/rfm_2024090493499.pdf,2024-09-23,2026-08-20
FM222159,2022-12-21,10400,PRIVATE EQUITY INFRASTRUCTURE FONDO DE INVERSIÓN,AMERIS CAPITAL ADMINISTRADORA GENERAL DE FONDOS S.A.,Vigente,,Fondo Inversión No Rescatable,2022120485495,https://www.cmfchile.cl/documentos/rfm/rfm_2022120485495.pdf,2022-12-21,2026-08-20
FM222158,2022-12-21,10399,FONDO DE INVERSIÓN CAPITAL ESTRUCTURADO I,LARRAIN VIAL ACTIVOS S.A. ADMINISTRADORA GENERAL DE FONDOS,Vigente,,Fondo Inversión No Rescatable,2023010015457,https://www.cmfchile.cl/documentos/rfm/rfm_2023010015457.pdf,2023-01-12,2026-08-20
FM222157,2022-12-20,10398,MBIQ ESTRATEGIA ACTIVA FONDO DE INVERSIÓN,QUEST ADMINISTRADORA GENERAL DE FONDOS S.A.,Vigente,,Fondo Inversión Rescatable,2026070464537,https://www.cmfchile.cl/documentos/rfm/rfm_2026070464537.pdf,2026-07-15,2026-08-20
FM222156,2022-12-19,10397,FONDO DE INVERSIÓN HMC KLYM,HMC S.A. ADMINISTRADORA GENERAL DE FONDOS,No Vigente,,Fondo Inversión No Rescatable,2022120481427,https://www.cmfchile.cl/documentos/rfm/rfm_2022120481427.pdf,2022-12-19,2026-08-20
FM222155,2022-12-16,10396,FONDO DE INVERSIÓN FYNSA PANTHEON GLOBAL CO-INVESTMENT OPPORTUNITIES V,FYNSA ADMINISTRADORA GENERAL DE FONDOS S.A.,Vigente,,Fondo Inversión No Rescatable,2022120478753,https://www.cmfchile.cl/documentos/rfm/rfm_2022120478753.pdf,2022-12-16,2026-08-20
FM222154,2022-12-13,10395,FONDO MUTUO SANTANDER ESTRUCTURADO AHORRO+ UF,SANTANDER ASSET MANAGEMENT S.A. ADMINISTRADORA GENERAL DE FONDOS,No Vigente,Liquidado,Fondo Mutuo,2022120473646,https://www.cmfchile.cl/documentos/rfm/rfm_2022120473646.pdf,2022-12-13,2026-08-20
FM222153,2022-12-12,10394,FONDO DE INVERSIÓN LARRAÍN VIAL GALDANA VENTURES III,LARRAIN VIAL ACTIVOS S.A. ADMINISTRADORA GENERAL DE FONDOS,Vigente,,Fondo Inversión No Rescatable,2024060304334,https://www.cmfchile.cl/documentos/rfm/rfm_2024060304334.pdf,2024-06-04,2026-08-20
FM222152,2022-12-01,10393,FONDO MUTUO SCOTIA DEUDA GLOBAL DÓLAR,SCOTIA  ADMINISTRADORA GENERAL DE FONDOS CHILE S.A.,Vigente,,Fondo Mutuo,2025120895152,https://www.cmfchile.cl/documentos/rfm/rfm_2025120895152.pdf,2025-12-22,2026-08-20
FM222151,2022-12-01,10392,FONDO MUTUO SCOTIA RENTA VARIABLE GLOBAL DOLAR,SCOTIA  ADMINISTRADORA GENERAL DE FONDOS CHILE S.A.,Vigente,,Fondo Mutuo,2025120895148,https://www.cmfchile.cl/documentos/rfm/rfm_2025120895148.pdf,2025-12-22,2026-08-20
FM222150,2022-11-29,10391,FONDO DE INVERSION SINGULAR OAKTREE INFRA TRANSPORTATION,SINGULAR ASSET MANAGEMENT ADMINISTRADORA GENERAL DE FONDOS S.A.,Vigente,,Fondo Inversión No Rescatable,2022120488655,https://www.cmfchile.cl/documentos/rfm/rfm_2022120488655.pdf,2022-12-23,2026-08-20
FM222149,2022-11-28,10390,MONEDA GSI RENTAS LOGÍSTICAS II FONDO DE INVERSIÓN,MONEDA S.A. ADMINISTRADORA GENERAL DE FONDOS,Vigente,,Fondo Inversión No Rescatable,2025060408678,https://www.cmfchile.cl/documentos/rfm/rfm_2025060408678.pdf,2025-06-11,2026-08-20
FM222145,2022-11-25,10386,FONDO MUTUO SARTOR MIXTO III,SARTOR ADMINISTRADORA GENERAL DE FONDOS S.A.,Vigente,,Fondo Mutuo,2024100546688,https://www.cmfchile.cl/documentos/rfm/rfm_2024100546688.pdf,2024-10-22,2026-08-20
FM222143,2022-11-25,10384,FONDO MUTUO SARTOR DEUDA CORTO PLAZO I,SARTOR ADMINISTRADORA GENERAL DE FONDOS S.A.,Vigente,,Fondo Mutuo,2023010038646,https://www.cmfchile.cl/documentos/rfm/rfm_2023010038646.pdf,2023-01-26,2026-08-20
FM222144,2022-11-25,10385,FONDO MUTUO SARTOR MIXTO I,SARTOR ADMINISTRADORA GENERAL DE FONDOS S.A.,Vigente,,Fondo Mutuo,2024100546687,https://www.cmfchile.cl/documentos/rfm/rfm_2024100546687.pdf,2024-10-22,2026-08-20
FM222146,2022-11-25,10387,FONDO MUTUO SARTOR DEUDA CORTO PLAZO III,SARTOR ADMINISTRADORA GENERAL DE FONDOS S.A.,Vigente,,Fondo Mutuo,2023010038651,https://www.cmfchile.cl/documentos/rfm/rfm_2023010038651.pdf,2023-01-26,2026-08-20
FM222147,2022-11-25,10388,FONDO MUTUO SARTOR DEUDA CORTO PLAZO II,SARTOR ADMINISTRADORA GENERAL DE FONDOS S.A.,Vigente,,Fondo Mutuo,2023010038648,https://www.cmfchile.cl/documentos/rfm/rfm_2023010038648.pdf,2023-01-26,2026-08-20
FM222148,2022-11-25,10389,FONDO MUTUO SARTOR MIXTO II,SARTOR ADMINISTRADORA GENERAL DE FONDOS S.A.,Vigente,,Fondo Mutuo,2024100546686,https://www.cmfchile.cl/documentos/rfm/rfm_2024100546686.pdf,2024-10-22,2026-08-20
FM222142,2022-11-24,10383,FONDO MUTUO TOESCA WALLET HOLDO,TOESCA S.A.  ADMINISTRADORA GENERAL DE FONDOS,Vigente,,Fondo Mutuo,2025110817240,https://www.cmfchile.cl/documentos/rfm/rfm_2025110817240.pdf,2025-11-19,2026-08-20
FM222141,2022-11-22,10382,FONDO DE INVERSIÓN LARRAINVIAL ALTAMARCAM VALUE ADD REAL ESTATE ESPAÑA,LARRAINVIAL ASSET MANAGEMENT ADMINISTRADORA GENERAL DE FONDOS S.A.,Vigente,,Fondo Inversión No Rescatable,2023040151471,https://www.cmfchile.cl/documentos/rfm/rfm_2023040151471.pdf,2023-04-10,2026-08-20
FM222140,2022-11-21,10381,MBIQ CONVICCIÓN CHILE FONDO DE INVERSIÓN,MBI ADMINISTRADORA GENERAL DE FONDOS S.A.,Vigente,,Fondo Inversión Rescatable,2026010034378,https://www.cmfchile.cl/documentos/rfm/rfm_2026010034378.pdf,2026-08-05,2026-08-20
FM222139,2022-11-16,10380,FONDO DE INVERSIÓN FYNSA UF 2024,FYNSA ADMINISTRADORA GENERAL DE FONDOS S.A.,No Vigente,Liquidado,Fondo Inversión Rescatable,2023100438198,https://www.cmfchile.cl/documentos/rfm/rfm_2023100438198.pdf,2023-10-19,2026-08-20
FM222138,2022-11-16,10379,FONDO MUTUO BTG PACTUAL ESTRUCTURADO DÓLAR II,BTG PACTUAL CHILE S.A. ADMINISTRADORA GENERAL DE FONDOS,No Vigente,,Fondo Mutuo,2024050278396,https://www.cmfchile.cl/documentos/rfm/rfm_2024050278396.pdf,2024-05-17,2026-08-20
FM222135,2022-11-07,10376,FONDO DE INVERSION FYNSA DESARROLLO INMOBILIARIO III,FYNSA ADMINISTRADORA GENERAL DE FONDOS S.A.,Vigente,,Fondo Inversión No Rescatable,2022110423655,https://www.cmfchile.cl/documentos/rfm/rfm_2022110423655.pdf,2022-11-07,2026-08-20
FM222136,2022-11-07,10377,FONDO MUTUO BANCHILE DEPÓSITO UF PLUS I,BANCHILE ADMINISTRADORA GENERAL DE FONDOS S.A.,No Vigente,,Fondo Mutuo,2022110423663,https://www.cmfchile.cl/documentos/rfm/rfm_2022110423663.pdf,2022-11-07,2026-08-20
FM222137,2022-11-07,10378,FONDO MUTUO ESTRUCTURADO CREDICORP CAPITAL  RENTA NOMINAL,CREDICORP CAPITAL ASSET MANAGEMENT S.A. ADMINISTRADORA GENERAL DE FONDOS,No Vigente,Liquidado,Fondo Mutuo,2022110425084,https://www.cmfchile.cl/documentos/rfm/rfm_2022110425084.pdf,2022-11-07,2026-08-20
FM222134,2022-11-04,10375,FONDO MUTUO CREDICORP CAPITAL TOTAL RETURN,CREDICORP CAPITAL ASSET MANAGEMENT S.A. ADMINISTRADORA GENERAL DE FONDOS,No Vigente,,Fondo Mutuo,2023060274634,https://www.cmfchile.cl/documentos/rfm/rfm_2023060274634.pdf,2023-06-30,2026-08-20
FM222133,2022-11-03,10374,FONDO MUTUO BTG PACTUAL ESTRUCTURADO UF IV,BTG PACTUAL CHILE S.A. ADMINISTRADORA GENERAL DE FONDOS,No Vigente,Liquidado,Fondo Mutuo,2024110575046,https://www.cmfchile.cl/documentos/rfm/rfm_2024110575046.pdf,2024-11-07,2026-08-20
FM222132,2022-11-02,10373,FONDO MUTUO SURA ESTRUCTURADO UF V CHILE,ADMINISTRADORA GENERAL DE FONDOS SURA S.A.,No Vigente,,Fondo Mutuo,2024010056818,https://www.cmfchile.cl/documentos/rfm/rfm_2024010056818.pdf,2024-01-24,2026-08-20
FM222131,2022-11-02,10372,FONDO MUTUO SECURITY ESTRUCTURADO UF,ADMINISTRADORA GENERAL DE FONDOS  SECURITY S.A.,No Vigente,,Fondo Mutuo,2022110418021,https://www.cmfchile.cl/documentos/rfm/rfm_2022110418021.pdf,2022-11-02,2026-08-20
FM222128,2022-10-28,10369,FONDO MUTUO BICE DIGITAL ACCIONES CHILE ACTIVO,BICE INVERSIONES ADMINISTRADORA GENERAL DE FONDOS S.A.,Vigente,,Fondo Mutuo,2022120459273,https://www.cmfchile.cl/documentos/rfm/rfm_2022120459273.pdf,2022-12-01,2026-08-20
FM222127,2022-10-28,10368,FONDO MUTUO BICE DIGITAL LIQUIDEZ PESOS,BICE INVERSIONES ADMINISTRADORA GENERAL DE FONDOS S.A.,Vigente,,Fondo Mutuo,2022100414902,https://www.cmfchile.cl/documentos/rfm/rfm_2022100414902.pdf,2022-10-28,2026-08-20
FM222126,2022-10-28,10367,FONDO MUTUO BICE DIGITAL RENTA UF,BICE INVERSIONES ADMINISTRADORA GENERAL DE FONDOS S.A.,Vigente,,Fondo Mutuo,2023080340642,https://www.cmfchile.cl/documentos/rfm/rfm_2023080340642.pdf,2023-08-11,2026-08-20
FM222129,2022-10-28,10370,FONDO MUTUO BICE DIGITAL ACCIONES MUNDO SUSTENTABLE,BICE INVERSIONES ADMINISTRADORA GENERAL DE FONDOS S.A.,Vigente,,Fondo Mutuo,2022120459061,https://www.cmfchile.cl/documentos/rfm/rfm_2022120459061.pdf,2022-12-01,2026-08-20
FM222130,2022-10-28,10371,FONDO MUTUO CREDICORP CAPITAL ONCOLOGY IMPACT,CREDICORP CAPITAL ASSET MANAGEMENT S.A. ADMINISTRADORA GENERAL DE FONDOS,No Vigente,Liquidado,Fondo Mutuo,2023090384649,https://www.cmfchile.cl/documentos/rfm/rfm_2023090384649.pdf,2023-09-06,2026-08-20
FM222125,2022-10-26,10366,FONDO DE INVERSIÓN FALCOM GTCR PRIVATE EQUITY XIV,FALCOM ADMINISTRADORA GENERAL DE FONDOS S.A.,Vigente,,Fondo Inversión No Rescatable,2023030128976,https://www.cmfchile.cl/documentos/rfm/rfm_2023030128976.pdf,2023-03-27,2026-08-20
FM222124,2022-10-25,10365,BTG PACTUAL HAMILTON LANE PRIVATE DEBT EVERGREEN FONDO DE INVERSIÓN,BTG PACTUAL CHILE S.A. ADMINISTRADORA GENERAL DE FONDOS,Vigente,,Fondo Inversión No Rescatable,2024070370826,https://www.cmfchile.cl/documentos/rfm/rfm_2024070370826.pdf,2024-07-18,2026-08-20
FM222123,2022-10-24,10364,FONDO MUTUO BCI ESTRUCTURADO INVERSION NOMINAL III,BCI ASSET MANAGEMENT ADMINISTRADORA  GENERAL DE FONDOS S.A.,No Vigente,,Fondo Mutuo,2022100407104,https://www.cmfchile.cl/documentos/rfm/rfm_2022100407104.pdf,2022-10-24,2026-08-20
FM222122,2022-10-24,10363,FONDO DE INVERSION SECURITY DRIFWOOD,ADMINISTRADORA GENERAL DE FONDOS  SECURITY S.A.,No Vigente,,Fondo Inversión No Rescatable,2024070366594,https://www.cmfchile.cl/documentos/rfm/rfm_2024070366594.pdf,2024-07-15,2026-08-20
FM222121,2022-10-21,10362,FONDO DE INVERSION HI VENTURE CAPITAL IV,BANCHILE ADMINISTRADORA GENERAL DE FONDOS S.A.,Vigente,,Fondo Inversión No Rescatable,2024080431646,https://www.cmfchile.cl/documentos/rfm/rfm_2024080431646.pdf,2024-08-13,2026-08-20
FM222120,2022-10-21,10361,FONDO MUTUO BCI ESTRUCTURADO INVERSION NOMINAL II,BCI ASSET MANAGEMENT ADMINISTRADORA  GENERAL DE FONDOS S.A.,No Vigente,,Fondo Mutuo,2022100403792,https://www.cmfchile.cl/documentos/rfm/rfm_2022100403792.pdf,2022-10-21,2026-08-20
FM222119,2022-10-21,10360,FONDO MUTUO BANCOESTADO CHILE ECOLOGICO,BANCOESTADO S.A. ADMINISTRADORA  GENERAL DE FONDOS,Vigente,,Fondo Mutuo,2024030152143,https://www.cmfchile.cl/documentos/rfm/rfm_2024030152143.pdf,2024-03-08,2026-08-20
FM222118,2022-10-20,10359,FONDO MUTUO BANCHILE DEPÓSITO PLUS XII,BANCHILE ADMINISTRADORA GENERAL DE FONDOS S.A.,No Vigente,Liquidado,Fondo Mutuo,2022100402670,https://www.cmfchile.cl/documentos/rfm/rfm_2022100402670.pdf,2022-10-20,2026-08-20
FM222117,2022-10-20,10358,FONDO MUTUO BCI MACH,BCI ASSET MANAGEMENT ADMINISTRADORA  GENERAL DE FONDOS S.A.,Vigente,,Fondo Mutuo,2022100401297,https://www.cmfchile.cl/documentos/rfm/rfm_2022100401297.pdf,2022-10-20,2026-08-20
FM222116,2022-10-19,10357,NEORENTAS ONCE FONDO DE INVERSIÓN,NEORENTAS S.A. ADMINISTRADORA GENERAL DE FONDOS,Vigente,,Fondo Inversión No Rescatable,2022120496098,https://www.cmfchile.cl/documentos/rfm/rfm_2022120496098.pdf,2022-12-28,2026-08-20
FM222115,2022-10-18,10356,FONDO DE INVERSIÓN SINGULAR LEASEBACK II,SINGULAR ASSET MANAGEMENT ADMINISTRADORA GENERAL DE FONDOS S.A.,Vigente,,Fondo Inversión No Rescatable,2023080344462,https://www.cmfchile.cl/documentos/rfm/rfm_2023080344462.pdf,2023-08-14,2026-08-20
FM222114,2022-10-18,10355,FONDO MUTUO BICE ESTRUCTURADO UF IV,BICE INVERSIONES ADMINISTRADORA GENERAL DE FONDOS S.A.,No Vigente,Liquidado,Fondo Mutuo,2023050229852,https://www.cmfchile.cl/documentos/rfm/rfm_2023050229852.pdf,2023-05-29,2026-08-20
FM222113,2022-10-18,10354,FONDO DE INVERSION FYNSA DESARROLLO INMOBILIARIO IV,FYNSA ADMINISTRADORA GENERAL DE FONDOS S.A.,No Vigente,Liquidado,Fondo Inversión No Rescatable,2022100398359,https://www.cmfchile.cl/documentos/rfm/rfm_2022100398359.pdf,2022-10-18,2026-08-20
FM222112,2022-10-13,10353,FONDO MUTUO BANCHILE DEPÓSITO PLUS XI,BANCHILE ADMINISTRADORA GENERAL DE FONDOS S.A.,No Vigente,Liquidado,Fondo Mutuo,2022100394103,https://www.cmfchile.cl/documentos/rfm/rfm_2022100394103.pdf,2022-10-13,2026-08-20
FM222111,2022-10-13,10352,FONDO DE INVERSIÓN CREDICORP CAPITAL PRIVATE DEBT IV,CREDICORP CAPITAL ASSET MANAGEMENT S.A. ADMINISTRADORA GENERAL DE FONDOS,Vigente,,Fondo Inversión No Rescatable,2024060323276,https://www.cmfchile.cl/documentos/rfm/rfm_2024060323276.pdf,2024-06-14,2026-08-20
FM222110,2022-10-07,10351,FONDO MUTUO SURA ESTRUCTURADO PESOS III CHILE,ADMINISTRADORA GENERAL DE FONDOS SURA S.A.,No Vigente,,Fondo Mutuo,2024010056768,https://www.cmfchile.cl/documentos/rfm/rfm_2024010056768.pdf,2024-01-24,2026-08-20
FM222109,2022-10-07,10350,FONDO MUTUO BANCOESTADO LIQUIDEZ III,BANCOESTADO S.A. ADMINISTRADORA  GENERAL DE FONDOS,No Vigente,,Fondo Mutuo,2024060300970,https://www.cmfchile.cl/documentos/rfm/rfm_2024060300970.pdf,2024-06-01,2026-08-20
FM222108,2022-10-06,10349,FONDO DE INVERSIÓN FYNSA VENTURE CAPITAL II,FYNSA ADMINISTRADORA GENERAL DE FONDOS S.A.,No Vigente,,Fondo Inversión No Rescatable,2022100386462,https://www.cmfchile.cl/documentos/rfm/rfm_2022100386462.pdf,2022-10-06,2026-08-20
FM222107,2022-10-05,10348,COMPASS DVA E-FUND FONDO DE INVERSIÓN,VINCI COMPASS S.A. ADMINISTRADORA GENERAL DE FONDOS,Vigente,,Fondo Inversión Rescatable,2024110642352,https://www.cmfchile.cl/documentos/rfm/rfm_2024110642352.pdf,2024-11-27,2026-08-20
FM222106,2022-10-03,10347,FONDO MUTUO SURA MONETARIO I CHILE EN LIQUIDACIÓN,ADMINISTRADORA GENERAL DE FONDOS SURA S.A.,No Vigente,,Fondo Mutuo,2024040219919,https://www.cmfchile.cl/documentos/rfm/rfm_2024040219919.pdf,2024-04-15,2026-08-20
FM222105,2022-09-29,10346,MBI DEUDA NOMINAL FONDO DE INVERSIÓN,MBI ADMINISTRADORA GENERAL DE FONDOS S.A.,No Vigente,,Fondo Inversión Rescatable,2025030176057,https://www.cmfchile.cl/documentos/rfm/rfm_2025030176057.pdf,2025-03-07,2026-08-20
FM222104,2022-09-28,10345,FONDO MUTUO SECURITY ESTRUCTURADO PESOS,ADMINISTRADORA GENERAL DE FONDOS  SECURITY S.A.,No Vigente,Liquidado,Fondo Mutuo,2022090374413,https://www.cmfchile.cl/documentos/rfm/rfm_2022090374413.pdf,2022-09-28,2026-08-20
FM222103,2022-09-27,10344,FONDO DE INVERSIÓN ACTIVA FINANCIAMIENTO ESTRUCTURADO II,LARRAIN VIAL ACTIVOS S.A. ADMINISTRADORA GENERAL DE FONDOS,Vigente,,Fondo Inversión No Rescatable,2026070433357,https://www.cmfchile.cl/documentos/rfm/rfm_2026070433357.pdf,2026-07-01,2026-08-20
FM222102,2022-09-21,10343,PICTON - VIP V FONDO DE INVERSIÓN,PICTON ADMINISTRADORA GENERAL DE FONDOS S.A.,Vigente,,Fondo Inversión No Rescatable,2025060405225,https://www.cmfchile.cl/documentos/rfm/rfm_2025060405225.pdf,2025-06-10,2026-08-20
FM222101,2022-09-21,10342,FONDO MUTUO SCOTIA ESTRUCTURADO DEUDA UF,SCOTIA  ADMINISTRADORA GENERAL DE FONDOS CHILE S.A.,No Vigente,Liquidado,Fondo Mutuo,2024100543055,https://www.cmfchile.cl/documentos/rfm/rfm_2024100543055.pdf,2024-10-21,2026-08-20
FM222100,2022-09-15,10341,TAURUS RENTA RESIDENCIAL FONDO DE INVERSIÓN,TAURUS ADMINISTRADORA GENERAL DE FONDOS S.A.,No Vigente,Liquidado,Fondo Inversión No Rescatable,2024110607344,https://www.cmfchile.cl/documentos/rfm/rfm_2024110607344.pdf,2024-11-20,2026-08-20
FM222099,2022-09-13,10340,FONDO DE INVERSIÓN FYNSA DEUDA INMOBILIARIA II,FYNSA ADMINISTRADORA GENERAL DE FONDOS S.A.,Vigente,,Fondo Inversión No Rescatable,2022090357475,https://www.cmfchile.cl/documentos/rfm/rfm_2022090357475.pdf,2022-09-13,2026-08-20
FM222098,2022-09-08,10339,FONDO DE INVERSIÓN CREDICORP CAPITAL INDEPENDENCIA US I,CREDICORP CAPITAL ASSET MANAGEMENT S.A. ADMINISTRADORA GENERAL DE FONDOS,No Vigente,Liquidado,Fondo Inversión No Rescatable,2022090352447,https://www.cmfchile.cl/documentos/rfm/rfm_2022090352447.pdf,2022-09-08,2026-08-20
FM222096,2022-09-07,10337,FONDO MUTUO SANTANDER ESTRUCTURADO AHORRO+ IV,SANTANDER ASSET MANAGEMENT S.A. ADMINISTRADORA GENERAL DE FONDOS,No Vigente,Liquidado,Fondo Mutuo,2022100411811,https://www.cmfchile.cl/documentos/rfm/rfm_2022100411811.pdf,2022-10-26,2026-08-20
FM222097,2022-09-07,10338,FONDO MUTUO SANTANDER ESTRUCTURADO UPSIDE TECH,SANTANDER ASSET MANAGEMENT S.A. ADMINISTRADORA GENERAL DE FONDOS,No Vigente,Liquidado,Fondo Mutuo,2022100411815,https://www.cmfchile.cl/documentos/rfm/rfm_2022100411815.pdf,2022-10-26,2026-08-20
FM222095,2022-09-06,10336,FONDO DE INVERSION ZURICH SMALL CAP CHILE,ZURICH CHILE ASSET MANAGEMENT ADMINISTRADORA GENERAL DE FONDOS S.A.,No Vigente,,Fondo Inversión Rescatable,2023120536843,https://www.cmfchile.cl/documentos/rfm/rfm_2023120536843.pdf,2023-12-07,2026-08-20
FM222093,2022-09-01,10334,FONDO DE INVERSIÓN VANTRUST MULTIFAMILY INMOBILIARIO I,VANTRUST CAPITAL ADMINISTRADORA GENERAL DE FONDOS S.A.,Vigente,,Fondo Inversión No Rescatable,2025120899344,https://www.cmfchile.cl/documentos/rfm/rfm_2025120899344.pdf,2025-12-23,2026-08-20
FM222094,2022-09-01,10335,FONDO DE INVERSIÓN HMC BRAZIL FUND,HMC S.A. ADMINISTRADORA GENERAL DE FONDOS,No Vigente,,Fondo Inversión No Rescatable,2022090343048,https://www.cmfchile.cl/documentos/rfm/rfm_2022090343048.pdf,2022-09-01,2026-08-20
FM222092,2022-08-29,10333,TOESCA AVENIDA NET LEASE US II FONDO DE INVERSIÓN,TOESCA S.A.  ADMINISTRADORA GENERAL DE FONDOS,Vigente,,Fondo Inversión No Rescatable,2022090358281,https://www.cmfchile.cl/documentos/rfm/rfm_2022090358281.pdf,2022-09-13,2026-08-20
FM222089,2022-08-25,10330,FONDO MUTUO PRUDENTIAL RENTA INTERNACIONAL,PRUDENTIAL ADMINISTRADORA GENERAL DE FONDOS S.A.,Vigente,,Fondo Mutuo,2026030223430,https://www.cmfchile.cl/documentos/rfm/rfm_2026030223430.pdf,2026-03-31,2026-08-20
FM222088,2022-08-25,10329,FONDO MUTUO PRUDENTIAL RENTA UF,PRUDENTIAL ADMINISTRADORA GENERAL DE FONDOS S.A.,Vigente,,Fondo Mutuo,2026020125740,https://www.cmfchile.cl/documentos/rfm/rfm_2026020125740.pdf,2026-02-20,2026-08-20
FM222091,2022-08-25,10332,FONDO MUTUO PRUDENTIAL ACCIONES MUNDO,PRUDENTIAL ADMINISTRADORA GENERAL DE FONDOS S.A.,Vigente,,Fondo Mutuo,2026030223411,https://www.cmfchile.cl/documentos/rfm/rfm_2026030223411.pdf,2026-03-31,2026-08-20
FM222090,2022-08-25,10331,FONDO MUTUO PRUDENTIAL ACCIONES CHILE,PRUDENTIAL ADMINISTRADORA GENERAL DE FONDOS S.A.,Vigente,,Fondo Mutuo,2026020125761,https://www.cmfchile.cl/documentos/rfm/rfm_2026020125761.pdf,2026-02-20,2026-08-20
FM222087,2022-08-18,10328,FONDO DE INVERSION BRAZIL INDEX,ITAU ADMINISTRADORA GENERAL DE FONDOS S.A.,No Vigente,,Fondo Inversión Rescatable,2024050249545,https://www.cmfchile.cl/documentos/rfm/rfm_2024050249545.pdf,2024-05-02,2026-08-20
FM222086,2022-08-18,10327,FONDO MUTUO CREDICORP CAPITAL INNOVACION LATAM,CREDICORP CAPITAL ASSET MANAGEMENT S.A. ADMINISTRADORA GENERAL DE FONDOS,No Vigente,,Fondo Mutuo,2023060257006,https://www.cmfchile.cl/documentos/rfm/rfm_2023060257006.pdf,2023-06-16,2026-08-20
FM222085,2022-08-17,10326,FONDO DE INVERSIÓN SECURITY DEUDA PRIVADA AUTOMOTRIZ,ADMINISTRADORA GENERAL DE FONDOS  SECURITY S.A.,No Vigente,Liquidado,Fondo Inversión No Rescatable,2024070344260,https://www.cmfchile.cl/documentos/rfm/rfm_2024070344260.pdf,2024-07-01,2026-08-20
FM222084,2022-08-11,10325,MONEDA CARLYLE ASIA PARTNERS VI FONDO DE INVERSIÓN,MONEDA S.A. ADMINISTRADORA GENERAL DE FONDOS,Vigente,,Fondo Inversión No Rescatable,2025080581898,https://www.cmfchile.cl/documentos/rfm/rfm_2025080581898.pdf,2025-08-22,2026-08-20
FM222082,2022-08-09,10323,FONDO DE INVERSIÓN ASSET RENTAS COMERCIALES VIVO,ASSET ADMINISTRADORA GENERAL DE FONDOS S.A.,Vigente,,Fondo Inversión No Rescatable,2026070460258,https://www.cmfchile.cl/documentos/rfm/rfm_2026070460258.pdf,2026-07-13,2026-08-20
FM222081,2022-08-09,10322,FONDO MUTUO BANCOESTADO LIQUIDEZ ASG,BANCOESTADO S.A. ADMINISTRADORA  GENERAL DE FONDOS,Vigente,,Fondo Mutuo,2025110786595,https://www.cmfchile.cl/documentos/rfm/rfm_2025110786595.pdf,2025-11-11,2026-08-20
FM222083,2022-08-09,10324,FONDO DE INVERSIÓN ASSET DEUDA VIVO,ASSET ADMINISTRADORA GENERAL DE FONDOS S.A.,Vigente,,Fondo Inversión No Rescatable,2026070481940,https://www.cmfchile.cl/documentos/rfm/rfm_2026070481940.pdf,2026-07-23,2026-08-20
FM222080,2022-08-08,10321,FONDO DE INVERSIÓN EUROPE MEDTOP TELEHEALTH,LARRAIN VIAL ACTIVOS S.A. ADMINISTRADORA GENERAL DE FONDOS,Vigente,,Fondo Inversión No Rescatable,2024050261945,https://www.cmfchile.cl/documentos/rfm/rfm_2024050261945.pdf,2024-05-08,2026-08-20
FM222079,2022-08-05,10320,FONDO MUTUO ELEVÉ PRUDENTE,LARRAINVIAL ASSET MANAGEMENT ADMINISTRADORA GENERAL DE FONDOS S.A.,No Vigente,,Fondo Mutuo,2023070315633,https://www.cmfchile.cl/documentos/rfm/rfm_2023070315633.pdf,2023-07-28,2026-08-20
FM222078,2022-08-03,10319,FONDO MUTUO BANCHILE ESTRUCTURADO DÓLAR,BANCHILE ADMINISTRADORA GENERAL DE FONDOS S.A.,No Vigente,Liquidado,Fondo Mutuo,2022080304600,https://www.cmfchile.cl/documentos/rfm/rfm_2022080304600.pdf,2022-08-03,2026-08-20
FM222077,2022-07-28,10318,FONDO DE INVERSIÓN LARRAINVIAL PROGRAMA DE ALTERNATIVOS,LARRAINVIAL ASSET MANAGEMENT ADMINISTRADORA GENERAL DE FONDOS S.A.,Vigente,,Fondo Inversión No Rescatable,2026070481942,https://www.cmfchile.cl/documentos/rfm/rfm_2026070481942.pdf,2026-07-23,2026-08-20
FM222076,2022-07-25,10317,FONDO MUTUO BCI ESTRUCTURADO INVERSION DOLAR,BCI ASSET MANAGEMENT ADMINISTRADORA  GENERAL DE FONDOS S.A.,No Vigente,Liquidado,Fondo Mutuo,2022070287987,https://www.cmfchile.cl/documentos/rfm/rfm_2022070287987.pdf,2022-07-25,2026-08-20
FM222074,2022-07-21,10315,BICE ESTRUCTURADO UF III,BICE INVERSIONES ADMINISTRADORA GENERAL DE FONDOS S.A.,No Vigente,Liquidado,Fondo Mutuo,2022070281946,https://www.cmfchile.cl/documentos/rfm/rfm_2022070281946.pdf,2022-07-21,2026-08-20
FM222075,2022-07-21,10316,AMERIS LGT MULTI-ALTERNATIVES FONDO DE INVERSIÓN,AMERIS CAPITAL ADMINISTRADORA GENERAL DE FONDOS S.A.,No Vigente,,Fondo Inversión No Rescatable,2022100411569,https://www.cmfchile.cl/documentos/rfm/rfm_2022100411569.pdf,2022-10-26,2026-08-20
FM222073,2022-07-20,10314,FONDO MUTUO SURA ESTRUCTURADO PESOS II CHILE,ADMINISTRADORA GENERAL DE FONDOS SURA S.A.,No Vigente,Liquidado,Fondo Mutuo,2024010056770,https://www.cmfchile.cl/documentos/rfm/rfm_2024010056770.pdf,2024-01-24,2026-08-20
FM222071,2022-07-19,10312,FONDO MUTUO BTG PACTUAL ESTRUCTURADO PROTECCIÓN USA 100,BTG PACTUAL CHILE S.A. ADMINISTRADORA GENERAL DE FONDOS,No Vigente,Liquidado,Fondo Mutuo,2022070279080,https://www.cmfchile.cl/documentos/rfm/rfm_2022070279080.pdf,2022-07-19,2026-08-20
FM222070,2022-07-19,10311,FONDO MUTUO ZURICH ESTRUCTURADO NOMINAL,ZURICH CHILE ASSET MANAGEMENT ADMINISTRADORA GENERAL DE FONDOS S.A.,No Vigente,Liquidado,Fondo Mutuo,2024020095442,https://www.cmfchile.cl/documentos/rfm/rfm_2024020095442.pdf,2024-02-09,2026-08-20
FM222072,2022-07-19,10313,FONDO MUTUO BTG PACTUAL ESTRUCTURADO PROTECCIÓN USA 108,BTG PACTUAL CHILE S.A. ADMINISTRADORA GENERAL DE FONDOS,No Vigente,,Fondo Mutuo,2022070291213,https://www.cmfchile.cl/documentos/rfm/rfm_2022070291213.pdf,2022-07-26,2026-08-20
FM222069,2022-07-18,10310,FONDO DE INVERSION PE CO-INVESTMENTS I,BANCHILE ADMINISTRADORA GENERAL DE FONDOS S.A.,No Vigente,,Fondo Inversión No Rescatable,2022070278317,https://www.cmfchile.cl/documentos/rfm/rfm_2022070278317.pdf,2022-07-18,2026-08-20
FM222068,2022-07-15,10309,FONDO DE INVERSIÓN PE SECONDARY DEAL II,BANCHILE ADMINISTRADORA GENERAL DE FONDOS S.A.,Vigente,,Fondo Inversión No Rescatable,2024060329142,https://www.cmfchile.cl/documentos/rfm/rfm_2024060329142.pdf,2024-06-19,2026-08-20
FM222067,2022-07-14,10308,FONDO DE INVERSIÓN SINGULAR PRIVATE EQUITY I,SINGULAR ASSET MANAGEMENT ADMINISTRADORA GENERAL DE FONDOS S.A.,Vigente,,Fondo Inversión No Rescatable,2023070283961,https://www.cmfchile.cl/documentos/rfm/rfm_2023070283961.pdf,2023-07-06,2026-08-20
FM222066,2022-07-14,10307,FONDO MUTUO BCI ESTRUCTURADO INVERSION USD,BCI ASSET MANAGEMENT ADMINISTRADORA  GENERAL DE FONDOS S.A.,No Vigente,,Fondo Mutuo,2022070273138,https://www.cmfchile.cl/documentos/rfm/rfm_2022070273138.pdf,2022-07-14,2026-08-20
FM222065,2022-07-08,10306,COMPASS ALTERNATIVES SOLUTION FONDO DE INVERSIÓN,VINCI COMPASS S.A. ADMINISTRADORA GENERAL DE FONDOS,No Vigente,Liquidado,Fondo Inversión No Rescatable,2023060256603,https://www.cmfchile.cl/documentos/rfm/rfm_2023060256603.pdf,2023-06-16,2026-08-20
FM222063,2022-07-07,10304,FONDO MUTUO SANTANDER ESTRUCTURADO AHORRO+ III,SANTANDER ASSET MANAGEMENT S.A. ADMINISTRADORA GENERAL DE FONDOS,No Vigente,Liquidado,Fondo Mutuo,2022080306457,https://www.cmfchile.cl/documentos/rfm/rfm_2022080306457.pdf,2022-08-04,2026-08-20
FM222064,2022-07-07,10305,FONDO DE INVERSIÓN SECURITY GLOBAL INVESTMENT,ADMINISTRADORA GENERAL DE FONDOS  SECURITY S.A.,No Vigente,Liquidado,Fondo Inversión No Rescatable,2022070264517,https://www.cmfchile.cl/documentos/rfm/rfm_2022070264517.pdf,2022-07-07,2026-08-20
FM222062,2022-07-06,10303,FONDO MUTUO BTG PACTUAL ESTRUCTURADO DÓLAR,BTG PACTUAL CHILE S.A. ADMINISTRADORA GENERAL DE FONDOS,No Vigente,Liquidado,Fondo Mutuo,2024050278367,https://www.cmfchile.cl/documentos/rfm/rfm_2024050278367.pdf,2024-05-17,2026-08-20
FM222061,2022-07-05,10302,BICE RENTAS INMOBILIARIAS GLOBAL FONDO DE INVERSIÓN,BICE INVERSIONES ADMINISTRADORA GENERAL DE FONDOS S.A.,Vigente,,Fondo Inversión No Rescatable,2026060429944,https://www.cmfchile.cl/documentos/rfm/rfm_2026060429944.pdf,2026-06-30,2026-08-20
FM222060,2022-07-04,10301,FONDO DE INVERSIÓN FYNSA GLOBAL CORE BETA,FYNSA ADMINISTRADORA GENERAL DE FONDOS S.A.,No Vigente,Liquidado,Fondo Inversión Rescatable,2022070257066,https://www.cmfchile.cl/documentos/rfm/rfm_2022070257066.pdf,2022-07-04,2026-08-20
FM222059,2022-07-04,10300,FONDO MUTUO CLEVER UF,BICE INVERSIONES ADMINISTRADORA GENERAL DE FONDOS S.A.,No Vigente,,Fondo Mutuo,2024030174805,https://www.cmfchile.cl/documentos/rfm/rfm_2024030174805.pdf,2024-03-22,2026-08-20
FM222058,2022-07-01,10299,FONDO DE INVERSION AXON AURORA II,BANCHILE ADMINISTRADORA GENERAL DE FONDOS S.A.,No Vigente,,Fondo Inversión No Rescatable,2022070254999,https://www.cmfchile.cl/documentos/rfm/rfm_2022070254999.pdf,2022-07-01,2026-08-20
FM222057,2022-06-30,10298,FONDO MUTUO SURA ESTRUCTURADO UF III CHILE,ADMINISTRADORA GENERAL DE FONDOS SURA S.A.,No Vigente,Liquidado,Fondo Mutuo,2022060253452,https://www.cmfchile.cl/documentos/rfm/rfm_2022060253452.pdf,2022-06-30,2026-08-20
FM222053,2022-06-23,10294,FONDO MUTUO ITAU PRINCIPAL LIFETIME 2030,ITAU ADMINISTRADORA GENERAL DE FONDOS S.A.,No Vigente,,Fondo Mutuo,2022060243862,https://www.cmfchile.cl/documentos/rfm/rfm_2022060243862.pdf,2022-06-23,2026-08-20
FM222054,2022-06-23,10295,FONDO MUTUO ITAU PRINCIPAL LIFETIME 2040,ITAU ADMINISTRADORA GENERAL DE FONDOS S.A.,No Vigente,,Fondo Mutuo,2022060243877,https://www.cmfchile.cl/documentos/rfm/rfm_2022060243877.pdf,2022-06-23,2026-08-20
FM222055,2022-06-23,10296,FONDO MUTUO ITAU PRINCIPAL LIFETIME 2050,ITAU ADMINISTRADORA GENERAL DE FONDOS S.A.,No Vigente,,Fondo Mutuo,2022060243907,https://www.cmfchile.cl/documentos/rfm/rfm_2022060243907.pdf,2022-06-23,2026-08-20
FM222056,2022-06-23,10297,FONDO MUTUO ITAU PRINCIPAL LIFETIME 2060,ITAU ADMINISTRADORA GENERAL DE FONDOS S.A.,No Vigente,,Fondo Mutuo,2022060243940,https://www.cmfchile.cl/documentos/rfm/rfm_2022060243940.pdf,2022-06-23,2026-08-20
FM222052,2022-06-22,10293,PICTON - TPG IX FONDO DE INVERSIÓN,PICTON ADMINISTRADORA GENERAL DE FONDOS S.A.,Vigente,,Fondo Inversión No Rescatable,2025060405223,https://www.cmfchile.cl/documentos/rfm/rfm_2025060405223.pdf,2025-06-10,2026-08-20
FM222051,2022-06-20,10292,FONDO DE INVERSIÓN LARRAÍN VIAL APOLLO X,LARRAIN VIAL ACTIVOS S.A. ADMINISTRADORA GENERAL DE FONDOS,Vigente,,Fondo Inversión No Rescatable,2024050261934,https://www.cmfchile.cl/documentos/rfm/rfm_2024050261934.pdf,2024-05-08,2026-08-20
FM222050,2022-06-20,10291,FONDO DE INVERSIÓN HPH III,LARRAIN VIAL ACTIVOS S.A. ADMINISTRADORA GENERAL DE FONDOS,Vigente,,Fondo Inversión No Rescatable,2025080553752,https://www.cmfchile.cl/documentos/rfm/rfm_2025080553752.pdf,2025-08-07,2026-08-20
FM222049,2022-06-17,10290,BICE THOMA BRAVO XV FONDO DE INVERSIÓN,BICE INVERSIONES ADMINISTRADORA GENERAL DE FONDOS S.A.,Vigente,,Fondo Inversión No Rescatable,2023060260202,https://www.cmfchile.cl/documentos/rfm/rfm_2023060260202.pdf,2023-06-20,2026-08-20
FM222048,2022-06-15,10289,AMERIS PRIVATE EQUITY SLP VII FONDO DE INVERSIÓN,AMERIS CAPITAL ADMINISTRADORA GENERAL DE FONDOS S.A.,No Vigente,,Fondo Inversión No Rescatable,2022060233644,https://www.cmfchile.cl/documentos/rfm/rfm_2022060233644.pdf,2022-06-15,2026-08-20
FM222047,2022-06-14,10288,FONDO MUTUO SANTANDER ESTRUCTURADO AHORRO+ DOLAR,SANTANDER ASSET MANAGEMENT S.A. ADMINISTRADORA GENERAL DE FONDOS,No Vigente,Liquidado,Fondo Mutuo,2022070264464,https://www.cmfchile.cl/documentos/rfm/rfm_2022070264464.pdf,2022-07-07,2026-08-20
FM222046,2022-06-14,10287,FONDO MUTUO SANTANDER ESTRUCTURADO UPSIDE USA,SANTANDER ASSET MANAGEMENT S.A. ADMINISTRADORA GENERAL DE FONDOS,No Vigente,Liquidado,Fondo Mutuo,2022070296145,https://www.cmfchile.cl/documentos/rfm/rfm_2022070296145.pdf,2022-07-28,2026-08-20
FM222045,2022-06-14,10286,FONDO DE INVERSIÓN SARTOR CAPITAL EFECTIVO,SARTOR ADMINISTRADORA GENERAL DE FONDOS S.A.,Vigente,,Fondo Inversión Rescatable,2024050299622,https://www.cmfchile.cl/documentos/rfm/rfm_2024050299622.pdf,2024-05-31,2026-08-20
FM222043,2022-06-08,10284,FONDO MUTUO BANCOESTADO LIQUIDEZ,BANCOESTADO S.A. ADMINISTRADORA  GENERAL DE FONDOS,No Vigente,,Fondo Mutuo,2024020076224,https://www.cmfchile.cl/documentos/rfm/rfm_2024020076224.pdf,2024-02-01,2026-08-20
FM222044,2022-06-08,10285,FONDO DE INVERSIÓN CREDICORP CAPITAL RENTA  RESIDENCIAL III,CREDICORP CAPITAL ASSET MANAGEMENT S.A. ADMINISTRADORA GENERAL DE FONDOS,Vigente,,Fondo Inversión No Rescatable,2023060244343,https://www.cmfchile.cl/documentos/rfm/rfm_2023060244343.pdf,2023-06-07,2026-08-20
FM222042,2022-06-03,10283,FONDO DE INVERSIÓN HMC RENTA GLOBAL USD,HMC S.A. ADMINISTRADORA GENERAL DE FONDOS,Vigente,,Fondo Inversión Rescatable,2023040148549,https://www.cmfchile.cl/documentos/rfm/rfm_2023040148549.pdf,2026-08-14,2026-08-20
FM222041,2022-06-03,10282,FONDO MUTUO SURA MONEY MARKET DÓLAR,ADMINISTRADORA GENERAL DE FONDOS SURA S.A.,Vigente,,Fondo Mutuo,2025100675236,https://www.cmfchile.cl/documentos/rfm/rfm_2025100675236.pdf,2025-10-02,2026-08-20
FM222040,2022-05-30,10281,CCLA CRÉDITO PRIVADO CP FONDO DE INVERSIÓN,VINCI COMPASS S.A. ADMINISTRADORA GENERAL DE FONDOS,No Vigente,Liquidado,Fondo Inversión No Rescatable,2023060252218,https://www.cmfchile.cl/documentos/rfm/rfm_2023060252218.pdf,2023-06-14,2026-08-20
FM222039,2022-05-27,10280,FONDO DE INVERSIÓN BLACK SALMON U.S. INDUSTRIAL OPPORTUNITY I,LARRAINVIAL ASSET MANAGEMENT ADMINISTRADORA GENERAL DE FONDOS S.A.,Vigente,,Fondo Inversión No Rescatable,2023060262748,https://www.cmfchile.cl/documentos/rfm/rfm_2023060262748.pdf,2023-06-22,2026-08-20
FM222038,2022-05-24,10279,FONDO MUTUO SANTANDER ESTRUCTURADO AHORRO+ II,SANTANDER ASSET MANAGEMENT S.A. ADMINISTRADORA GENERAL DE FONDOS,No Vigente,Liquidado,Fondo Mutuo,2022050202485,https://www.cmfchile.cl/documentos/rfm/rfm_2022050202485.pdf,2022-05-24,2026-08-20
FM222037,2022-05-23,10278,FONDO DE INVERSIÓN HMC GUARDIAN BALANCEADO,HMC S.A. ADMINISTRADORA GENERAL DE FONDOS,Vigente,,Fondo Inversión Rescatable,2024120668048,https://www.cmfchile.cl/documentos/rfm/rfm_2024120668048.pdf,2024-12-03,2026-08-20
FM222036,2022-05-19,10277,FONDO DE INVERSION PRIVATE OPPORTUNITIES II,BANCHILE ADMINISTRADORA GENERAL DE FONDOS S.A.,No Vigente,,Fondo Inversión No Rescatable,2022070277278,https://www.cmfchile.cl/documentos/rfm/rfm_2022070277278.pdf,2022-07-18,2026-08-20
FM222035,2022-05-19,10276,FONDO MUTUO BICE ESTRUCTURADO DÓLAR,BICE INVERSIONES ADMINISTRADORA GENERAL DE FONDOS S.A.,No Vigente,Liquidado,Fondo Mutuo,2022050195418,https://www.cmfchile.cl/documentos/rfm/rfm_2022050195418.pdf,2022-05-19,2026-08-20
FM222034,2022-05-18,10275,FONDO MUTUO VINCI COMPASS EQUILIBRIO,VINCI COMPASS S.A. ADMINISTRADORA GENERAL DE FONDOS,Vigente,,Fondo Mutuo,2025100754708,https://www.cmfchile.cl/documentos/rfm/rfm_2025100754708.pdf,2025-10-30,2026-08-20
FM222033,2022-05-17,10274,PICTON - WPGG 14 FONDO DE INVERSIÓN,PICTON ADMINISTRADORA GENERAL DE FONDOS S.A.,Vigente,,Fondo Inversión No Rescatable,2025060405156,https://www.cmfchile.cl/documentos/rfm/rfm_2025060405156.pdf,2025-06-10,2026-08-20
FM222032,2022-05-17,10273,VINCI COMPASS CINVEN VIII PRIVATE EQUITY FONDO DE INVERSIÓN,VINCI COMPASS S.A. ADMINISTRADORA GENERAL DE FONDOS,Vigente,,Fondo Inversión No Rescatable,2026060415851,https://www.cmfchile.cl/documentos/rfm/rfm_2026060415851.pdf,2026-06-23,2026-08-20
FM222031,2022-05-17,10272,VINCI COMPASS BCP IX PRIVATE EQUITY FONDO DE INVERSIÓN,VINCI COMPASS S.A. ADMINISTRADORA GENERAL DE FONDOS,Vigente,,Fondo Inversión No Rescatable,2026060404202,https://www.cmfchile.cl/documentos/rfm/rfm_2026060404202.pdf,2026-06-17,2026-08-20
FM222030,2022-05-16,10271,BTG PACTUAL MIGRANTE FONDO DE INVERSIÓN,BTG PACTUAL CHILE S.A. ADMINISTRADORA GENERAL DE FONDOS,No Vigente,Liquidado,Fondo Inversión No Rescatable,2024030150905,https://www.cmfchile.cl/documentos/rfm/rfm_2024030150905.pdf,2024-03-07,2026-08-20
FM222029,2022-05-16,10270,AMERIS EMERGING MARKETS DEBT FONDO DE INVERSIÓN,AMERIS CAPITAL ADMINISTRADORA GENERAL DE FONDOS S.A.,No Vigente,Liquidado,Fondo Inversión Rescatable,2022090374313,https://www.cmfchile.cl/documentos/rfm/rfm_2022090374313.pdf,2022-09-28,2026-08-20
FM222028,2022-05-13,10269,FONDO MUTUO BANCHILE DEPÓSITO PLUS X,BANCHILE ADMINISTRADORA GENERAL DE FONDOS S.A.,No Vigente,Liquidado,Fondo Mutuo,2022050188555,https://www.cmfchile.cl/documentos/rfm/rfm_2022050188555.pdf,2022-05-13,2026-08-20
FM222027,2022-05-11,10268,AMERIS SINDICADO DÓLAR 2 FONDO DE INVERSIÓN,AMERIS CAPITAL ADMINISTRADORA GENERAL DE FONDOS S.A.,Vigente,,Fondo Inversión No Rescatable,2022050185670,https://www.cmfchile.cl/documentos/rfm/rfm_2022050185670.pdf,2022-05-11,2026-08-20
FM222026,2022-05-11,10267,FONDO MUTUO BCI ESTRUCTURADO INVERSION NOMINAL,BCI ASSET MANAGEMENT ADMINISTRADORA  GENERAL DE FONDOS S.A.,No Vigente,Liquidado,Fondo Mutuo,2023090396784,https://www.cmfchile.cl/documentos/rfm/rfm_2023090396784.pdf,2023-09-15,2026-08-20
FM222024,2022-05-10,10265,FONDO DE INVERSIÓN C2V GLOBAL,FINASSET ADMINISTRADORA GENERAL DE FONDOS S.A.,Vigente,,Fondo Inversión Rescatable,2025110835495,https://www.cmfchile.cl/documentos/rfm/rfm_2025110835495.pdf,2025-11-28,2026-08-20
FM222025,2022-05-10,10266,FONDO DE INVERSIÓN DEUDA PRIVADA I,BANCHILE ADMINISTRADORA GENERAL DE FONDOS S.A.,Vigente,,Fondo Inversión No Rescatable,2026050316255,https://www.cmfchile.cl/documentos/rfm/rfm_2026050316255.pdf,2026-05-07,2026-08-20
FM222023,2022-05-09,10264,FONDO MUTUO SURA ESTRUCTURADO PESOS CHILE,ADMINISTRADORA GENERAL DE FONDOS SURA S.A.,No Vigente,Liquidado,Fondo Mutuo,2022050181258,https://www.cmfchile.cl/documentos/rfm/rfm_2022050181258.pdf,2022-05-09,2026-08-20
FM222022,2022-05-06,10263,FONDO DE INVERSIÓN LINK - PG DIRECT V,LINK CAPITAL PARTNERS ADMINISTRADORA GENERAL DE FONDOS S.A.,Vigente,,Fondo Inversión No Rescatable,2024050263221,https://www.cmfchile.cl/documentos/rfm/rfm_2024050263221.pdf,2024-05-09,2026-08-20
FM222021,2022-05-05,10262,XLC VEX SECONDARIES I FONDO DE INVERSIÓN,XLC ADMINISTRADORA GENERAL DE FONDOS S.A.,No Vigente,,Fondo Inversión No Rescatable,2022050177098,https://www.cmfchile.cl/documentos/rfm/rfm_2022050177098.pdf,2022-05-05,2026-08-20
FM222020,2022-04-29,10261,FONDO MUTUO SURA RENTA CORTO PLAZO UF CHILE,ADMINISTRADORA GENERAL DE FONDOS SURA S.A.,Vigente,,Fondo Mutuo,2026010025516,https://www.cmfchile.cl/documentos/rfm/rfm_2026010025516.pdf,2026-01-12,2026-08-20
FM222019,2022-04-28,10260,FONDO MUTUO LARRAINVIAL AHORRO ACTIVO,LARRAINVIAL ASSET MANAGEMENT ADMINISTRADORA GENERAL DE FONDOS S.A.,Vigente,,Fondo Mutuo,2025080596055,https://www.cmfchile.cl/documentos/rfm/rfm_2025080596055.pdf,2025-08-29,2026-08-20
FM222018,2022-04-28,10259,FONDO MUTUO ELEVÉ EQUILIBRIO,LARRAINVIAL ASSET MANAGEMENT ADMINISTRADORA GENERAL DE FONDOS S.A.,No Vigente,,Fondo Mutuo,2023070315605,https://www.cmfchile.cl/documentos/rfm/rfm_2023070315605.pdf,2023-07-28,2026-08-20
FM222017,2022-04-28,10258,FONDO MUTUO ELEVÉ RENDIMIENTO,LARRAINVIAL ASSET MANAGEMENT ADMINISTRADORA GENERAL DE FONDOS S.A.,No Vigente,,Fondo Mutuo,2023070315641,https://www.cmfchile.cl/documentos/rfm/rfm_2023070315641.pdf,2023-07-28,2026-08-20
FM222016,2022-04-28,10257,FONDO DE INVERSION LINK - DEUDA PRIVADA RENTAS ERNC,LINK CAPITAL PARTNERS ADMINISTRADORA GENERAL DE FONDOS S.A.,Vigente,,Fondo Inversión No Rescatable,2024050265471,https://www.cmfchile.cl/documentos/rfm/rfm_2024050265471.pdf,2024-05-10,2026-08-20
FM222015,2022-04-26,10256,FONDO DE INVERSION ASSET RENTAS INDUSTRIALES,ASSET ADMINISTRADORA GENERAL DE FONDOS S.A.,Vigente,,Fondo Inversión No Rescatable,2026070438270,https://www.cmfchile.cl/documentos/rfm/rfm_2026070438270.pdf,2026-07-03,2026-08-20
FM222014,2022-04-22,10255,FONDO DE INVERSION BANCHILE BLACKROCK JAPON,BANCHILE ADMINISTRADORA GENERAL DE FONDOS S.A.,No Vigente,,Fondo Inversión Rescatable,2022040156642,https://www.cmfchile.cl/documentos/rfm/rfm_2022040156642.pdf,2022-04-22,2026-08-20
FM222013,2022-04-22,10254,FONDO MUTUO SANTANDER ESTRUCTURADO AHORRO+,SANTANDER ASSET MANAGEMENT S.A. ADMINISTRADORA GENERAL DE FONDOS,No Vigente,Liquidado,Fondo Mutuo,2022040165083,https://www.cmfchile.cl/documentos/rfm/rfm_2022040165083.pdf,2022-04-28,2026-08-20
FM222012,2022-04-21,10253,FONDO MUTUO CLEVER AHORRO,BICE INVERSIONES ADMINISTRADORA GENERAL DE FONDOS S.A.,No Vigente,,Fondo Mutuo,2024030173970,https://www.cmfchile.cl/documentos/rfm/rfm_2024030173970.pdf,2024-03-22,2026-08-20
FM222011,2022-04-13,10252,MBI DEUDA PRIVADA II FONDO DE INVERSIÓN,MBI ADMINISTRADORA GENERAL DE FONDOS S.A.,Vigente,,Fondo Inversión No Rescatable,2026020134472,https://www.cmfchile.cl/documentos/rfm/rfm_2026020134472.pdf,2026-02-25,2026-08-20
FM222010,2022-04-11,10251,FONDO DE INVERSION BANCHILE MARKETPLUS UK,BANCHILE ADMINISTRADORA GENERAL DE FONDOS S.A.,No Vigente,,Fondo Inversión Rescatable,2022050178574,https://www.cmfchile.cl/documentos/rfm/rfm_2022050178574.pdf,2022-05-06,2026-08-20
FM222009,2022-04-08,10250,FONDO MUTUO BCI ESTRUCTURADO INVERSION UF,BCI ASSET MANAGEMENT ADMINISTRADORA  GENERAL DE FONDOS S.A.,No Vigente,Liquidado,Fondo Mutuo,2023090396635,https://www.cmfchile.cl/documentos/rfm/rfm_2023090396635.pdf,2023-09-15,2026-08-20
FM222008,2022-04-06,10249,PICTON - KKR EUROPE VI FONDO DE INVERSIÓN,PICTON ADMINISTRADORA GENERAL DE FONDOS S.A.,Vigente,,Fondo Inversión No Rescatable,2025060408331,https://www.cmfchile.cl/documentos/rfm/rfm_2025060408331.pdf,2025-06-10,2026-08-20
FM222007,2022-04-05,10248,VOLCOMCAPITAL PE SECONDARY IV FONDO DE INVERSIÓN,VOLCOMCAPITAL ADMINISTRADORA GENERAL DE FONDOS S.A.,Vigente,,Fondo Inversión No Rescatable,2024100544798,https://www.cmfchile.cl/documentos/rfm/rfm_2024100544798.pdf,2024-10-21,2026-08-20
FM222006,2022-04-01,10247,FONDO DE INVERSION BCI ADLER V,BCI ASSET MANAGEMENT ADMINISTRADORA  GENERAL DE FONDOS S.A.,Vigente,,Fondo Inversión No Rescatable,2022040127669,https://www.cmfchile.cl/documentos/rfm/rfm_2022040127669.pdf,2022-04-01,2026-08-20
FM222005,2022-03-25,10246,FONDO MUTUO SURA ESTRUCTURADO UF II CHILE,ADMINISTRADORA GENERAL DE FONDOS SURA S.A.,No Vigente,,Fondo Mutuo,2024010056794,https://www.cmfchile.cl/documentos/rfm/rfm_2024010056794.pdf,2024-01-24,2026-08-20
FM222004,2022-03-24,10245,FONDO MUTUO SANTANDER SMART INVESTMENTS RENTA MP,SANTANDER ASSET MANAGEMENT S.A. ADMINISTRADORA GENERAL DE FONDOS,No Vigente,,Fondo Mutuo,2025060443041,https://www.cmfchile.cl/documentos/rfm/rfm_2025060443041.pdf,2025-06-27,2026-08-20
FM222001,2022-03-24,10243,FONDO MUTUO ITAU AHORRO UF,ITAU ADMINISTRADORA GENERAL DE FONDOS S.A.,Vigente,,Fondo Mutuo,2025120910292,https://www.cmfchile.cl/documentos/rfm/rfm_2025120910292.pdf,2025-12-31,2026-08-20
FM222000,2022-03-23,10242,FONDO DE INVERSIÓN HMC REAL ASSETS OPPORTUNITIES,HMC S.A. ADMINISTRADORA GENERAL DE FONDOS,Vigente,,Fondo Inversión No Rescatable,2026050315149,https://www.cmfchile.cl/documentos/rfm/rfm_2026050315149.pdf,2026-05-07,2026-08-20
FM221998,2022-03-23,10241,FONDO MUTUO SANTANDER SMART INVESTMENTS RENTA LP,SANTANDER ASSET MANAGEMENT S.A. ADMINISTRADORA GENERAL DE FONDOS,No Vigente,,Fondo Mutuo,2025060443074,https://www.cmfchile.cl/documentos/rfm/rfm_2025060443074.pdf,2025-06-27,2026-08-20
FM221997,2022-03-21,10240,FONDO MUTUO BTG PACTUAL ESTRUCTURADO PROTECCIÓN UF III,BTG PACTUAL CHILE S.A. ADMINISTRADORA GENERAL DE FONDOS,No Vigente,,Fondo Mutuo,2024030186938,https://www.cmfchile.cl/documentos/rfm/rfm_2024030186938.pdf,2024-03-28,2026-08-20
FM221996,2022-03-21,10239,FONDO DE INVERSION FYNSA VENTURE DEBT LATAM,FYNSA ADMINISTRADORA GENERAL DE FONDOS S.A.,No Vigente,,Fondo Inversión No Rescatable,2022030108658,https://www.cmfchile.cl/documentos/rfm/rfm_2022030108658.pdf,2022-03-21,2026-08-20
FM221995,2022-03-18,10238,FRONTAL TRUST – CORDADA RENDIMIENTO CON LIQUIDEZ USD FONDO DE INVERSIÓN,FRONTAL TRUST ADMINISTRADORA GENERAL DE FONDOS S.A.,Vigente,,Fondo Inversión No Rescatable,2026050357335,https://www.cmfchile.cl/documentos/rfm/rfm_2026050357335.pdf,2026-05-28,2026-08-20
FM221994,2022-03-11,10237,FONDO DE INVERSION PRIVATE MARKETS EQUITY EVERGREEN,BANCHILE ADMINISTRADORA GENERAL DE FONDOS S.A.,Vigente,,Fondo Inversión No Rescatable,2025050327891,https://www.cmfchile.cl/documentos/rfm/rfm_2025050327891.pdf,2025-05-02,2026-08-20
FM221993,2022-03-11,10236,VINCI COMPASS VEPF VIII PRIVATE EQUITY FONDO DE INVERSIÓN,VINCI COMPASS S.A. ADMINISTRADORA GENERAL DE FONDOS,Vigente,,Fondo Inversión No Rescatable,2026060414316,https://www.cmfchile.cl/documentos/rfm/rfm_2026060414316.pdf,2026-06-22,2026-08-20
FM221992,2022-03-10,10235,FONDO MUTUO COMPASS PROTECCIÓN,VINCI COMPASS S.A. ADMINISTRADORA GENERAL DE FONDOS,Vigente,,Fondo Mutuo,2025030192066,https://www.cmfchile.cl/documentos/rfm/rfm_2025030192066.pdf,2025-03-12,2026-08-20
FM221990,2022-03-09,10233,FONDO DE INVERSIÓN NEVASA CHILE AXION,NVS ADMINISTRADORA GENERAL DE FONDOS S.A.,Vigente,,Fondo Inversión Rescatable,2023090390061,https://www.cmfchile.cl/documentos/rfm/rfm_2023090390061.pdf,2023-09-11,2026-08-20
FM221991,2022-03-09,10234,FONDO DE INVERSION NEVASA PROTECCION,NVS ADMINISTRADORA GENERAL DE FONDOS S.A.,Vigente,,Fondo Inversión Rescatable,2023090390058,https://www.cmfchile.cl/documentos/rfm/rfm_2023090390058.pdf,2023-09-11,2026-08-20
FM221989,2022-03-08,10232,FONDO DE INVERSIÓN REAL ESTATE USA II,BANCHILE ADMINISTRADORA GENERAL DE FONDOS S.A.,Vigente,,Fondo Inversión No Rescatable,2024100507913,https://www.cmfchile.cl/documentos/rfm/rfm_2024100507913.pdf,2024-10-01,2026-08-20
FM221988,2022-03-08,10231,BICE STEPSTONE SSOF V FONDO DE INVERSIÓN,BICE INVERSIONES ADMINISTRADORA GENERAL DE FONDOS S.A.,Vigente,,Fondo Inversión No Rescatable,2024090497905,https://www.cmfchile.cl/documentos/rfm/rfm_2024090497905.pdf,2024-09-25,2026-08-20
FM221987,2022-03-02,10230,FONDO DE INVERSION BCI REAL ESTATE LMV III,BCI ASSET MANAGEMENT ADMINISTRADORA  GENERAL DE FONDOS S.A.,No Vigente,Liquidado,Fondo Inversión No Rescatable,2022090342856,https://www.cmfchile.cl/documentos/rfm/rfm_2022090342856.pdf,2022-09-01,2026-08-20
FM221986,2022-03-02,10229,FONDO MUTUO BCI ESTRUCTURADO UF +,BCI ASSET MANAGEMENT ADMINISTRADORA  GENERAL DE FONDOS S.A.,No Vigente,Liquidado,Fondo Mutuo,2023080331388,https://www.cmfchile.cl/documentos/rfm/rfm_2023080331388.pdf,2023-07-26,2026-08-20
FM221985,2022-02-28,10228,BTG PACTUAL HASHDEX NASDAQ CRYPTO INDEX FONDO DE INVERSIÓN,BTG PACTUAL CHILE S.A. ADMINISTRADORA GENERAL DE FONDOS,Vigente,,Fondo Inversión Rescatable,2024040196153,https://www.cmfchile.cl/documentos/rfm/rfm_2024040196153.pdf,2024-04-03,2026-08-20
FM221984,2022-02-25,10227,FONDO MUTUO BANCHILE GLOBAL MEGATENDENCIAS,BANCHILE ADMINISTRADORA GENERAL DE FONDOS S.A.,No Vigente,,Fondo Mutuo,2024010021708,https://www.cmfchile.cl/documentos/rfm/rfm_2024010021708.pdf,2024-01-09,2026-08-20
FM221983,2022-02-24,10226,FONDO MUTUO BANCHILE DEPÓSITO PLUS IX,BANCHILE ADMINISTRADORA GENERAL DE FONDOS S.A.,No Vigente,Liquidado,Fondo Mutuo,2022020078346,https://www.cmfchile.cl/documentos/rfm/rfm_2022020078346.pdf,2022-02-24,2026-08-20
FM221982,2022-02-23,10225,FONDO MUTUO BTG PACTUAL LITIO+,BTG PACTUAL CHILE S.A. ADMINISTRADORA GENERAL DE FONDOS,Vigente,,Fondo Mutuo,2023060249091,https://www.cmfchile.cl/documentos/rfm/rfm_2023060249091.pdf,2023-06-12,2026-08-20
FM221981,2022-02-22,10224,FONDO MUTUO BTG PACTUAL ESTRUCTURADO PROTECCIÓN USA,BTG PACTUAL CHILE S.A. ADMINISTRADORA GENERAL DE FONDOS,No Vigente,Liquidado,Fondo Mutuo,2024010072503,https://www.cmfchile.cl/documentos/rfm/rfm_2024010072503.pdf,2024-01-31,2026-08-20
FM221980,2022-02-21,10223,FONDO DE INVERSION F2 VC SELECT FUND I,BANCHILE ADMINISTRADORA GENERAL DE FONDOS S.A.,Vigente,,Fondo Inversión No Rescatable,2024080455551,https://www.cmfchile.cl/documentos/rfm/rfm_2024080455551.pdf,2024-08-28,2026-08-20
FM221979,2022-02-17,10222,FONDO MUTUO BICE ESTRUCTURADO UF II,BICE INVERSIONES ADMINISTRADORA GENERAL DE FONDOS S.A.,No Vigente,Liquidado,Fondo Mutuo,2022020068529,https://www.cmfchile.cl/documentos/rfm/rfm_2022020068529.pdf,2022-02-17,2026-08-20
FM221978,2022-02-15,10221,VOLCOMCAPITAL COINVERSIONES II FONDO DE INVERSIÓN,VOLCOMCAPITAL ADMINISTRADORA GENERAL DE FONDOS S.A.,Vigente,,Fondo Inversión No Rescatable,2023030119407,https://www.cmfchile.cl/documentos/rfm/rfm_2023030119407.pdf,2023-03-21,2026-08-20
FM221977,2022-02-01,10220,FONDO DE INVERSIÓN FALCOM US REAL ESTATE OPPORTUNITIES I,FALCOM ADMINISTRADORA GENERAL DE FONDOS S.A.,Vigente,,Fondo Inversión No Rescatable,2022040159186,https://www.cmfchile.cl/documentos/rfm/rfm_2022040159186.pdf,2022-04-25,2026-08-20
FM221976,2022-02-01,10219,MONEDA CARLYLE EUROPE TECHNOLOGY PARTNERS V FONDO DE INVERSIÓN,MONEDA S.A. ADMINISTRADORA GENERAL DE FONDOS,Vigente,,Fondo Inversión No Rescatable,2022020045072,https://www.cmfchile.cl/documentos/rfm/rfm_2022020045072.pdf,2022-02-01,2026-08-20
FM221975,2022-01-31,10218,FONDO DE INVERSIÓN ETF SINGULAR S&P 500,SINGULAR ASSET MANAGEMENT ADMINISTRADORA GENERAL DE FONDOS S.A.,Vigente,,Fondo Inversión Rescatable,2024120690555,https://www.cmfchile.cl/documentos/rfm/rfm_2024120690555.pdf,2024-12-16,2026-08-20
FM221974,2022-01-28,10217,AMERIS PRIVATE EQUITY NORDIC XI FONDO DE INVERSIÓN,AMERIS CAPITAL ADMINISTRADORA GENERAL DE FONDOS S.A.,Vigente,,Fondo Inversión No Rescatable,2022050174981,https://www.cmfchile.cl/documentos/rfm/rfm_2022050174981.pdf,2022-05-04,2026-08-20
FM221973,2022-01-25,10216,FONDO DE INVERSIÓN BANCHILE PROYECCION UF PLUS II,BANCHILE ADMINISTRADORA GENERAL DE FONDOS S.A.,No Vigente,Liquidado,Fondo Inversión No Rescatable,2022010033802,https://www.cmfchile.cl/documentos/rfm/rfm_2022010033802.pdf,2022-01-25,2026-08-20
FM221971,2022-01-21,10214,FONDO DE INVERSIÓN LARRAÍN VIAL PRIVATE EQUITY EUROPE VIII,LARRAIN VIAL ACTIVOS S.A. ADMINISTRADORA GENERAL DE FONDOS,No Vigente,,Fondo Inversión No Rescatable,2022040162779,https://www.cmfchile.cl/documentos/rfm/rfm_2022040162779.pdf,2022-04-27,2026-08-20
FM221970,2022-01-21,10213,FONDO DE INVERSIÓN ALZA MULTIFAMILY,ALZA ADMINISTRADORA GENERAL DE FONDOS S.A.,Vigente,,Fondo Inversión No Rescatable,2025070516135,https://www.cmfchile.cl/documentos/rfm/rfm_2025070516135.pdf,2025-07-23,2026-08-20
FM221972,2022-01-21,10215,FONDO DE INVERSIÓN FYNSA DEUDA PRIVADA USA,FYNSA ADMINISTRADORA GENERAL DE FONDOS S.A.,Vigente,,Fondo Inversión No Rescatable,2026060392875,https://www.cmfchile.cl/documentos/rfm/rfm_2026060392875.pdf,2026-06-11,2026-08-20
FM221968,2022-01-14,10211,FONDO DE INVERSIÓN VANTRUST MULTIFAMILY VALUE ADD - I,VANTRUST CAPITAL ADMINISTRADORA GENERAL DE FONDOS S.A.,No Vigente,,Fondo Inversión No Rescatable,2022010017991,https://www.cmfchile.cl/documentos/rfm/rfm_2022010017991.pdf,2022-01-14,2026-08-20
FM221969,2022-01-14,10212,FONDO DE INVERSIÓN FYNSA POMONA CAPITAL X,FYNSA ADMINISTRADORA GENERAL DE FONDOS S.A.,Vigente,,Fondo Inversión No Rescatable,2022010018669,https://www.cmfchile.cl/documentos/rfm/rfm_2022010018669.pdf,2022-01-14,2026-08-20
FM221967,2022-01-11,10210,FONDO MUTUO CREDICORP CAPITAL ONCOLOGY IMPACT,CREDICORP CAPITAL ASSET MANAGEMENT S.A. ADMINISTRADORA GENERAL DE FONDOS,No Vigente,,Fondo Mutuo,2022080304554,https://www.cmfchile.cl/documentos/rfm/rfm_2022080304554.pdf,2022-08-03,2026-08-20
FM221966,2022-01-11,10209,ASSET BGTF FONDO DE INVERSIÓN,ASSET ADMINISTRADORA GENERAL DE FONDOS S.A.,Vigente,,Fondo Inversión No Rescatable,2024050269297,https://www.cmfchile.cl/documentos/rfm/rfm_2024050269297.pdf,2024-05-14,2026-08-20
FM221965,2022-01-06,10208,FONDO MUTUO COOPEUCH COMPASS CONSERVADOR,VINCI COMPASS S.A. ADMINISTRADORA GENERAL DE FONDOS,Vigente,,Fondo Mutuo,2023020079198,https://www.cmfchile.cl/documentos/rfm/rfm_2023020079198.pdf,2023-02-21,2026-08-20
FM221964,2022-01-06,10207,COOPEUCH DVA BALANCEADO INNOVADOR FONDO DE INVERSIÓN,VINCI COMPASS S.A. ADMINISTRADORA GENERAL DE FONDOS,Vigente,,Fondo Inversión Rescatable,2024050270970,https://www.cmfchile.cl/documentos/rfm/rfm_2024050270970.pdf,2024-05-14,2026-08-20
FM221963,2022-01-06,10206,COOPEUCH DVA TRANSICIÓN ENERGÉTICA FONDO DE INVERSIÓN,AMERIS CAPITAL ADMINISTRADORA GENERAL DE FONDOS S.A.,No Vigente,,Fondo Inversión Rescatable,2023030111928,https://www.cmfchile.cl/documentos/rfm/rfm_2023030111928.pdf,2023-03-13,2026-08-20
FM221961,2022-01-06,10205,FONDO MUTUO COOPEUCH COMPASS AHORRO MEDIANO PLAZO,VINCI COMPASS S.A. ADMINISTRADORA GENERAL DE FONDOS,No Vigente,,Fondo Mutuo,2022120458137,https://www.cmfchile.cl/documentos/rfm/rfm_2022120458137.pdf,2022-12-01,2026-08-20
FM221960,2022-01-04,10204,FONDO DE INVERSIÓN FYNSA VENTURE CAPITAL I,FYNSA ADMINISTRADORA GENERAL DE FONDOS S.A.,Vigente,,Fondo Inversión No Rescatable,2022010002738,https://www.cmfchile.cl/documentos/rfm/rfm_2022010002738.pdf,2022-01-04,2026-08-20
FM211959,2021-12-31,10203,FONDO DE INVERSIÓN LARRAÍN VIAL DD3,LARRAIN VIAL ACTIVOS S.A. ADMINISTRADORA GENERAL DE FONDOS,Vigente,,Fondo Inversión No Rescatable,2024050277578,https://www.cmfchile.cl/documentos/rfm/rfm_2024050277578.pdf,2024-05-17,2026-08-20
FM211958,2021-12-27,10202,FONDO MUTUO SANTANDER AGRESIVO DÓLAR,SANTANDER ASSET MANAGEMENT S.A. ADMINISTRADORA GENERAL DE FONDOS,Vigente,,Fondo Mutuo,2025090661939,https://www.cmfchile.cl/documentos/rfm/rfm_2025090661939.pdf,2025-09-29,2026-08-20
FM211957,2021-12-23,10201,FONDO MUTUO SURA ESTRUCTURADO UF CHILE,ADMINISTRADORA GENERAL DE FONDOS SURA S.A.,No Vigente,Liquidado,Fondo Mutuo,2021120507369,https://www.cmfchile.cl/documentos/rfm/rfm_2021120507369.pdf,2021-12-23,2026-08-20
FM211956,2021-12-22,10200,FONDO MUTUO BTG PACTUAL ESTRUCTURADO PROTECCIÓN UF II,BTG PACTUAL CHILE S.A. ADMINISTRADORA GENERAL DE FONDOS,No Vigente,Liquidado,Fondo Mutuo,2023100432194,https://www.cmfchile.cl/documentos/rfm/rfm_2023100432194.pdf,2023-10-16,2026-08-20
FM211955,2021-12-20,10199,FRONTAL TRUST U.S. REAL ESTATE NNN MEDICAL FONDO DE INVERSIÓN,FRONTAL TRUST ADMINISTRADORA GENERAL DE FONDOS S.A.,Vigente,,Fondo Inversión No Rescatable,2024060323146,https://www.cmfchile.cl/documentos/rfm/rfm_2024060323146.pdf,2024-06-14,2026-08-20
FM211954,2021-12-16,10198,FONDO MUTUO MBI DEUDA CHILENA,MBI ADMINISTRADORA GENERAL DE FONDOS S.A.,Vigente,,Fondo Mutuo,2025110798677,https://www.cmfchile.cl/documentos/rfm/rfm_2025110798677.pdf,2025-11-13,2026-08-20
FM211953,2021-12-10,10197,BTG PACTUAL VENTURE DEBT I FONDO DE INVERSIÓN,BTG PACTUAL CHILE S.A. ADMINISTRADORA GENERAL DE FONDOS,No Vigente,Liquidado,Fondo Inversión No Rescatable,2023060259368,https://www.cmfchile.cl/documentos/rfm/rfm_2023060259368.pdf,2023-06-19,2026-08-20
FM211952,2021-12-10,10196,TOESCA CREDITOS ENERGIA RENOVABLE FONDO DE INVERSION,TOESCA S.A.  ADMINISTRADORA GENERAL DE FONDOS,Vigente,,Fondo Inversión No Rescatable,2026050355191,https://www.cmfchile.cl/documentos/rfm/rfm_2026050355191.pdf,2026-05-27,2026-08-20
FM211951,2021-12-09,10195,FONDO DE INVERSIÓN LARRAINVIAL MULTIFAMILY US,LARRAINVIAL ASSET MANAGEMENT ADMINISTRADORA GENERAL DE FONDOS S.A.,Vigente,,Fondo Inversión No Rescatable,2025090635034,https://www.cmfchile.cl/documentos/rfm/rfm_2025090635034.pdf,2025-09-17,2026-08-20
FM211950,2021-12-07,10194,FONDO DE INVERSIÓN CREDICORP CAPITAL PATIO RENTA INDUSTRIAL I,CREDICORP CAPITAL ASSET MANAGEMENT S.A. ADMINISTRADORA GENERAL DE FONDOS,Vigente,,Fondo Inversión No Rescatable,2022100400634,https://www.cmfchile.cl/documentos/rfm/rfm_2022100400634.pdf,2026-08-20,2026-08-20
FM211948,2021-12-02,10192,AMERIS DEUDA LATINOAMERICANA SOSTENIBLE FONDO DE INVERSIÓN,AMERIS CAPITAL ADMINISTRADORA GENERAL DE FONDOS S.A.,Vigente,,Fondo Inversión No Rescatable,2023060251481,https://www.cmfchile.cl/documentos/rfm/rfm_2023060251481.pdf,2023-06-13,2026-08-20
FM211949,2021-12-02,10193,AMERIS DEUDA PRIVADA RESCATABLE FONDO DE INVERSION,AMERIS CAPITAL ADMINISTRADORA GENERAL DE FONDOS S.A.,No Vigente,,Fondo Inversión Rescatable,2021120483166,https://www.cmfchile.cl/documentos/rfm/rfm_2021120483166.pdf,2021-12-02,2026-08-20
FM211947,2021-11-30,10191,FONDO DE INVERSIÓN PE SECONDARY DEAL I,BANCHILE ADMINISTRADORA GENERAL DE FONDOS S.A.,Vigente,,Fondo Inversión No Rescatable,2024080453320,https://www.cmfchile.cl/documentos/rfm/rfm_2024080453320.pdf,2024-08-28,2026-08-20
FM211946,2021-11-30,10190,BTG PACTUAL SSI REAL ESTATE USA VALUE ADD I FONDO DE INVERSIÓN,BTG PACTUAL CHILE S.A. ADMINISTRADORA GENERAL DE FONDOS,No Vigente,,Fondo Inversión No Rescatable,2021120516576,https://www.cmfchile.cl/documentos/rfm/rfm_2021120516576.pdf,2021-12-30,2026-08-20
FM211945,2021-11-30,10189,FONDO DE INVERSIÓN HMC SECONDARIES CDR X,HMC S.A. ADMINISTRADORA GENERAL DE FONDOS,Vigente,,Fondo Inversión No Rescatable,2025050358844,https://www.cmfchile.cl/documentos/rfm/rfm_2025050358844.pdf,2025-05-19,2026-08-20
FM211944,2021-11-25,10188,AMERIS ALTERNATIVOS II FONDO DE INVERSION,AMERIS CAPITAL ADMINISTRADORA GENERAL DE FONDOS S.A.,Vigente,,Fondo Inversión No Rescatable,2024050267092,https://www.cmfchile.cl/documentos/rfm/rfm_2024050267092.pdf,2024-05-13,2026-08-20
FM211943,2021-11-24,10187,GREYSTAR FONDO DE INVERSIÓN INMOBILIARIO CÓNDOR I,FINASSET ADMINISTRADORA GENERAL DE FONDOS S.A.,Vigente,,Fondo Inversión No Rescatable,2022060247363,https://www.cmfchile.cl/documentos/rfm/rfm_2022060247363.pdf,2022-06-28,2026-08-20
FM211942,2021-11-23,10186,VOLCOMCAPITAL PRIVATE EQUITY IX FONDO DE INVERSIÓN,VOLCOMCAPITAL ADMINISTRADORA GENERAL DE FONDOS S.A.,Vigente,,Fondo Inversión No Rescatable,2024020110616,https://www.cmfchile.cl/documentos/rfm/rfm_2024020110616.pdf,2024-02-15,2026-08-20
FM211941,2021-11-23,10185,AVANTE RENTA INMOBILIARIA RAM II FONDO DE INVERSIÓN,AVANTE ADMINISTRADORA GENERAL DE FONDOS S.A.,Vigente,,Fondo Inversión No Rescatable,2025090622077,https://www.cmfchile.cl/documentos/rfm/rfm_2025090622077.pdf,2025-09-10,2026-08-20
FM211940,2021-11-19,10184,FONDO MUTUO BICE BALANCEADO GLOBAL DÓLAR,BICE INVERSIONES ADMINISTRADORA GENERAL DE FONDOS S.A.,No Vigente,,Fondo Mutuo,2021120483184,https://www.cmfchile.cl/documentos/rfm/rfm_2021120483184.pdf,2021-12-02,2026-08-20
FM211939,2021-11-17,10183,QUEST OPERACIONES INMOBILIARIAS FONDO DE INVERSION,QUEST ADMINISTRADORA GENERAL DE FONDOS S.A.,Vigente,,Fondo Inversión No Rescatable,2025110767325,https://www.cmfchile.cl/documentos/rfm/rfm_2025110767325.pdf,2025-11-04,2026-08-20
FM211938,2021-11-15,10182,FONDO DE INVERSIÓN HMC MULTIFAMILY US III,HMC S.A. ADMINISTRADORA GENERAL DE FONDOS,Vigente,,Fondo Inversión No Rescatable,2025050358853,https://www.cmfchile.cl/documentos/rfm/rfm_2025050358853.pdf,2025-05-19,2026-08-20
FM211937,2021-11-11,10181,FONDO DE INVERSIÓN VANTRUST FINANCIAMIENTO INMOBILIARIO IV,VANTRUST CAPITAL ADMINISTRADORA GENERAL DE FONDOS S.A.,Vigente,,Fondo Inversión No Rescatable,2025090666482,https://www.cmfchile.cl/documentos/rfm/rfm_2025090666482.pdf,2025-09-30,2026-08-20
FM211936,2021-11-11,10180,FRONTAL TRUST FUNDAMENTA DEUDA INMOBILIARIA XVII FONDO DE INVERSIÓN,FRONTAL TRUST ADMINISTRADORA GENERAL DE FONDOS S.A.,No Vigente,,Fondo Inversión No Rescatable,2021110455710,https://www.cmfchile.cl/documentos/rfm/rfm_2021110455710.pdf,2021-11-11,2026-08-20
FM211935,2021-11-11,10179,FONDO DE INVERSIÓN VANTRUST FINANCIAMIENTO INMOBILIARIO II,VANTRUST CAPITAL ADMINISTRADORA GENERAL DE FONDOS S.A.,Vigente,,Fondo Inversión No Rescatable,2025120858689,https://www.cmfchile.cl/documentos/rfm/rfm_2025120858689.pdf,2025-12-09,2026-08-20
FM211934,2021-11-09,10178,FONDO DE INVERSIÓN FALCOM INFRAESTRUCTURA CHILE II,FALCOM ADMINISTRADORA GENERAL DE FONDOS S.A.,Vigente,,Fondo Inversión No Rescatable,2021110451153,https://www.cmfchile.cl/documentos/rfm/rfm_2021110451153.pdf,2021-11-09,2026-08-20
FM211933,2021-11-08,10177,FONDO DE INVERSIÓN ALLVP IV,BANCHILE ADMINISTRADORA GENERAL DE FONDOS S.A.,No Vigente,,Fondo Inversión No Rescatable,2021110450993,https://www.cmfchile.cl/documentos/rfm/rfm_2021110450993.pdf,2021-11-08,2026-08-20
FM211932,2021-11-08,10176,FONDO MUTUO BICE ESTRUCTURADO UF,BICE INVERSIONES ADMINISTRADORA GENERAL DE FONDOS S.A.,No Vigente,Liquidado,Fondo Mutuo,2021110449301,https://www.cmfchile.cl/documentos/rfm/rfm_2021110449301.pdf,2021-11-08,2026-08-20
FM211931,2021-11-04,10175,PICTON - CLEARLAKE CAPITAL PARTNERS VII FONDO DE INVERSIÓN,PICTON ADMINISTRADORA GENERAL DE FONDOS S.A.,Vigente,,Fondo Inversión No Rescatable,2025060405196,https://www.cmfchile.cl/documentos/rfm/rfm_2025060405196.pdf,2025-06-10,2026-08-20
FM211930,2021-11-04,10174,BTG PACTUAL HAMILTON LANE GPA FONDO DE INVERSIÓN,BTG PACTUAL CHILE S.A. ADMINISTRADORA GENERAL DE FONDOS,Vigente,,Fondo Inversión No Rescatable,2024070367834,https://www.cmfchile.cl/documentos/rfm/rfm_2024070367834.pdf,2024-07-17,2026-08-20
FM211928,2021-11-02,10172,FONDO DE INVERSIÓN BCI EUROCORP RENTA RESIDENCIAL PREFERENTE,BCI ASSET MANAGEMENT ADMINISTRADORA  GENERAL DE FONDOS S.A.,Vigente,,Fondo Inversión No Rescatable,2022120476093,https://www.cmfchile.cl/documentos/rfm/rfm_2022120476093.pdf,2022-12-15,2026-08-20
FM211927,2021-11-02,10171,FONDO MUTUO BCI ESTRUCTURADO UF MÁS II,BCI ASSET MANAGEMENT ADMINISTRADORA  GENERAL DE FONDOS S.A.,No Vigente,Liquidado,Fondo Mutuo,2021110442118,https://www.cmfchile.cl/documentos/rfm/rfm_2021110442118.pdf,2021-11-02,2026-08-20
FM211929,2021-11-02,10173,FONDO MUTUO BANCHILE BLACKROCK ESG,BANCHILE ADMINISTRADORA GENERAL DE FONDOS S.A.,Vigente,,Fondo Mutuo,2024010022380,https://www.cmfchile.cl/documentos/rfm/rfm_2024010022380.pdf,2024-01-09,2026-08-20
FM211926,2021-10-29,10170,FONDO DE INVERSIÓN HMC SUSTENTABLE,HMC S.A. ADMINISTRADORA GENERAL DE FONDOS,No Vigente,,Fondo Inversión Rescatable,2022090344544,https://www.cmfchile.cl/documentos/rfm/rfm_2022090344544.pdf,2022-09-02,2026-08-20
FM211925,2021-10-27,10169,FONDO MUTUO BTG PACTUAL ESTRUCTURADO PROTECCIÓN UF,BTG PACTUAL CHILE S.A. ADMINISTRADORA GENERAL DE FONDOS,No Vigente,Liquidado,Fondo Mutuo,2023090396899,https://www.cmfchile.cl/documentos/rfm/rfm_2023090396899.pdf,2023-09-15,2026-08-20
FM211924,2021-10-22,10168,AMERIS LGT CCO III FONDO DE INVERSIÓN,AMERIS CAPITAL ADMINISTRADORA GENERAL DE FONDOS S.A.,No Vigente,,Fondo Inversión No Rescatable,2021100427765,https://www.cmfchile.cl/documentos/rfm/rfm_2021100427765.pdf,2021-10-22,2026-08-20
FM211923,2021-10-21,10167,FONDO DE INVERSIÓN ACTIVA DEUDA AUTOMOTRIZ GLOBAL II,LARRAIN VIAL ACTIVOS S.A. ADMINISTRADORA GENERAL DE FONDOS,No Vigente,Liquidado,Fondo Inversión No Rescatable,2025080546205,https://www.cmfchile.cl/documentos/rfm/rfm_2025080546205.pdf,2025-08-05,2026-08-20
FM211922,2021-10-20,10166,FONDO DE INVERSIÓN SURA DEUDA PRIVADA GLOBAL,ADMINISTRADORA GENERAL DE FONDOS SURA S.A.,No Vigente,,Fondo Inversión No Rescatable,2021100425039,https://www.cmfchile.cl/documentos/rfm/rfm_2021100425039.pdf,2021-10-20,2026-08-20
FM211921,2021-10-20,10165,FONDO DE INVERSIÓN SURA REAL ESTATE GLOBAL EN LIQUIDACIÓN,ADMINISTRADORA GENERAL DE FONDOS SURA S.A.,No Vigente,,Fondo Inversión No Rescatable,2025090599784,https://www.cmfchile.cl/documentos/rfm/rfm_2025090599784.pdf,2025-09-01,2026-08-20
FM211920,2021-10-15,10164,FONDO DE INVERSIÓN FEN VENTURES III,LARRAIN VIAL ACTIVOS S.A. ADMINISTRADORA GENERAL DE FONDOS,Vigente,,Fondo Inversión No Rescatable,2024050276132,https://www.cmfchile.cl/documentos/rfm/rfm_2024050276132.pdf,2024-05-16,2026-08-20
FM211919,2021-10-12,10163,QUEST DEUDA PRIVADA CP FONDO DE INVERSION,QUEST ADMINISTRADORA GENERAL DE FONDOS S.A.,No Vigente,,Fondo Inversión Rescatable,2021120480026,https://www.cmfchile.cl/documentos/rfm/rfm_2021120480026.pdf,2021-12-01,2026-08-20
FM211918,2021-10-08,10162,MBI DEUDA CORPORATIVA FONDO DE INVERSIÓN,MBI ADMINISTRADORA GENERAL DE FONDOS S.A.,Vigente,,Fondo Inversión Rescatable,2023120549694,https://www.cmfchile.cl/documentos/rfm/rfm_2023120549694.pdf,2023-12-14,2026-08-20
FM211917,2021-10-07,10161,FONDO DE INVERSION PRIVATE OPPORTUNITY I,BANCHILE ADMINISTRADORA GENERAL DE FONDOS S.A.,Vigente,,Fondo Inversión No Rescatable,2024080421010,https://www.cmfchile.cl/documentos/rfm/rfm_2024080421010.pdf,2024-08-12,2026-08-20
FM211916,2021-10-06,10160,FONDO DE INVERSIÓN LARRAÍN VIAL INFRAVIA V,LARRAIN VIAL ACTIVOS S.A. ADMINISTRADORA GENERAL DE FONDOS,No Vigente,,Fondo Inversión No Rescatable,2021100407929,https://www.cmfchile.cl/documentos/rfm/rfm_2021100407929.pdf,2021-10-06,2026-08-20
FM211915,2021-10-05,10159,FONDO DE INVERSIÓN EUROPE MEDNEO HEALTH TECH,LARRAIN VIAL ACTIVOS S.A. ADMINISTRADORA GENERAL DE FONDOS,Vigente,,Fondo Inversión No Rescatable,2024040234649,https://www.cmfchile.cl/documentos/rfm/rfm_2024040234649.pdf,2024-04-23,2026-08-20
FM211914,2021-09-30,10158,AMERIS RENTA INDUSTRIAL II FONDO DE INVERSIÓN,AMERIS CAPITAL ADMINISTRADORA GENERAL DE FONDOS S.A.,Vigente,,Fondo Inversión No Rescatable,2022060247810,https://www.cmfchile.cl/documentos/rfm/rfm_2022060247810.pdf,2022-06-28,2026-08-20
FM211913,2021-09-30,10157,AMERIS DESARROLLO INMOBILIARIO VIII FONDO DE INVERSIÓN,AMERIS CAPITAL ADMINISTRADORA GENERAL DE FONDOS S.A.,No Vigente,Liquidado,Fondo Inversión No Rescatable,2021090400768,https://www.cmfchile.cl/documentos/rfm/rfm_2021090400768.pdf,2021-09-30,2026-08-20
FM211912,2021-09-28,10156,BICE GLOBAL CREDIT OPPORTUNITIES II FONDO DE INVERSIÓN,BICE INVERSIONES ADMINISTRADORA GENERAL DE FONDOS S.A.,Vigente,,Fondo Inversión No Rescatable,2021090395814,https://www.cmfchile.cl/documentos/rfm/rfm_2021090395814.pdf,2021-09-28,2026-08-20
FM211911,2021-09-28,10155,FONDO MUTUO BANCHILE ESTRUCTURADO BONOS UF PLUS V,BANCHILE ADMINISTRADORA GENERAL DE FONDOS S.A.,No Vigente,,Fondo Mutuo,2021090395656,https://www.cmfchile.cl/documentos/rfm/rfm_2021090395656.pdf,2021-09-28,2026-08-20
FM211910,2021-09-28,10154,FONDO DE INVERSIÓN BANCHILE PROYECCION UF PLUS I,BANCHILE ADMINISTRADORA GENERAL DE FONDOS S.A.,No Vigente,,Fondo Inversión No Rescatable,2021110450423,https://www.cmfchile.cl/documentos/rfm/rfm_2021110450423.pdf,2021-11-08,2026-08-20
FM211909,2021-09-28,10153,PICTON - HBP VENTURE 14 FONDO DE INVERSIÓN,PICTON ADMINISTRADORA GENERAL DE FONDOS S.A.,Vigente,,Fondo Inversión No Rescatable,2025060404878,https://www.cmfchile.cl/documentos/rfm/rfm_2025060404878.pdf,2025-06-10,2026-08-20
FM211907,2021-09-24,10151,FONDO MUTUO BANCHILE PORTAFOLIO ACTIVO DOLAR AGRESIVO,BANCHILE ADMINISTRADORA GENERAL DE FONDOS S.A.,Vigente,,Fondo Mutuo,2024110566629,https://www.cmfchile.cl/documentos/rfm/rfm_2024110566629.pdf,2024-11-04,2026-08-20
FM211908,2021-09-24,10152,FONDO MUTUO BANCHILE PORTAFOLIO ACTIVO DOLAR CONSERVADOR,BANCHILE ADMINISTRADORA GENERAL DE FONDOS S.A.,Vigente,,Fondo Mutuo,2024100523204,https://www.cmfchile.cl/documentos/rfm/rfm_2024100523204.pdf,2024-10-09,2026-08-20
FM211906,2021-09-21,10150,FONDO DE INVERSIÓN ETF SINGULAR NASDAQ 100,SINGULAR ASSET MANAGEMENT ADMINISTRADORA GENERAL DE FONDOS S.A.,Vigente,,Fondo Inversión Rescatable,2024120690564,https://www.cmfchile.cl/documentos/rfm/rfm_2024120690564.pdf,2024-12-16,2026-08-20
FM211905,2021-09-21,10149,VOLCOMCAPITAL DIRECT LENDING III FONDO DE INVERSIÓN,VOLCOMCAPITAL ADMINISTRADORA GENERAL DE FONDOS S.A.,No Vigente,,Fondo Inversión No Rescatable,2021090386636,https://www.cmfchile.cl/documentos/rfm/rfm_2021090386636.pdf,2021-09-21,2026-08-20
FM211904,2021-09-20,10148,VOLCOMCAPITAL COINVESTMENT VII FONDO DE INVERSIÓN,VOLCOMCAPITAL ADMINISTRADORA GENERAL DE FONDOS S.A.,Vigente,,Fondo Inversión No Rescatable,2022100413543,https://www.cmfchile.cl/documentos/rfm/rfm_2022100413543.pdf,2022-10-27,2026-08-20
FM211903,2021-09-15,10147,FONDO MUTUO SANTANDER PRUDENTE DÓLAR,SANTANDER ASSET MANAGEMENT S.A. ADMINISTRADORA GENERAL DE FONDOS,Vigente,,Fondo Mutuo,2025110832932,https://www.cmfchile.cl/documentos/rfm/rfm_2025110832932.pdf,2026-07-30,2026-08-20
FM211902,2021-09-15,10146,FRONTAL TRUST DESARROLLO INMOBILIARIO INDUSTRIAL ESPAÑA FONDO DE INVERSIÓN,FRONTAL TRUST ADMINISTRADORA GENERAL DE FONDOS S.A.,Vigente,,Fondo Inversión No Rescatable,2026060364652,https://www.cmfchile.cl/documentos/rfm/rfm_2026060364652.pdf,2026-06-01,2026-08-20
FM211901,2021-09-15,10145,BTG PACTUAL LIQUIDEZ ALTERNATIVA FONDO DE INVERSIÓN,BTG PACTUAL CHILE S.A. ADMINISTRADORA GENERAL DE FONDOS,Vigente,,Fondo Inversión Rescatable,2026010036671,https://www.cmfchile.cl/documentos/rfm/rfm_2026010036671.pdf,2026-01-15,2026-08-20
FM211900,2021-09-14,10144,FONDO DE INVERSION SINGULAR BROOKFIELD BSREP IV,SINGULAR ASSET MANAGEMENT ADMINISTRADORA GENERAL DE FONDOS S.A.,Vigente,,Fondo Inversión No Rescatable,2022090361856,https://www.cmfchile.cl/documentos/rfm/rfm_2022090361856.pdf,2022-09-15,2026-08-20
FM211899,2021-09-08,10143,FONDO DE INVERSIÓN VANTRUST ENERGÍAS RENOVABLES,VANTRUST CAPITAL ADMINISTRADORA GENERAL DE FONDOS S.A.,No Vigente,,Fondo Inversión No Rescatable,2021090369854,https://www.cmfchile.cl/documentos/rfm/rfm_2021090369854.pdf,2021-09-08,2026-08-20
FM211898,2021-09-08,10142,FONDO DE INVERSION VANTRUST FINANCIAMIENTO INMOBILIARIO I,VANTRUST CAPITAL ADMINISTRADORA GENERAL DE FONDOS S.A.,No Vigente,,Fondo Inversión No Rescatable,2021090399071,https://www.cmfchile.cl/documentos/rfm/rfm_2021090399071.pdf,2021-09-29,2026-08-20
FM211896,2021-09-02,10140,BTG PACTUAL PATIO RE USA I FONDO DE INVERSIÓN,BTG PACTUAL CHILE S.A. ADMINISTRADORA GENERAL DE FONDOS,Vigente,,Fondo Inversión No Rescatable,2024080414098,https://www.cmfchile.cl/documentos/rfm/rfm_2024080414098.pdf,2024-08-02,2026-08-20
FM211895,2021-09-01,10139,FONDO MUTUO BICE RENTA GLOBAL,BICE INVERSIONES ADMINISTRADORA GENERAL DE FONDOS S.A.,Vigente,,Fondo Mutuo,2024070344720,https://www.cmfchile.cl/documentos/rfm/rfm_2024070344720.pdf,2024-07-01,2026-08-20
FM211892,2021-08-31,10136,FONDO MUTUO CREDICORP CAPITAL HEAVY METAL,CREDICORP CAPITAL ASSET MANAGEMENT S.A. ADMINISTRADORA GENERAL DE FONDOS,No Vigente,,Fondo Mutuo,2023080341766,https://www.cmfchile.cl/documentos/rfm/rfm_2023080341766.pdf,2023-08-11,2026-08-20
FM211890,2021-08-31,10134,FONDO DE INVERSIÓN TOBALABA Y EL BOSQUE,FINASSET ADMINISTRADORA GENERAL DE FONDOS S.A.,Vigente,,Fondo Inversión No Rescatable,2024100517311,https://www.cmfchile.cl/documentos/rfm/rfm_2024100517311.pdf,2024-10-07,2026-08-20
FM211891,2021-08-31,10135,FONDO MUTUO CREDICORP CAPITAL EQUILIBRIO,CREDICORP CAPITAL ASSET MANAGEMENT S.A. ADMINISTRADORA GENERAL DE FONDOS,Vigente,,Fondo Mutuo,2026010006869,https://www.cmfchile.cl/documentos/rfm/rfm_2026010006869.pdf,2026-01-06,2026-08-20
FM211897,2021-08-31,10141,FONDO MUTUO CREDICORP CAPITAL DESPEGA,CREDICORP CAPITAL ASSET MANAGEMENT S.A. ADMINISTRADORA GENERAL DE FONDOS,Vigente,,Fondo Mutuo,2026010006876,https://www.cmfchile.cl/documentos/rfm/rfm_2026010006876.pdf,2026-01-06,2026-08-20
FM211893,2021-08-31,10137,FONDO MUTUO CREDICORP CAPITAL LIGHT REGGAE,CREDICORP CAPITAL ASSET MANAGEMENT S.A. ADMINISTRADORA GENERAL DE FONDOS,No Vigente,,Fondo Mutuo,2023080341768,https://www.cmfchile.cl/documentos/rfm/rfm_2023080341768.pdf,2023-08-11,2026-08-20
FM211894,2021-08-31,10138,FONDO MUTUO CREDICORP CAPITAL PROTEGE,CREDICORP CAPITAL ASSET MANAGEMENT S.A. ADMINISTRADORA GENERAL DE FONDOS,Vigente,,Fondo Mutuo,2026010006871,https://www.cmfchile.cl/documentos/rfm/rfm_2026010006871.pdf,2026-01-06,2026-08-20
FM211889,2021-08-25,10133,FONDO DE INVERSIÓN BARING ASIA PRIVATE EQUITY FUND VIII,LARRAIN VIAL ACTIVOS S.A. ADMINISTRADORA GENERAL DE FONDOS,Vigente,,Fondo Inversión No Rescatable,2024060304343,https://www.cmfchile.cl/documentos/rfm/rfm_2024060304343.pdf,2024-06-04,2026-08-20
FM211887,2021-08-24,10131,FONDO MUTUO CLEVER VIDEO GAMES & ESPORTS,BICE INVERSIONES ADMINISTRADORA GENERAL DE FONDOS S.A.,No Vigente,,Fondo Mutuo,2021080347697,https://www.cmfchile.cl/documentos/rfm/rfm_2021080347697.pdf,2021-08-24,2026-08-20
FM211886,2021-08-24,10130,FONDO MUTUO CLEVER DNA SCIENCE,BICE INVERSIONES ADMINISTRADORA GENERAL DE FONDOS S.A.,No Vigente,,Fondo Mutuo,2021080347470,https://www.cmfchile.cl/documentos/rfm/rfm_2021080347470.pdf,2021-08-24,2026-08-20
FM211888,2021-08-24,10132,FONDO MUTUO CLEVER GLOBAL FINTECH,BICE INVERSIONES ADMINISTRADORA GENERAL DE FONDOS S.A.,No Vigente,,Fondo Mutuo,2021080347756,https://www.cmfchile.cl/documentos/rfm/rfm_2021080347756.pdf,2021-08-24,2026-08-20
FM211885,2021-08-23,10129,MONEDA GSI RENTAS TRANSICIÓN ENERGÉTICA I FONDO DE INVERSIÓN,MONEDA S.A. ADMINISTRADORA GENERAL DE FONDOS,Vigente,,Fondo Inversión No Rescatable,2026060422795,https://www.cmfchile.cl/documentos/rfm/rfm_2026060422795.pdf,2026-06-25,2026-08-20
FM211884,2021-08-20,10128,FONDO DE INVERSION ZURICH ACTIVOS ALTERNATIVOS,ZURICH CHILE ASSET MANAGEMENT ADMINISTRADORA GENERAL DE FONDOS S.A.,Vigente,,Fondo Inversión Rescatable,2022050176389,https://www.cmfchile.cl/documentos/rfm/rfm_2022050176389.pdf,2022-05-05,2026-08-20
FM211883,2021-08-20,10127,FONDO DE INVERSIÓN FALCOM FS MVP PRIVATE EQUITY,FALCOM ADMINISTRADORA GENERAL DE FONDOS S.A.,Vigente,,Fondo Inversión No Rescatable,2026050353679,https://www.cmfchile.cl/documentos/rfm/rfm_2026050353679.pdf,2026-05-27,2026-08-20
FM211882,2021-08-13,10126,AMERIS MULTIFAMILY PARTNERS FONDO DE INVERSION,AMERIS CAPITAL ADMINISTRADORA GENERAL DE FONDOS S.A.,No Vigente,,Fondo Inversión No Rescatable,2023050224827,https://www.cmfchile.cl/documentos/rfm/rfm_2023050224827.pdf,2023-05-24,2026-08-20
FM211881,2021-08-13,10125,FONDO MUTUO BICE RENTA GLOBAL AHORRO,BICE INVERSIONES ADMINISTRADORA GENERAL DE FONDOS S.A.,Vigente,,Fondo Mutuo,2026070434630,https://www.cmfchile.cl/documentos/rfm/rfm_2026070434630.pdf,2026-07-02,2026-08-20
FM211880,2021-08-11,10124,VINCI COMPASS SP IX PRIVATE EQUITY FONDO DE INVERSIÓN,VINCI COMPASS S.A. ADMINISTRADORA GENERAL DE FONDOS,Vigente,,Fondo Inversión No Rescatable,2026060410198,https://www.cmfchile.cl/documentos/rfm/rfm_2026060410198.pdf,2026-06-19,2026-08-20
FM211879,2021-08-09,10123,FONDO DE INVERSIÓN LAB OPORTUNIDAD Y DESARROLLO INMOBILIARIO USA,SARTOR ADMINISTRADORA GENERAL DE FONDOS S.A.,Vigente,,Fondo Inversión No Rescatable,2026010075465,https://www.cmfchile.cl/documentos/rfm/rfm_2026010075465.pdf,2026-01-30,2026-08-20
FM211878,2021-08-05,10122,FONDO DE INVERSIÓN LARRAINVIAL DEUDA 2023,LARRAINVIAL ASSET MANAGEMENT ADMINISTRADORA GENERAL DE FONDOS S.A.,No Vigente,,Fondo Inversión No Rescatable,2021080333203,https://www.cmfchile.cl/documentos/rfm/rfm_2021080333203.pdf,2021-08-13,2026-08-20
FM211877,2021-08-04,10121,FONDO DE INVERSIÓN ACTIVA MERCADO PAGO,LARRAIN VIAL ACTIVOS S.A. ADMINISTRADORA GENERAL DE FONDOS,Vigente,,Fondo Inversión No Rescatable,2025080549535,https://www.cmfchile.cl/documentos/rfm/rfm_2025080549535.pdf,2025-08-06,2026-08-20
FM211876,2021-08-02,10120,FONDO DE INVERSION BANCHILE DEUDA DOLAR CORTO PLAZO,BANCHILE ADMINISTRADORA GENERAL DE FONDOS S.A.,No Vigente,,Fondo Inversión Rescatable,2021080339096,https://www.cmfchile.cl/documentos/rfm/rfm_2021080339096.pdf,2021-08-18,2026-08-20
FM211875,2021-07-30,10119,VOLCOMCAPITAL COINVESTMENT VI FONDO DE INVERSIÓN,VOLCOMCAPITAL ADMINISTRADORA GENERAL DE FONDOS S.A.,Vigente,,Fondo Inversión No Rescatable,2022100415955,https://www.cmfchile.cl/documentos/rfm/rfm_2022100415955.pdf,2022-10-28,2026-08-20
FM211874,2021-07-30,10118,FONDO DE INVERSIÓN SETF ENERGIAS RENOVABLES CHILE,ALZA ADMINISTRADORA GENERAL DE FONDOS S.A.,Vigente,,Fondo Inversión No Rescatable,2024120705684,https://www.cmfchile.cl/documentos/rfm/rfm_2024120705684.pdf,2024-12-23,2026-08-20
FM211873,2021-07-30,10117,FONDO MUTUO BTG PACTUAL PROTECCIÓN DÓLAR,BTG PACTUAL CHILE S.A. ADMINISTRADORA GENERAL DE FONDOS,No Vigente,,Fondo Mutuo,2021070310710,https://www.cmfchile.cl/documentos/rfm/rfm_2021070310710.pdf,2021-07-30,2026-08-20
FM211872,2021-07-28,10116,FONDO DE INVERSION BANCHILE MARKETPLUS TECNOLOGIA,BANCHILE ADMINISTRADORA GENERAL DE FONDOS S.A.,No Vigente,,Fondo Inversión Rescatable,2021070306876,https://www.cmfchile.cl/documentos/rfm/rfm_2021070306876.pdf,2021-07-28,2026-08-20
FM211871,2021-07-28,10115,VINCI COMPASS LCP X PRIVATE EQUITY FONDO DE INVERSIÓN,VINCI COMPASS S.A. ADMINISTRADORA GENERAL DE FONDOS,Vigente,,Fondo Inversión No Rescatable,2026060404206,https://www.cmfchile.cl/documentos/rfm/rfm_2026060404206.pdf,2026-06-17,2026-08-20
FM211870,2021-07-27,10114,FONDO DE INVERSIÓN SURA CAPITAL INMOBILIARIO CHILE EN LIQUIDACIÓN,ADMINISTRADORA GENERAL DE FONDOS SURA S.A.,Vigente,,Fondo Inversión No Rescatable,2024110621260,https://www.cmfchile.cl/documentos/rfm/rfm_2024110621260.pdf,2024-11-22,2026-08-20
FM211869,2021-07-27,10113,FONDO DE INVERSIÓN SURA RENTA RESIDENCIAL CHILE,ADMINISTRADORA GENERAL DE FONDOS SURA S.A.,Vigente,,Fondo Inversión No Rescatable,2026060392654,https://www.cmfchile.cl/documentos/rfm/rfm_2026060392654.pdf,2026-06-11,2026-08-20
FM211868,2021-07-27,10112,FONDO DE INVERSIÓN SECURITY PANTHEON SECONDARY OPPORTUNITY FULLY FUNDED,ADMINISTRADORA GENERAL DE FONDOS  SECURITY S.A.,Vigente,,Fondo Inversión No Rescatable,2021070304259,https://www.cmfchile.cl/documentos/rfm/rfm_2021070304259.pdf,2021-07-27,2026-08-20
FM211867,2021-07-23,10111,FONDO MUTUO BANCHILE PORTAFOLIO ACTIVO DOLAR MODERADO,BANCHILE ADMINISTRADORA GENERAL DE FONDOS S.A.,Vigente,,Fondo Mutuo,2024100541823,https://www.cmfchile.cl/documentos/rfm/rfm_2024100541823.pdf,2024-10-18,2026-08-20
FM211866,2021-07-22,10110,FONDO DE INVERSIÓN ACTIVA - OLX DEUDA AUTOMOTRIZ,LARRAIN VIAL ACTIVOS S.A. ADMINISTRADORA GENERAL DE FONDOS,No Vigente,Liquidado,Fondo Inversión No Rescatable,2024100557224,https://www.cmfchile.cl/documentos/rfm/rfm_2024100557224.pdf,2024-10-28,2026-08-20
FM211865,2021-07-21,10109,FONDO MUTUO CLEVER TEMÁTICO GLOBAL,BICE INVERSIONES ADMINISTRADORA GENERAL DE FONDOS S.A.,No Vigente,,Fondo Mutuo,2024030174796,https://www.cmfchile.cl/documentos/rfm/rfm_2024030174796.pdf,2024-03-22,2026-08-20
FM211864,2021-07-20,10108,FONDO DE INVERSIÓN SECURITY PANTHEON SECONDARY OPPORTUNITY,ADMINISTRADORA GENERAL DE FONDOS  SECURITY S.A.,Vigente,,Fondo Inversión No Rescatable,2021070292885,https://www.cmfchile.cl/documentos/rfm/rfm_2021070292885.pdf,2021-07-20,2026-08-20
FM211863,2021-07-20,10107,FONDO DE INVERSION SECURITY PANTHEON SECONDARY OPPORTUNITY FULLY FUNDED,ADMINISTRADORA GENERAL DE FONDOS  SECURITY S.A.,No Vigente,,Fondo Inversión No Rescatable,2021070292822,https://www.cmfchile.cl/documentos/rfm/rfm_2021070292822.pdf,2021-07-20,2026-08-20
FM211862,2021-07-20,10106,BICE GAIP FONDO DE INVERSIÓN,BICE INVERSIONES ADMINISTRADORA GENERAL DE FONDOS S.A.,Vigente,,Fondo Inversión No Rescatable,2022060236926,https://www.cmfchile.cl/documentos/rfm/rfm_2022060236926.pdf,2022-06-17,2026-08-20
FM211861,2021-07-14,10105,FONDO DE INVERSION F2 VC III,BANCHILE ADMINISTRADORA GENERAL DE FONDOS S.A.,Vigente,,Fondo Inversión No Rescatable,2024080449767,https://www.cmfchile.cl/documentos/rfm/rfm_2024080449767.pdf,2024-08-27,2026-08-20
FM211860,2021-07-14,10104,FONDO DE INVERSIÓN ACTIVA OPEN CASA SINGLE FAMILY RENTAL U.S.A,LARRAIN VIAL ACTIVOS S.A. ADMINISTRADORA GENERAL DE FONDOS,Vigente,,Fondo Inversión No Rescatable,2024050295587,https://www.cmfchile.cl/documentos/rfm/rfm_2024050295587.pdf,2024-05-29,2026-08-20
FM211859,2021-07-14,10103,DEUDA FONDO DE INVERSIÓN,MBI ADMINISTRADORA GENERAL DE FONDOS S.A.,Vigente,,Fondo Inversión No Rescatable,2021070284724,https://www.cmfchile.cl/documentos/rfm/rfm_2021070284724.pdf,2021-07-14,2026-08-20
FM211858,2021-07-14,10102,COMPASS PCRED II PRIVATE DEBT FONDO DE INVERSIÓN,VINCI COMPASS S.A. ADMINISTRADORA GENERAL DE FONDOS,No Vigente,,Fondo Inversión No Rescatable,2021070298401,https://www.cmfchile.cl/documentos/rfm/rfm_2021070298401.pdf,2021-07-23,2026-08-20
FM211857,2021-07-13,10101,FONDO DE INVERSIÓN FYNSA DEUDA INMOBILIARIA,FYNSA ADMINISTRADORA GENERAL DE FONDOS S.A.,Vigente,,Fondo Inversión No Rescatable,2022050207050,https://www.cmfchile.cl/documentos/rfm/rfm_2022050207050.pdf,2022-05-27,2026-08-20
FM211856,2021-06-25,10100,FONDO DE INVERSIÓN CREDICORP CAPITAL INMOBILIARIO DESARROLLO I,CREDICORP CAPITAL ASSET MANAGEMENT S.A. ADMINISTRADORA GENERAL DE FONDOS,No Vigente,,Fondo Inversión No Rescatable,2021060255000,https://www.cmfchile.cl/documentos/rfm/rfm_2021060255000.pdf,2021-06-25,2026-08-20
FM211855,2021-06-23,10099,VOLCOMCAPITAL OPORTUNÍSTICO INMOBILIARIO FONDO DE INVERSIÓN,VOLCOMCAPITAL ADMINISTRADORA GENERAL DE FONDOS S.A.,No Vigente,,Fondo Inversión No Rescatable,2021060249714,https://www.cmfchile.cl/documentos/rfm/rfm_2021060249714.pdf,2021-06-23,2026-08-20
FM211854,2021-06-22,10098,MONEDA GSI RENTAS INMOBILIARIAS I FONDO DE INVERSIÓN,MONEDA S.A. ADMINISTRADORA GENERAL DE FONDOS,No Vigente,,Fondo Inversión No Rescatable,2021060246695,https://www.cmfchile.cl/documentos/rfm/rfm_2021060246695.pdf,2021-06-22,2026-08-20
FM211853,2021-06-18,10097,AMERIS VIVIENDA E INTEGRACIÓN SOCIAL FONDO DE INVERSIÓN,AMERIS CAPITAL ADMINISTRADORA GENERAL DE FONDOS S.A.,Vigente,,Fondo Inversión No Rescatable,2022060229208,https://www.cmfchile.cl/documentos/rfm/rfm_2022060229208.pdf,2022-06-13,2026-08-20
FM211852,2021-06-17,10096,FONDO DE INVERSIÓN LARRAÍN VIAL HARBOURVEST CO-INVESTMENT VI,LARRAIN VIAL ACTIVOS S.A. ADMINISTRADORA GENERAL DE FONDOS,Vigente,,Fondo Inversión No Rescatable,2026070433356,https://www.cmfchile.cl/documentos/rfm/rfm_2026070433356.pdf,2026-07-01,2026-08-20
FM211851,2021-06-16,10095,FONDO DE INVERSION AZIMUT FUTURE OPPORTUNITIES,AZIMUT INVESTMENTS S.A. ADMINISTRADORA GENERAL DE FONDOS,No Vigente,Liquidado,Fondo Inversión Rescatable,2021120512214,https://www.cmfchile.cl/documentos/rfm/rfm_2021120512214.pdf,2021-12-28,2026-08-20
FM211850,2021-06-16,10094,MONEDA CARLYLE PARTNERS VIII FONDO DE INVERSIÓN,MONEDA S.A. ADMINISTRADORA GENERAL DE FONDOS,Vigente,,Fondo Inversión No Rescatable,2023080346188,https://www.cmfchile.cl/documentos/rfm/rfm_2023080346188.pdf,2023-08-16,2026-08-20
FM211849,2021-06-11,10093,FONDO DE INVERSIÓN FYNSA UPPER RESIDENCIAL US I,FYNSA ADMINISTRADORA GENERAL DE FONDOS S.A.,Vigente,,Fondo Inversión No Rescatable,2024090485173,https://www.cmfchile.cl/documentos/rfm/rfm_2024090485173.pdf,2024-09-12,2026-08-20
FM211848,2021-06-10,10092,FRONTAL TRUST FUNDAMENTA DESARROLLO INMOBILIARIO XV FONDO DE INVERSIÓN,FRONTAL TRUST ADMINISTRADORA GENERAL DE FONDOS S.A.,Vigente,,Fondo Inversión No Rescatable,2024050281356,https://www.cmfchile.cl/documentos/rfm/rfm_2024050281356.pdf,2024-05-22,2026-08-20
FM211847,2021-06-09,10091,FONDO DE INVERSIÓN SAAS HR,VENTURANCE S.A. ADMINISTRADORA GENERAL DE FONDOS,Vigente,,Fondo Inversión No Rescatable,2023070287433,https://www.cmfchile.cl/documentos/rfm/rfm_2023070287433.pdf,2023-07-10,2026-08-20
FM211846,2021-06-09,10090,TOESCA PERMANENT CROPS I FONDO DE INVERSIÓN,TOESCA S.A.  ADMINISTRADORA GENERAL DE FONDOS,Vigente,,Fondo Inversión No Rescatable,2025090641868,https://www.cmfchile.cl/documentos/rfm/rfm_2025090641868.pdf,2025-09-22,2026-08-20
FM211845,2021-06-09,10089,VOLCOMCAPITAL INFRAESTRUCTURA III FONDO DE INVERSIÓN,VOLCOMCAPITAL ADMINISTRADORA GENERAL DE FONDOS S.A.,Vigente,,Fondo Inversión No Rescatable,2022070292660,https://www.cmfchile.cl/documentos/rfm/rfm_2022070292660.pdf,2022-07-27,2026-08-20
FM211844,2021-06-07,10088,BICE STEPSTONE V FONDO DE INVERSION,BICE INVERSIONES ADMINISTRADORA GENERAL DE FONDOS S.A.,Vigente,,Fondo Inversión No Rescatable,2023060260199,https://www.cmfchile.cl/documentos/rfm/rfm_2023060260199.pdf,2023-06-20,2026-08-20
FM211843,2021-06-02,10087,FONDO MUTUO CREDICORP CAPITAL SHORT DURATION LATAM,CREDICORP CAPITAL ASSET MANAGEMENT S.A. ADMINISTRADORA GENERAL DE FONDOS,Vigente,,Fondo Mutuo,2025050367467,https://www.cmfchile.cl/documentos/rfm/rfm_2025050367467.pdf,2025-05-23,2026-08-20
FM211842,2021-05-31,10086,FONDO DE INVERSIÓN BANCHILE REAL ESTATE USA I,BANCHILE ADMINISTRADORA GENERAL DE FONDOS S.A.,Vigente,,Fondo Inversión No Rescatable,2024080449731,https://www.cmfchile.cl/documentos/rfm/rfm_2024080449731.pdf,2024-08-27,2026-08-20
FM211841,2021-05-26,10085,FONDO MUTUO BOOSTER INNOVATION,BANCHILE ADMINISTRADORA GENERAL DE FONDOS S.A.,No Vigente,Liquidado,Fondo Mutuo,2021050206014,https://www.cmfchile.cl/documentos/rfm/rfm_2021050206014.pdf,2021-05-26,2026-08-20
FM211840,2021-05-26,10084,BICE LOGÍSTICA FONDO DE INVERSIÓN,BICE INVERSIONES ADMINISTRADORA GENERAL DE FONDOS S.A.,Vigente,,Fondo Inversión No Rescatable,2021050205142,https://www.cmfchile.cl/documentos/rfm/rfm_2021050205142.pdf,2021-05-26,2026-08-20
FM211839,2021-05-26,10083,PICTON - EQT INFRASTRUCTURE V FONDO DE INVERSIÓN,PICTON ADMINISTRADORA GENERAL DE FONDOS S.A.,Vigente,,Fondo Inversión No Rescatable,2025060405208,https://www.cmfchile.cl/documentos/rfm/rfm_2025060405208.pdf,2025-06-10,2026-08-20
FM211838,2021-05-24,10082,TOESCA DEUDA PRIVADA CRECE FONDO DE INVERSIÓN,TOESCA S.A.  ADMINISTRADORA GENERAL DE FONDOS,No Vigente,,Fondo Inversión No Rescatable,2021050202475,https://www.cmfchile.cl/documentos/rfm/rfm_2021050202475.pdf,2021-05-24,2026-08-20
FM211836,2021-05-24,10080,MBI- TA REALTY CORE PROPERTY FONDO DE INVERSIÓN,MBI ADMINISTRADORA GENERAL DE FONDOS S.A.,No Vigente,Liquidado,Fondo Inversión No Rescatable,2024110658949,https://www.cmfchile.cl/documentos/rfm/rfm_2024110658949.pdf,2024-11-29,2026-08-20
FM211837,2021-05-20,10081,MBIQ GLOBAL VALUE FONDO DE INVERSION,QUEST ADMINISTRADORA GENERAL DE FONDOS S.A.,Vigente,,Fondo Inversión Rescatable,2026080518196,https://www.cmfchile.cl/documentos/rfm/rfm_2026080518196.pdf,2026-08-07,2026-08-20
FM211835,2021-05-19,10079,FONDO DE INVERSIÓN HMC US VENTURE OPPORTUNITIES,HMC S.A. ADMINISTRADORA GENERAL DE FONDOS,Vigente,,Fondo Inversión Rescatable,2024100547229,https://www.cmfchile.cl/documentos/rfm/rfm_2024100547229.pdf,2024-10-22,2026-08-20
FM211834,2021-05-18,10078,FONDO DE INVERSIÓN BCI HLC PERFECCIONAMIENTO,BCI ASSET MANAGEMENT ADMINISTRADORA  GENERAL DE FONDOS S.A.,Vigente,,Fondo Inversión No Rescatable,2021110468151,https://www.cmfchile.cl/documentos/rfm/rfm_2021110468151.pdf,2021-11-22,2026-08-20
FM211832,2021-05-12,10076,FONDO DE INVERSION CREDICORP CAPITAL ICG SE I,CREDICORP CAPITAL ASSET MANAGEMENT S.A. ADMINISTRADORA GENERAL DE FONDOS,Vigente,,Fondo Inversión No Rescatable,2026060363248,https://www.cmfchile.cl/documentos/rfm/rfm_2026060363248.pdf,2026-06-01,2026-08-20
FM211833,2021-05-12,10077,FONDO DE INVERSION CREDICORP CAPITAL ICG SE I,CREDICORP CAPITAL ASSET MANAGEMENT S.A. ADMINISTRADORA GENERAL DE FONDOS,No Vigente,,Fondo Inversión No Rescatable,2021050186894,https://www.cmfchile.cl/documentos/rfm/rfm_2021050186894.pdf,2021-05-12,2026-08-20
FM211831,2021-05-11,10075,NEORENTAS DIEZ FONDO DE INVERSIÓN,NEORENTAS S.A. ADMINISTRADORA GENERAL DE FONDOS,Vigente,,Fondo Inversión No Rescatable,2024060310952,https://www.cmfchile.cl/documentos/rfm/rfm_2024060310952.pdf,2024-06-07,2026-08-20
FM211830,2021-05-07,10074,COMPASS DVA CONSERVADOR FONDO DE INVERSIÓN,VINCI COMPASS S.A. ADMINISTRADORA GENERAL DE FONDOS,No Vigente,,Fondo Inversión Rescatable,2024020100773,https://www.cmfchile.cl/documentos/rfm/rfm_2024020100773.pdf,2024-02-12,2026-08-20
FM211829,2021-05-07,10073,FONDO DE INVERSION BANCHILE AG DL IV,BANCHILE ADMINISTRADORA GENERAL DE FONDOS S.A.,Vigente,,Fondo Inversión No Rescatable,2024090504909,https://www.cmfchile.cl/documentos/rfm/rfm_2024090504909.pdf,2024-09-30,2026-08-20
FM211828,2021-05-07,10072,FONDO MUTUO BCI CARTERA DÓLAR CONSERVADORA,BCI ASSET MANAGEMENT ADMINISTRADORA  GENERAL DE FONDOS S.A.,Vigente,,Fondo Mutuo,2022050202372,https://www.cmfchile.cl/documentos/rfm/rfm_2022050202372.pdf,2022-05-24,2026-08-20
FM211827,2021-05-07,10071,FONDO MUTUO BCI CARTERA DOLAR BALANCEADA,BCI ASSET MANAGEMENT ADMINISTRADORA  GENERAL DE FONDOS S.A.,Vigente,,Fondo Mutuo,2022050202276,https://www.cmfchile.cl/documentos/rfm/rfm_2022050202276.pdf,2022-05-24,2026-08-20
FM211826,2021-05-07,10070,MBI/CHL DEUDA ESTRUCTURADA FONDO DE INVERSIÓN,MBI ADMINISTRADORA GENERAL DE FONDOS S.A.,Vigente,,Fondo Inversión No Rescatable,2026060414638,https://www.cmfchile.cl/documentos/rfm/rfm_2026060414638.pdf,2026-06-22,2026-08-20
FM211825,2021-05-04,10069,BTG PACTUAL INVERSIONES FORESTALES FONDO DE INVERSIÓN,BTG PACTUAL CHILE S.A. ADMINISTRADORA GENERAL DE FONDOS,Vigente,,Fondo Inversión No Rescatable,2021050173321,https://www.cmfchile.cl/documentos/rfm/rfm_2021050173321.pdf,2021-05-04,2026-08-20
FM211824,2021-05-04,10068,FONDO MUTUO ETF IT NOW S&P IPSA ESG,ITAU ADMINISTRADORA GENERAL DE FONDOS S.A.,No Vigente,,Fondo Mutuo,2025060404553,https://www.cmfchile.cl/documentos/rfm/rfm_2025060404553.pdf,2025-06-10,2026-08-20
FM211822,2021-05-03,10066,FONDO MUTUO LARRAINVIAL DEUDA CHINA,LARRAINVIAL ASSET MANAGEMENT ADMINISTRADORA GENERAL DE FONDOS S.A.,No Vigente,,Fondo Mutuo,2022090359058,https://www.cmfchile.cl/documentos/rfm/rfm_2022090359058.pdf,2022-09-14,2026-08-20
FM211823,2021-05-03,10067,FONDO MUTUO BCI ACCIONES SOSTENIBLES ESG,BCI ASSET MANAGEMENT ADMINISTRADORA  GENERAL DE FONDOS S.A.,Vigente,,Fondo Mutuo,2024080398579,https://www.cmfchile.cl/documentos/rfm/rfm_2024080398579.pdf,2024-08-01,2026-08-20
FM211821,2021-04-28,10065,FONDO DE INVERSION BCI ALTERNATIVOS EVERGREEN,BCI ASSET MANAGEMENT ADMINISTRADORA  GENERAL DE FONDOS S.A.,No Vigente,,Fondo Inversión No Rescatable,2022120469794,https://www.cmfchile.cl/documentos/rfm/rfm_2022120469794.pdf,2022-12-12,2026-08-20
FM211820,2021-04-27,10064,FONDO MUTUO ITAU CARTERA CRECIMIENTO AGRESIVO,ITAU ADMINISTRADORA GENERAL DE FONDOS S.A.,Vigente,,Fondo Mutuo,2025080596325,https://www.cmfchile.cl/documentos/rfm/rfm_2025080596325.pdf,2025-08-29,2026-08-20
FM211819,2021-04-27,10063,FONDO MUTUO ITAU CARTERA CRECIMIENTO BALANCEADO,ITAU ADMINISTRADORA GENERAL DE FONDOS S.A.,Vigente,,Fondo Mutuo,2025090643438,https://www.cmfchile.cl/documentos/rfm/rfm_2025090643438.pdf,2025-08-29,2026-08-20
FM211818,2021-04-27,10062,FRONTAL TRUST XEPELIN DEUDA FONDO DE INVERSIÓN,FRONTAL TRUST ADMINISTRADORA GENERAL DE FONDOS S.A.,Vigente,,Fondo Inversión No Rescatable,2025050343758,https://www.cmfchile.cl/documentos/rfm/rfm_2025050343758.pdf,2025-05-12,2026-08-20
FM211817,2021-04-23,10061,FONDO MUTUO BANCHILE RENTA LARGO PLAZO,BANCHILE ADMINISTRADORA GENERAL DE FONDOS S.A.,No Vigente,,Fondo Mutuo,2022110418826,https://www.cmfchile.cl/documentos/rfm/rfm_2022110418826.pdf,2022-11-02,2026-08-20
FM211816,2021-04-23,10060,FONDO MUTUO BANCHILE MODERADO,BANCHILE ADMINISTRADORA GENERAL DE FONDOS S.A.,Vigente,,Fondo Mutuo,2024100541807,https://www.cmfchile.cl/documentos/rfm/rfm_2024100541807.pdf,2024-10-18,2026-08-20
FM211815,2021-04-23,10059,FONDO MUTUO BANCHILE CONSERVADOR,BANCHILE ADMINISTRADORA GENERAL DE FONDOS S.A.,Vigente,,Fondo Mutuo,2024100523144,https://www.cmfchile.cl/documentos/rfm/rfm_2024100523144.pdf,2024-10-09,2026-08-20
FM211814,2021-04-23,10058,FONDO MUTUO BANCHILE AGRESIVO,BANCHILE ADMINISTRADORA GENERAL DE FONDOS S.A.,Vigente,,Fondo Mutuo,2024110566613,https://www.cmfchile.cl/documentos/rfm/rfm_2024110566613.pdf,2024-11-04,2026-08-20
FM211813,2021-04-23,10057,FONDO MUTUO SANTANDER FUTURE WEALTH,SANTANDER ASSET MANAGEMENT S.A. ADMINISTRADORA GENERAL DE FONDOS,No Vigente,,Fondo Mutuo,2024110590861,https://www.cmfchile.cl/documentos/rfm/rfm_2024110590861.pdf,2024-11-14,2026-08-20
FM211811,2021-04-21,10055,VOLCOMCAPITAL MID MARKET II FONDO DE INVERSIÓN,VOLCOMCAPITAL ADMINISTRADORA GENERAL DE FONDOS S.A.,Vigente,,Fondo Inversión No Rescatable,2021090394213,https://www.cmfchile.cl/documentos/rfm/rfm_2021090394213.pdf,2021-09-27,2026-08-20
FM211812,2021-04-21,10056,PICTON - KKR NA XIII FONDO DE INVERSIÓN,PICTON ADMINISTRADORA GENERAL DE FONDOS S.A.,Vigente,,Fondo Inversión No Rescatable,2025060405218,https://www.cmfchile.cl/documentos/rfm/rfm_2025060405218.pdf,2025-06-10,2026-08-20
FM211807,2021-04-20,10052,MONEDA CARLYLE REALTY PARTNERS IX FONDO DE INVERSIÓN,MONEDA S.A. ADMINISTRADORA GENERAL DE FONDOS,Vigente,,Fondo Inversión No Rescatable,2023070302606,https://www.cmfchile.cl/documentos/rfm/rfm_2023070302606.pdf,2023-07-20,2026-08-20
FM211810,2021-04-19,10054,FONDO DE INVERSION SINGULAR LEASEBACK I,SINGULAR ASSET MANAGEMENT ADMINISTRADORA GENERAL DE FONDOS S.A.,Vigente,,Fondo Inversión No Rescatable,2022060244031,https://www.cmfchile.cl/documentos/rfm/rfm_2022060244031.pdf,2022-06-23,2026-08-20
FM211806,2021-04-19,10051,FONDO DE INVERSIÓN LARRAINVIAL PRIVATE DEBT,LARRAINVIAL ASSET MANAGEMENT ADMINISTRADORA GENERAL DE FONDOS S.A.,Vigente,,Fondo Inversión No Rescatable,2026070481934,https://www.cmfchile.cl/documentos/rfm/rfm_2026070481934.pdf,2026-07-23,2026-08-20
FM211805,2021-04-19,10050,FONDO MUTUO BICE DIGITAL CONSERVADOR,BICE INVERSIONES ADMINISTRADORA GENERAL DE FONDOS S.A.,Vigente,,Fondo Mutuo,2024050289747,https://www.cmfchile.cl/documentos/rfm/rfm_2024050289747.pdf,2024-05-27,2026-08-20
FM211804,2021-04-19,10049,FONDO MUTUO BICE DIGITAL AGRESIVO,BICE INVERSIONES ADMINISTRADORA GENERAL DE FONDOS S.A.,Vigente,,Fondo Mutuo,2024050289718,https://www.cmfchile.cl/documentos/rfm/rfm_2024050289718.pdf,2024-05-27,2026-08-20
FM211802,2021-04-19,10048,FONDO MUTUO BICE DIGITAL BALANCEADO,BICE INVERSIONES ADMINISTRADORA GENERAL DE FONDOS S.A.,Vigente,,Fondo Mutuo,2024050289723,https://www.cmfchile.cl/documentos/rfm/rfm_2024050289723.pdf,2024-05-27,2026-08-20
FM211808,2021-04-15,10053,FONDO DE INVERSIÓN SARTOR DEUDA PRIVADA ESG,SARTOR ADMINISTRADORA GENERAL DE FONDOS S.A.,No Vigente,,Fondo Inversión No Rescatable,2021040151435,https://www.cmfchile.cl/documentos/rfm/rfm_2021040151435.pdf,2021-04-15,2026-08-20
FM211800,2021-04-15,10047,FONDO DE INVERSION SECURITY DEUDA HABITACIONAL CON SUBSIDIO,ADMINISTRADORA GENERAL DE FONDOS  SECURITY S.A.,Vigente,,Fondo Inversión No Rescatable,2024040224312,https://www.cmfchile.cl/documentos/rfm/rfm_2024040224312.pdf,2024-04-17,2026-08-20
FM211797,2021-04-13,10045,FONDO MUTUO BCI ESTRUCTURADO DEUDA GLOBAL II,BCI ASSET MANAGEMENT ADMINISTRADORA  GENERAL DE FONDOS S.A.,No Vigente,,Fondo Mutuo,2021040141563,https://www.cmfchile.cl/documentos/rfm/rfm_2021040141563.pdf,2021-04-13,2026-08-20
FM211798,2021-04-13,10046,FONDO DE INVERSIÓN LARRAINVIAL DEUDA PRIVADA II,LARRAINVIAL ASSET MANAGEMENT ADMINISTRADORA GENERAL DE FONDOS S.A.,Vigente,,Fondo Inversión No Rescatable,2023060253281,https://www.cmfchile.cl/documentos/rfm/rfm_2023060253281.pdf,2023-06-14,2026-08-20
FM211796,2021-04-09,10044,FONDO DE INVERSIÓN LINK - PARQUE CHICUREO,LINK CAPITAL PARTNERS ADMINISTRADORA GENERAL DE FONDOS S.A.,Vigente,,Fondo Inversión No Rescatable,2026040239815,https://www.cmfchile.cl/documentos/rfm/rfm_2026040239815.pdf,2026-04-07,2026-08-20
FM211795,2021-03-31,10043,FONDO DE INVERSIÓN INDEPENDENCIA ATLANTA,INDEPENDENCIA INTERNACIONAL ADMINISTRADORA GENERAL DE FONDOS S.A.,Vigente,,Fondo Inversión No Rescatable,2026060385425,https://www.cmfchile.cl/documentos/rfm/rfm_2026060385425.pdf,2026-06-09,2026-08-20
FM211794,2021-03-31,10042,BTG PACTUAL FINANCIAMIENTO INMOBILIARIO PREFERENTE FONDO DE INVERSIÓN,BTG PACTUAL CHILE S.A. ADMINISTRADORA GENERAL DE FONDOS,Vigente,,Fondo Inversión No Rescatable,2022060248823,https://www.cmfchile.cl/documentos/rfm/rfm_2022060248823.pdf,2022-06-28,2026-08-20
FM211793,2021-03-31,10041,FONDO DE INVERSION BCI HLC II,BCI ASSET MANAGEMENT ADMINISTRADORA  GENERAL DE FONDOS S.A.,No Vigente,Liquidado,Fondo Inversión No Rescatable,2021030122979,https://www.cmfchile.cl/documentos/rfm/rfm_2021030122979.pdf,2021-03-31,2026-08-20
FM211792,2021-03-30,10040,FONDO DE INVERSIÓN BCI CDC,BCI ASSET MANAGEMENT ADMINISTRADORA  GENERAL DE FONDOS S.A.,No Vigente,Liquidado,Fondo Inversión No Rescatable,2022060248696,https://www.cmfchile.cl/documentos/rfm/rfm_2022060248696.pdf,2022-06-28,2026-08-20
FM211791,2021-03-30,10039,BTG PACTUAL GLOBAL BDCS FONDO DE INVERSIÓN,BTG PACTUAL CHILE S.A. ADMINISTRADORA GENERAL DE FONDOS,No Vigente,Liquidado,Fondo Inversión Rescatable,2025110830015,https://www.cmfchile.cl/documentos/rfm/rfm_2025110830015.pdf,2025-11-26,2026-08-20
FM211790,2021-03-29,10038,FONDO DE INVERSIÓN BCI HLC I,BCI ASSET MANAGEMENT ADMINISTRADORA  GENERAL DE FONDOS S.A.,Vigente,,Fondo Inversión No Rescatable,2023020080582,https://www.cmfchile.cl/documentos/rfm/rfm_2023020080582.pdf,2023-02-22,2026-08-20
FM211789,2021-03-26,10037,FONDO DE INVERSIÓN HMC INSIGHT XII,HMC S.A. ADMINISTRADORA GENERAL DE FONDOS,Vigente,,Fondo Inversión No Rescatable,2025050360488,https://www.cmfchile.cl/documentos/rfm/rfm_2025050360488.pdf,2025-05-20,2026-08-20
FM211788,2021-03-25,10036,FONDO MUTUO ZURICH TENDENCIAS GLOBALES,ZURICH CHILE ASSET MANAGEMENT ADMINISTRADORA GENERAL DE FONDOS S.A.,No Vigente,,Fondo Mutuo,2022010013446,https://www.cmfchile.cl/documentos/rfm/rfm_2022010013446.pdf,2022-01-12,2026-08-20
FM211787,2021-03-24,10035,FONDO DE INVERSION RENTA RESIDENCIAL PRINCIPAL AMPLO,PRINCIPAL ASSET MANAGEMENT ADMINISTRADORA GENERAL DE FONDOS S.A.,Vigente,,Fondo Inversión No Rescatable,2024070346417,https://www.cmfchile.cl/documentos/rfm/rfm_2024070346417.pdf,2024-07-02,2026-08-20
FM211786,2021-03-22,10034,FONDO MUTUO BOOSTER CLEAN ENERGY,BANCHILE ADMINISTRADORA GENERAL DE FONDOS S.A.,No Vigente,Liquidado,Fondo Mutuo,2021030106474,https://www.cmfchile.cl/documentos/rfm/rfm_2021030106474.pdf,2021-03-22,2026-08-20
FM211785,2021-03-15,10033,VOLCOMCAPITAL COINVESTMENT V FONDO DE INVERSIÓN,VOLCOMCAPITAL ADMINISTRADORA GENERAL DE FONDOS S.A.,No Vigente,,Fondo Inversión No Rescatable,2021030096601,https://www.cmfchile.cl/documentos/rfm/rfm_2021030096601.pdf,2021-03-15,2026-08-20
FM211784,2021-03-15,10032,FONDO MUTUO BTG PACTUAL AVENTURERO CERRO EL PLOMO,BTG PACTUAL CHILE S.A. ADMINISTRADORA GENERAL DE FONDOS,No Vigente,,Fondo Mutuo,2022040150885,https://www.cmfchile.cl/documentos/rfm/rfm_2022040150885.pdf,2022-04-19,2026-08-20
FM211780,2021-03-15,10031,FONDO MUTUO BTG PACTUAL PRECAVIDO CERRO MANQUEHUE,BTG PACTUAL CHILE S.A. ADMINISTRADORA GENERAL DE FONDOS,No Vigente,,Fondo Mutuo,2022040150874,https://www.cmfchile.cl/documentos/rfm/rfm_2022040150874.pdf,2022-04-19,2026-08-20
FM211779,2021-03-15,10030,FONDO MUTUO BTG PACTUAL AUDAZ OJOS DEL SALADO,BTG PACTUAL CHILE S.A. ADMINISTRADORA GENERAL DE FONDOS,No Vigente,,Fondo Mutuo,2022040150906,https://www.cmfchile.cl/documentos/rfm/rfm_2022040150906.pdf,2022-04-19,2026-08-20
FM211777,2021-03-11,10029,FONDO DE INVERSIÓN LINK - INMOBILIARIO I,LINK CAPITAL PARTNERS ADMINISTRADORA GENERAL DE FONDOS S.A.,Vigente,,Fondo Inversión No Rescatable,2025090646474,https://www.cmfchile.cl/documentos/rfm/rfm_2025090646474.pdf,2025-09-23,2026-08-20
FM211776,2021-03-11,10028,PICTON - SVP GLOBAL SVSS V FONDO DE INVERSION,PICTON ADMINISTRADORA GENERAL DE FONDOS S.A.,Vigente,,Fondo Inversión No Rescatable,2025060405221,https://www.cmfchile.cl/documentos/rfm/rfm_2025060405221.pdf,2025-06-10,2026-08-20
FM211775,2021-03-11,10027,FONDO MUTUO ITAU AHORRO PLUS DÓLAR,ITAU ADMINISTRADORA GENERAL DE FONDOS S.A.,Vigente,,Fondo Mutuo,2025120910424,https://www.cmfchile.cl/documentos/rfm/rfm_2025120910424.pdf,2025-12-31,2026-08-20
FM211774,2021-03-08,10026,FONDO MUTUO BI PROTECCIÓN,BANCO INTERNACIONAL ADMINISTRADORA GENERAL DE FONDOS S.A.,Vigente,,Fondo Mutuo,2025030247279,https://www.cmfchile.cl/documentos/rfm/rfm_2025030247279.pdf,2025-03-31,2026-08-20
FM211773,2021-03-05,10025,AMERIS FINANCIAMIENTO COLATERALIZADO I FONDO DE INVERSIÓN,AMERIS CAPITAL ADMINISTRADORA GENERAL DE FONDOS S.A.,Vigente,,Fondo Inversión No Rescatable,2023120523180,https://www.cmfchile.cl/documentos/rfm/rfm_2023120523180.pdf,2023-12-01,2026-08-20
FM211772,2021-03-04,10024,FONDO MUTUO SANTANDER EQUILIBRIO DÓLAR,SANTANDER ASSET MANAGEMENT S.A. ADMINISTRADORA GENERAL DE FONDOS,Vigente,,Fondo Mutuo,2025090662118,https://www.cmfchile.cl/documentos/rfm/rfm_2025090662118.pdf,2025-09-29,2026-08-20
FM211771,2021-03-02,10023,BICE INMOBILIARIO V FONDO DE INVERSION,BICE INVERSIONES ADMINISTRADORA GENERAL DE FONDOS S.A.,Vigente,,Fondo Inversión No Rescatable,2026010054176,https://www.cmfchile.cl/documentos/rfm/rfm_2026010054176.pdf,2026-01-22,2026-08-20
FM211770,2021-02-26,10022,FONDO DE INVERSIÓN OUTDOORS,VENTURANCE S.A. ADMINISTRADORA GENERAL DE FONDOS,Vigente,,Fondo Inversión No Rescatable,2025010077765,https://www.cmfchile.cl/documentos/rfm/rfm_2025010077765.pdf,2025-01-28,2026-08-20
FM211769,2021-02-26,10021,FONDO MUTUO ITAU CARTERA CRECIMIENTO DEFENSIVO,ITAU ADMINISTRADORA GENERAL DE FONDOS S.A.,Vigente,,Fondo Mutuo,2025080596073,https://www.cmfchile.cl/documentos/rfm/rfm_2025080596073.pdf,2025-08-29,2026-08-20
FM211768,2021-02-26,10020,FONDO MUTUO ITAU CARTERA RESERVA,ITAU ADMINISTRADORA GENERAL DE FONDOS S.A.,Vigente,,Fondo Mutuo,2025080595874,https://www.cmfchile.cl/documentos/rfm/rfm_2025080595874.pdf,2025-08-29,2026-08-20
FM211767,2021-02-26,10019,FONDO DE INVERSION PATIO OFICINAS II,LARRAIN VIAL ACTIVOS S.A. ADMINISTRADORA GENERAL DE FONDOS,Vigente,,Fondo Inversión No Rescatable,2025090640494,https://www.cmfchile.cl/documentos/rfm/rfm_2025090640494.pdf,2025-09-22,2026-08-20
FM211760,2021-02-25,10013,FONDO DE INVERSIÓN INDEPENDENCIA DORAL,INDEPENDENCIA INTERNACIONAL ADMINISTRADORA GENERAL DE FONDOS S.A.,Vigente,,Fondo Inversión No Rescatable,2024050270461,https://www.cmfchile.cl/documentos/rfm/rfm_2024050270461.pdf,2024-05-14,2026-08-20
FM211757,2021-02-25,10010,FONDO DE INVERSIÓN INDEPENDENCIA 299 ALHAMBRA,INDEPENDENCIA INTERNACIONAL ADMINISTRADORA GENERAL DE FONDOS S.A.,No Vigente,Liquidado,Fondo Inversión No Rescatable,2021020072835,https://www.cmfchile.cl/documentos/rfm/rfm_2021020072835.pdf,2021-02-25,2026-08-20
FM211758,2021-02-25,10011,FONDO DE INVERSIÓN INDEPENDENCIA DENVER,INDEPENDENCIA INTERNACIONAL ADMINISTRADORA GENERAL DE FONDOS S.A.,No Vigente,Liquidado,Fondo Inversión No Rescatable,2021050196477,https://www.cmfchile.cl/documentos/rfm/rfm_2021050196477.pdf,2021-05-19,2026-08-20
FM211759,2021-02-25,10012,FONDO DE INVERSIÓN INDEPENDENCIA DETROIT CBD,INDEPENDENCIA INTERNACIONAL ADMINISTRADORA GENERAL DE FONDOS S.A.,Vigente,,Fondo Inversión No Rescatable,2024050268085,https://www.cmfchile.cl/documentos/rfm/rfm_2024050268085.pdf,2024-05-13,2026-08-20
FM211762,2021-02-25,10015,FONDO DE INVERSIÓN CAPITAL ADVISORS REAL ESTATE MULTIFAMILY US I,CAPITAL ADVISORS ADMINISTRADORA GENERAL DE FONDOS S.A.,No Vigente,Liquidado,Fondo Inversión No Rescatable,2022120475159,https://www.cmfchile.cl/documentos/rfm/rfm_2022120475159.pdf,2022-12-14,2026-08-20
FM211761,2021-02-25,10014,FONDO DE INVERSIÓN INDEPENDENCIA THE ROUND,INDEPENDENCIA INTERNACIONAL ADMINISTRADORA GENERAL DE FONDOS S.A.,No Vigente,Liquidado,Fondo Inversión No Rescatable,2021050190499,https://www.cmfchile.cl/documentos/rfm/rfm_2021050190499.pdf,2021-05-14,2026-08-20
FM211763,2021-02-25,10016,FONDO DE INVERSIÓN MALL PIE ANDINO,LARRAIN VIAL ACTIVOS S.A. ADMINISTRADORA GENERAL DE FONDOS,No Vigente,Liquidado,Fondo Inversión No Rescatable,2022060232000,https://www.cmfchile.cl/documentos/rfm/rfm_2022060232000.pdf,2022-06-14,2026-08-20
FM211764,2021-02-25,10017,FONDO DE INVERSIÓN PATIO INDUSTRIAL I,LARRAIN VIAL ACTIVOS S.A. ADMINISTRADORA GENERAL DE FONDOS,No Vigente,Liquidado,Fondo Inversión No Rescatable,2024050276120,https://www.cmfchile.cl/documentos/rfm/rfm_2024050276120.pdf,2024-05-16,2026-08-20
FM211766,2021-02-25,10018,FONDO DE INVERSIÓN PATIO OFICINAS I,LARRAIN VIAL ACTIVOS S.A. ADMINISTRADORA GENERAL DE FONDOS,Vigente,,Fondo Inversión No Rescatable,2022060231997,https://www.cmfchile.cl/documentos/rfm/rfm_2022060231997.pdf,2022-06-14,2026-08-20
FM211756,2021-02-24,10009,FONDO MUTUO BICE TEMÁTICO GLOBAL,BICE INVERSIONES ADMINISTRADORA GENERAL DE FONDOS S.A.,Vigente,,Fondo Mutuo,2025050338933,https://www.cmfchile.cl/documentos/rfm/rfm_2025050338933.pdf,2025-05-08,2026-08-20
FM211755,2021-02-17,10008,FONDO DE INVERSIÓN LENNOX FINANCIAMIENTO ESTRUCTURADO,VENTURANCE S.A. ADMINISTRADORA GENERAL DE FONDOS,Vigente,,Fondo Inversión No Rescatable,2025070502620,https://www.cmfchile.cl/documentos/rfm/rfm_2025070502620.pdf,2025-07-17,2026-08-20
FM211754,2021-02-17,10007,FONDO DE INVERSIÓN HMC DEUDA PRIVADA PESOS,HMC S.A. ADMINISTRADORA GENERAL DE FONDOS,No Vigente,,Fondo Inversión Rescatable,2023010007244,https://www.cmfchile.cl/documentos/rfm/rfm_2023010007244.pdf,2023-01-06,2026-08-20
FM211753,2021-02-15,10006,AMERIS SEATTLE FONDO DE INVERSIÓN,AMERIS CAPITAL ADMINISTRADORA GENERAL DE FONDOS S.A.,No Vigente,,Fondo Inversión No Rescatable,2021020057965,https://www.cmfchile.cl/documentos/rfm/rfm_2021020057965.pdf,2021-02-15,2026-08-20
FM211752,2021-02-12,10005,FONDO DE INVERSION NEVASA GESTION INMOBILIARIA VII,NVS ADMINISTRADORA GENERAL DE FONDOS S.A.,Vigente,,Fondo Inversión No Rescatable,2023030125314,https://www.cmfchile.cl/documentos/rfm/rfm_2023030125314.pdf,2023-03-24,2026-08-20
FM211751,2021-02-11,10004,QUEST QSR FONDO DE INVERSION,QUEST ADMINISTRADORA GENERAL DE FONDOS S.A.,No Vigente,,Fondo Inversión No Rescatable,2021030101231,https://www.cmfchile.cl/documentos/rfm/rfm_2021030101231.pdf,2021-03-18,2026-08-20
FM211749,2021-02-11,10002,FONDO MUTUO LARRAINVIAL CUENTA ACTIVA AGRESIVA DÓLAR,LARRAINVIAL ASSET MANAGEMENT ADMINISTRADORA GENERAL DE FONDOS S.A.,Vigente,,Fondo Mutuo,2023030103602,https://www.cmfchile.cl/documentos/rfm/rfm_2023030103602.pdf,2023-03-10,2026-08-20
FM211750,2021-02-10,10003,VINCI COMPASS BCP ASIA II PRIVATE EQUITY FONDO DE INVERSIÓN,VINCI COMPASS S.A. ADMINISTRADORA GENERAL DE FONDOS,Vigente,,Fondo Inversión No Rescatable,2026060400619,https://www.cmfchile.cl/documentos/rfm/rfm_2026060400619.pdf,2026-06-16,2026-08-20
FM211747,2021-02-08,10000,FONDO MUTUO SECURITY QFUND BRAZIL,ADMINISTRADORA GENERAL DE FONDOS  SECURITY S.A.,No Vigente,,Fondo Mutuo,2023060237201,https://www.cmfchile.cl/documentos/rfm/rfm_2023060237201.pdf,2023-05-30,2026-08-20
FM211746,2021-02-05,9999,FONDO DE INVERSIÓN CREDICORP CAPITAL RENTA INMOBILIARIA II,CREDICORP CAPITAL ASSET MANAGEMENT S.A. ADMINISTRADORA GENERAL DE FONDOS,Vigente,,Fondo Inversión No Rescatable,2021020056404,https://www.cmfchile.cl/documentos/rfm/rfm_2021020056404.pdf,2021-02-12,2026-08-20
FM211748,2021-02-02,10001,FRONTAL TRUST FINANCIAMIENTO ESTRUCTURADO EXXACON FONDO DE INVERSIÓN,FRONTAL TRUST ADMINISTRADORA GENERAL DE FONDOS S.A.,Vigente,,Fondo Inversión No Rescatable,2024060316189,https://www.cmfchile.cl/documentos/rfm/rfm_2024060316189.pdf,2024-06-11,2026-08-20
FM211745,2021-02-01,9998,VINCI COMPASS LAPCO FONDO DE INVERSIÓN,VINCI COMPASS S.A. ADMINISTRADORA GENERAL DE FONDOS,Vigente,,Fondo Inversión No Rescatable,2026060424677,https://www.cmfchile.cl/documentos/rfm/rfm_2026060424677.pdf,2026-06-26,2026-08-20
FM211744,2021-02-01,9997,FONDO DE INVERSIÓN LARRAINVIAL BROWN ADVISORY US SUSTAINABLE GROWTH,LARRAINVIAL ASSET MANAGEMENT ADMINISTRADORA GENERAL DE FONDOS S.A.,No Vigente,,Fondo Inversión Rescatable,2021080345644,https://www.cmfchile.cl/documentos/rfm/rfm_2021080345644.pdf,2021-08-23,2026-08-20
FM211743,2021-01-28,9996,BANCHILE FONDO DE INVERSION AXON AURORA I,BANCHILE ADMINISTRADORA GENERAL DE FONDOS S.A.,Vigente,,Fondo Inversión No Rescatable,2024120682030,https://www.cmfchile.cl/documentos/rfm/rfm_2024120682030.pdf,2024-12-11,2026-08-20
FM211742,2021-01-22,9995,PICTON - WEST STREET CAPITAL PARTNERS VIII FONDO DE INVERSIÓN,PICTON ADMINISTRADORA GENERAL DE FONDOS S.A.,Vigente,,Fondo Inversión No Rescatable,2025060404893,https://www.cmfchile.cl/documentos/rfm/rfm_2025060404893.pdf,2025-06-10,2026-08-20
FM211741,2021-01-20,9994,COMPASS DVA LIQUIDEZ FONDO MUTUO,VINCI COMPASS S.A. ADMINISTRADORA GENERAL DE FONDOS,No Vigente,,Fondo Mutuo,2024050270989,https://www.cmfchile.cl/documentos/rfm/rfm_2024050270989.pdf,2024-05-14,2026-08-20
FM211740,2021-01-18,9993,FONDO DE INVERSION ENERGIAS RENOVABLES I,BANCHILE ADMINISTRADORA GENERAL DE FONDOS S.A.,Vigente,,Fondo Inversión No Rescatable,2024080446128,https://www.cmfchile.cl/documentos/rfm/rfm_2024080446128.pdf,2024-08-26,2026-08-20
FM211739,2021-01-18,9992,FONDO DE INVERSIÓN FYNSA MIGRANTE,FYNSA ADMINISTRADORA GENERAL DE FONDOS S.A.,No Vigente,,Fondo Inversión No Rescatable,2023120549821,https://www.cmfchile.cl/documentos/rfm/rfm_2023120549821.pdf,2023-12-14,2026-08-20
FM211737,2021-01-15,9991,FONDO DE INVERSIÓN SINGULAR RESIDENTIAL MBS I,SINGULAR ASSET MANAGEMENT ADMINISTRADORA GENERAL DE FONDOS S.A.,Vigente,,Fondo Inversión No Rescatable,2026010047145,https://www.cmfchile.cl/documentos/rfm/rfm_2026010047145.pdf,2026-01-20,2026-08-20
FM211736,2021-01-15,9990,FONDO DE INVERSIÓN SANTANDER RENTAS RESIDENCIALES,SANTANDER ASSET MANAGEMENT S.A. ADMINISTRADORA GENERAL DE FONDOS,Vigente,,Fondo Inversión No Rescatable,2025010026047,https://www.cmfchile.cl/documentos/rfm/rfm_2025010026047.pdf,2025-01-15,2026-08-20
FM211735,2021-01-15,9989,ARRAYÁN ACCIONES CHILENAS FONDO DE INVERSIÓN,LINK CAPITAL PARTNERS ADMINISTRADORA GENERAL DE FONDOS S.A.,Vigente,,Fondo Inversión Rescatable,2024010029944,https://www.cmfchile.cl/documentos/rfm/rfm_2024010029944.pdf,2024-01-12,2026-08-20
FM211734,2021-01-14,9988,FONDO MUTUO ITAU ESG GLOBAL CREDITS,ITAU ADMINISTRADORA GENERAL DE FONDOS S.A.,Vigente,,Fondo Mutuo,2025020146270,https://www.cmfchile.cl/documentos/rfm/rfm_2025020146270.pdf,2025-02-26,2026-08-20
FM211733,2021-01-14,9987,FONDO MUTUO ITAU ESG NORDEA EMERGING STARS,ITAU ADMINISTRADORA GENERAL DE FONDOS S.A.,Vigente,,Fondo Mutuo,2025020146291,https://www.cmfchile.cl/documentos/rfm/rfm_2025020146291.pdf,2025-02-26,2026-08-20
FM211732,2021-01-14,9986,FONDO MUTUO SURA TENDENCIAS GLOBALES,ADMINISTRADORA GENERAL DE FONDOS SURA S.A.,No Vigente,,Fondo Mutuo,2021120505581,https://www.cmfchile.cl/documentos/rfm/rfm_2021120505581.pdf,2021-12-22,2026-08-20
FM211731,2021-01-12,9985,FONDO DE INVERSIÓN DESARROLLO PARA RENTA RESIDENCIAL LARRAINVIAL - INGEVEC,LARRAINVIAL ASSET MANAGEMENT ADMINISTRADORA GENERAL DE FONDOS S.A.,Vigente,,Fondo Inversión No Rescatable,2025050380326,https://www.cmfchile.cl/documentos/rfm/rfm_2025050380326.pdf,2025-05-29,2026-08-20
FM211728,2021-01-11,9982,BICE STEPSTONE SCOF I FONDO DE INVERSION,BICE INVERSIONES ADMINISTRADORA GENERAL DE FONDOS S.A.,Vigente,,Fondo Inversión No Rescatable,2022060249682,https://www.cmfchile.cl/documentos/rfm/rfm_2022060249682.pdf,2022-06-29,2026-08-20
FM211729,2021-01-11,9983,BICE NUVEEN NEW YORK REAL ESTATE FONDO DE INVERSIÓN,BICE INVERSIONES ADMINISTRADORA GENERAL DE FONDOS S.A.,No Vigente,,Fondo Inversión No Rescatable,2021010009460,https://www.cmfchile.cl/documentos/rfm/rfm_2021010009460.pdf,2021-01-11,2026-08-20
FM211730,2021-01-11,9984,XLC ACCIONA INMOBILIARIO USA FONDO DE INVERSION,XLC ADMINISTRADORA GENERAL DE FONDOS S.A.,No Vigente,,Fondo Inversión No Rescatable,2021060223675,https://www.cmfchile.cl/documentos/rfm/rfm_2021060223675.pdf,2021-06-07,2026-08-20
FM201727,2020-12-29,9981,FONDO MUTUO BCI ESTRATEGIA DEUDA CALIFICADOS,BCI ASSET MANAGEMENT ADMINISTRADORA  GENERAL DE FONDOS S.A.,Vigente,,Fondo Mutuo,2023060242269,https://www.cmfchile.cl/documentos/rfm/rfm_2023060242269.pdf,2023-06-06,2026-08-20
FM201726,2020-12-29,9980,GFP CHILE TIMBERLAND HOLDINGS FONDO DE INVERSIÓN,ASSET ADMINISTRADORA GENERAL DE FONDOS S.A.,Vigente,,Fondo Inversión No Rescatable,2026070436119,https://www.cmfchile.cl/documentos/rfm/rfm_2026070436119.pdf,2026-07-02,2026-08-20
FM201725,2020-12-28,9979,FONDO DE INVERSION SURA RENTAS MÉXICO EN LIQUIDACIÓN,ADMINISTRADORA GENERAL DE FONDOS SURA S.A.,No Vigente,,Fondo Inversión Rescatable,2022050206242,https://www.cmfchile.cl/documentos/rfm/rfm_2022050206242.pdf,2022-05-26,2026-08-20
FM201724,2020-12-24,9978,FONDO DE INVERSIÓN EUROPE PHARMA ONLINE,LARRAIN VIAL ACTIVOS S.A. ADMINISTRADORA GENERAL DE FONDOS,Vigente,,Fondo Inversión No Rescatable,2025110790928,https://www.cmfchile.cl/documentos/rfm/rfm_2025110790928.pdf,2025-11-11,2026-08-20
FM201723,2020-12-24,9977,FONDO DE INVERSION SURA DEUDA PRIVADA CHILE,ADMINISTRADORA GENERAL DE FONDOS SURA S.A.,Vigente,,Fondo Inversión Rescatable,2026060392011,https://www.cmfchile.cl/documentos/rfm/rfm_2026060392011.pdf,2026-06-11,2026-08-20
FM201722,2020-12-23,9976,VOLCOMCAPITAL COINVESTMENT IV FONDO DE INVERSIÓN,VOLCOMCAPITAL ADMINISTRADORA GENERAL DE FONDOS S.A.,No Vigente,,Fondo Inversión No Rescatable,2021010014107,https://www.cmfchile.cl/documentos/rfm/rfm_2021010014107.pdf,2021-01-14,2026-08-20
FM201719,2020-12-17,9973,COMPASS BRAZIL EQUITY LB FONDO DE INVERSIÓN,VINCI COMPASS S.A. ADMINISTRADORA GENERAL DE FONDOS,No Vigente,,Fondo Inversión Rescatable,2020120507546,https://www.cmfchile.cl/documentos/rfm/rfm_2020120507546.pdf,2020-12-17,2026-08-20
FM201721,2020-12-17,9975,FONDO DE INVERSIÓN FYNSA RENTA VARIABLE INTERNACIONAL,FYNSA ADMINISTRADORA GENERAL DE FONDOS S.A.,No Vigente,,Fondo Inversión Rescatable,2020120507959,https://www.cmfchile.cl/documentos/rfm/rfm_2020120507959.pdf,2020-12-17,2026-08-20
FM201720,2020-12-17,9974,FONDO DE INVERSIÓN FYNSA RENTA FIJA INTERNACIONAL,FYNSA ADMINISTRADORA GENERAL DE FONDOS S.A.,No Vigente,,Fondo Inversión Rescatable,2020120507947,https://www.cmfchile.cl/documentos/rfm/rfm_2020120507947.pdf,2020-12-17,2026-08-20
FM201718,2020-12-15,9972,BTG PACTUAL – MV CREDIT V FONDO DE INVERSIÓN,BTG PACTUAL CHILE S.A. ADMINISTRADORA GENERAL DE FONDOS,No Vigente,,Fondo Inversión No Rescatable,2020120503804,https://www.cmfchile.cl/documentos/rfm/rfm_2020120503804.pdf,2020-12-15,2026-08-20
FM201716,2020-12-11,9970,TOESCA DEUDA PRIVADA FACTURAS FONDO DE INVERSIÓN,TOESCA S.A.  ADMINISTRADORA GENERAL DE FONDOS,Vigente,,Fondo Inversión Rescatable,2025020152536,https://www.cmfchile.cl/documentos/rfm/rfm_2025020152536.pdf,2025-02-28,2026-08-20
FM201717,2020-12-10,9971,FONDO DE INVERSION EQUITY DEBT MERCOSUR,FINASSET ADMINISTRADORA GENERAL DE FONDOS S.A.,Vigente,,Fondo Inversión No Rescatable,2020120502863,https://www.cmfchile.cl/documentos/rfm/rfm_2020120502863.pdf,2020-12-10,2026-08-20
FM201715,2020-12-10,9969,BICE ALTERNATIVOS FONDO DE INVERSION,BICE INVERSIONES ADMINISTRADORA GENERAL DE FONDOS S.A.,Vigente,,Fondo Inversión No Rescatable,2026060429749,https://www.cmfchile.cl/documentos/rfm/rfm_2026060429749.pdf,2026-06-30,2026-08-20
FM201714,2020-12-09,9968,AMERIS MC RENTA INDUSTRIAL FONDO DE INVERSIÓN,AMERIS CAPITAL ADMINISTRADORA GENERAL DE FONDOS S.A.,Vigente,,Fondo Inversión No Rescatable,2025060402352,https://www.cmfchile.cl/documentos/rfm/rfm_2025060402352.pdf,2025-06-09,2026-08-20
FM201713,2020-12-07,9967,FONDO DE INVERSIÓN LARRAINVIAL DROIA TERAPIAS GENÉTICAS,LARRAINVIAL ASSET MANAGEMENT ADMINISTRADORA GENERAL DE FONDOS S.A.,Vigente,,Fondo Inversión No Rescatable,2023060253266,https://www.cmfchile.cl/documentos/rfm/rfm_2023060253266.pdf,2023-06-14,2026-08-20
FM201712,2020-12-07,9966,FONDO MUTUO CLEVER PORTAFOLIO MODERADO,BICE INVERSIONES ADMINISTRADORA GENERAL DE FONDOS S.A.,No Vigente,,Fondo Mutuo,2024030173993,https://www.cmfchile.cl/documentos/rfm/rfm_2024030173993.pdf,2024-03-22,2026-08-20
FM201711,2020-12-07,9965,FONDO MUTUO CLEVER PORTAFOLIO CONSERVADOR,BICE INVERSIONES ADMINISTRADORA GENERAL DE FONDOS S.A.,No Vigente,,Fondo Mutuo,2024030173988,https://www.cmfchile.cl/documentos/rfm/rfm_2024030173988.pdf,2024-03-22,2026-08-20
FM201710,2020-12-07,9964,FONDO MUTUO CLEVER PORTAFOLIO AGRESIVO,BICE INVERSIONES ADMINISTRADORA GENERAL DE FONDOS S.A.,No Vigente,,Fondo Mutuo,2024030173979,https://www.cmfchile.cl/documentos/rfm/rfm_2024030173979.pdf,2024-03-22,2026-08-20
FM201707,2020-12-01,9961,FONDO MUTUO BCI ESTRUCTURADO AHORRO 3,BCI ASSET MANAGEMENT ADMINISTRADORA  GENERAL DE FONDOS S.A.,No Vigente,Liquidado,Fondo Mutuo,2020120489585,https://www.cmfchile.cl/documentos/rfm/rfm_2020120489585.pdf,2020-12-01,2026-08-20
FM201706,2020-12-01,9960,MONEDA GSI RENTAS LOGÍSTICAS I FONDO DE INVERSIÓN,MONEDA S.A. ADMINISTRADORA GENERAL DE FONDOS,Vigente,,Fondo Inversión No Rescatable,2023070309305,https://www.cmfchile.cl/documentos/rfm/rfm_2023070309305.pdf,2023-07-25,2026-08-20
FM201709,2020-12-01,9963,FONDO DE INVERSION LARRAINVIAL EMERGING MARKETS DEBT,LARRAINVIAL ASSET MANAGEMENT ADMINISTRADORA GENERAL DE FONDOS S.A.,No Vigente,,Fondo Inversión Rescatable,2021080316483,https://www.cmfchile.cl/documentos/rfm/rfm_2021080316483.pdf,2021-08-03,2026-08-20
FM201708,2020-12-01,9962,FONDO DE INVERSIÓN LARRAÍN VIAL ACP SECONDARIES 4,LARRAIN VIAL ACTIVOS S.A. ADMINISTRADORA GENERAL DE FONDOS,Vigente,,Fondo Inversión No Rescatable,2024050255571,https://www.cmfchile.cl/documentos/rfm/rfm_2024050255571.pdf,2024-05-06,2026-08-20
FM201705,2020-11-30,9959,FONDO DE INVERSIÓN VANTRUST CAPITAL DEUDA PRIVADA,VANTRUST CAPITAL ADMINISTRADORA GENERAL DE FONDOS S.A.,Vigente,,Fondo Inversión No Rescatable,2020110486912,https://www.cmfchile.cl/documentos/rfm/rfm_2020110486912.pdf,2020-11-30,2026-08-20
FM201704,2020-11-26,9958,COMPASS DVA DEUDA PRIVADA USA FONDO DE INVERSIÓN,VINCI COMPASS S.A. ADMINISTRADORA GENERAL DE FONDOS,Vigente,,Fondo Inversión Rescatable,2024050270936,https://www.cmfchile.cl/documentos/rfm/rfm_2024050270936.pdf,2024-05-14,2026-08-20
FM201703,2020-11-26,9957,FONDO DE INVERSIÓN MEGACENTRO BUENAVENTURA,AMERIS CAPITAL ADMINISTRADORA GENERAL DE FONDOS S.A.,Vigente,,Fondo Inversión No Rescatable,2021030076021,https://www.cmfchile.cl/documentos/rfm/rfm_2021030076021.pdf,2021-03-01,2026-08-20
FM201702,2020-11-25,9956,FONDO DE INVERSION CREDICORP CAPITAL RETORNO PREFERENTE MAESTRA I,CREDICORP CAPITAL ASSET MANAGEMENT S.A. ADMINISTRADORA GENERAL DE FONDOS,No Vigente,,Fondo Inversión No Rescatable,2021030089323,https://www.cmfchile.cl/documentos/rfm/rfm_2021030089323.pdf,2021-03-10,2026-08-20
FM201701,2020-11-24,9955,FONDO DE INVERSIÓN ROCKVILLE SOLAR ENERGY,FYNSA ADMINISTRADORA GENERAL DE FONDOS S.A.,Vigente,,Fondo Inversión No Rescatable,2024080446531,https://www.cmfchile.cl/documentos/rfm/rfm_2024080446531.pdf,2024-08-26,2026-08-20
FM201700,2020-11-23,9954,FONDO DE INVERSIÓN SINGULAR OAKTREE REAL ESTATE OPPORTUNITIES FUND VIII,SINGULAR ASSET MANAGEMENT ADMINISTRADORA GENERAL DE FONDOS S.A.,Vigente,,Fondo Inversión No Rescatable,2020110479470,https://www.cmfchile.cl/documentos/rfm/rfm_2020110479470.pdf,2020-11-23,2026-08-20
FM201699,2020-11-20,9953,XLC FINANCIAMIENTO DE CORTO PLAZO ENTIDADES REGULADAS FONDO DE INVERSIÓN,XLC ADMINISTRADORA GENERAL DE FONDOS S.A.,No Vigente,,Fondo Inversión No Rescatable,2020110478668,https://www.cmfchile.cl/documentos/rfm/rfm_2020110478668.pdf,2020-11-20,2026-08-20
FM201697,2020-11-19,9951,NEORENTAS NLC3 FONDO DE INVERSIÓN,NEORENTAS S.A. ADMINISTRADORA GENERAL DE FONDOS,Vigente,,Fondo Inversión No Rescatable,2020110477693,https://www.cmfchile.cl/documentos/rfm/rfm_2020110477693.pdf,2020-11-19,2026-08-20
FM201698,2020-11-19,9952,FONDO DE INVERSIÓN NEVASA DEUDA PRIVADA,NVS ADMINISTRADORA GENERAL DE FONDOS S.A.,Vigente,,Fondo Inversión No Rescatable,2025050347174,https://www.cmfchile.cl/documentos/rfm/rfm_2025050347174.pdf,2025-05-13,2026-08-20
FM201696,2020-11-09,9950,MBI GLOBAL FIXED INCOME FONDO DE INVERSION,MBI ADMINISTRADORA GENERAL DE FONDOS S.A.,Vigente,,Fondo Inversión Rescatable,2023120580651,https://www.cmfchile.cl/documentos/rfm/rfm_2023120580651.pdf,2023-12-29,2026-08-20
FM201695,2020-11-03,9949,FONDO DE INVERSIÓN FALCOM BLACKROCK LATAM INFRAESTRUCTURA III - CHILE,FALCOM ADMINISTRADORA GENERAL DE FONDOS S.A.,Vigente,,Fondo Inversión No Rescatable,2024090487944,https://www.cmfchile.cl/documentos/rfm/rfm_2024090487944.pdf,2024-09-13,2026-08-20
FM201694,2020-10-30,9948,FONDO DE INVERSIÓN ETF SINGULAR GLOBAL CORPORATES,SINGULAR ASSET MANAGEMENT ADMINISTRADORA GENERAL DE FONDOS S.A.,Vigente,,Fondo Inversión Rescatable,2024120690565,https://www.cmfchile.cl/documentos/rfm/rfm_2024120690565.pdf,2024-12-16,2026-08-20
FM201693,2020-10-29,9947,FONDO MUTUO AUTOCALL DOLLAR COUPON USA,BANCHILE ADMINISTRADORA GENERAL DE FONDOS S.A.,No Vigente,Liquidado,Fondo Mutuo,2020100452306,https://www.cmfchile.cl/documentos/rfm/rfm_2020100452306.pdf,2020-10-29,2026-08-20
FM201692,2020-10-28,9946,FONDO MUTUO BEST COUPON EMERGENTE,BANCHILE ADMINISTRADORA GENERAL DE FONDOS S.A.,No Vigente,Liquidado,Fondo Mutuo,2020100450169,https://www.cmfchile.cl/documentos/rfm/rfm_2020100450169.pdf,2020-10-28,2026-08-20
FM201691,2020-10-27,9945,LEASEBACK INMOBILIARIO FONDO DE INVERSION,ALZA ADMINISTRADORA GENERAL DE FONDOS S.A.,Vigente,,Fondo Inversión No Rescatable,2025010043702,https://www.cmfchile.cl/documentos/rfm/rfm_2025010043702.pdf,2025-01-21,2026-08-20
FM201690,2020-10-26,9944,FONDO DE INVERSIÓN LARRAINVIAL OPORTUNIDAD INMOBILIARIA,LARRAINVIAL ASSET MANAGEMENT ADMINISTRADORA GENERAL DE FONDOS S.A.,Vigente,,Fondo Inversión No Rescatable,2025050380404,https://www.cmfchile.cl/documentos/rfm/rfm_2025050380404.pdf,2025-05-29,2026-08-20
FM201689,2020-10-19,9943,FONDO DE INVERSIÓN INMOBILIARIO XI,BANCHILE ADMINISTRADORA GENERAL DE FONDOS S.A.,Vigente,,Fondo Inversión No Rescatable,2024080446144,https://www.cmfchile.cl/documentos/rfm/rfm_2024080446144.pdf,2024-08-26,2026-08-20
FM201688,2020-10-15,9942,FONDO DE INVERSION PRINCIPAL DIGITAL REAL ESTATE USA,PRINCIPAL ASSET MANAGEMENT ADMINISTRADORA GENERAL DE FONDOS S.A.,Vigente,,Fondo Inversión No Rescatable,2024070346257,https://www.cmfchile.cl/documentos/rfm/rfm_2024070346257.pdf,2024-07-02,2026-08-20
FM201687,2020-10-07,9941,TOESCA DEUDA PRIVADA DIP LATAM FONDO DE INVERSIÓN,TOESCA S.A.  ADMINISTRADORA GENERAL DE FONDOS,No Vigente,Liquidado,Fondo Inversión No Rescatable,2020100427173,https://www.cmfchile.cl/documentos/rfm/rfm_2020100427173.pdf,2020-10-07,2026-08-20
FM201686,2020-09-23,9940,PICTON - ACE V FONDO DE INVERSIÓN,PICTON ADMINISTRADORA GENERAL DE FONDOS S.A.,Vigente,,Fondo Inversión No Rescatable,2025060405181,https://www.cmfchile.cl/documentos/rfm/rfm_2025060405181.pdf,2025-06-10,2026-08-20
FM201685,2020-09-23,9939,FONDO DE INVERSIÓN BCI PE XIII,BCI ASSET MANAGEMENT ADMINISTRADORA  GENERAL DE FONDOS S.A.,Vigente,,Fondo Inversión No Rescatable,2022070261165,https://www.cmfchile.cl/documentos/rfm/rfm_2022070261165.pdf,2022-07-06,2026-08-20
FM201684,2020-09-17,9938,FONDO DE INVERSIÓN FALCOM GTCR PRIVATE EQUITY XIII,FALCOM ADMINISTRADORA GENERAL DE FONDOS S.A.,Vigente,,Fondo Inversión No Rescatable,2023050211422,https://www.cmfchile.cl/documentos/rfm/rfm_2023050211422.pdf,2023-05-16,2026-08-20
FM201683,2020-09-16,9937,COMPASS DVA MEDTECH FUND FONDO DE INVERSIÓN,VINCI COMPASS S.A. ADMINISTRADORA GENERAL DE FONDOS,Vigente,,Fondo Inversión Rescatable,2024050270921,https://www.cmfchile.cl/documentos/rfm/rfm_2024050270921.pdf,2024-05-14,2026-08-20
FM201682,2020-09-16,9936,FONDO MUTUO ITAU TOESCA CHILE EQUITIES,ITAU ADMINISTRADORA GENERAL DE FONDOS S.A.,Vigente,,Fondo Mutuo,2025060404578,https://www.cmfchile.cl/documentos/rfm/rfm_2025060404578.pdf,2025-06-10,2026-08-20
FM201681,2020-09-14,9935,FONDO MUTUO ITAU MONEDA CREDITO LATAM,ITAU ADMINISTRADORA GENERAL DE FONDOS S.A.,Vigente,,Fondo Mutuo,2025020146358,https://www.cmfchile.cl/documentos/rfm/rfm_2025020146358.pdf,2025-02-26,2026-08-20
FM201680,2020-09-10,9934,FONDO MUTUO BICE RENTA MÁS LARGO PLAZO,BICE INVERSIONES ADMINISTRADORA GENERAL DE FONDOS S.A.,Vigente,,Fondo Mutuo,2025080540109,https://www.cmfchile.cl/documentos/rfm/rfm_2025080540109.pdf,2025-08-04,2026-08-20
FM201679,2020-09-09,9933,FONDO DE INVERSION BANCHILE EQUITY TRENDS,BANCHILE ADMINISTRADORA GENERAL DE FONDOS S.A.,No Vigente,,Fondo Inversión Rescatable,2020090392513,https://www.cmfchile.cl/documentos/rfm/rfm_2020090392513.pdf,2020-09-09,2026-08-20
FM201677,2020-09-04,9931,FONDO MUTUO ITAU GLOBAL BRANDS,ITAU ADMINISTRADORA GENERAL DE FONDOS S.A.,Vigente,,Fondo Mutuo,2025020146332,https://www.cmfchile.cl/documentos/rfm/rfm_2025020146332.pdf,2025-02-26,2026-08-20
FM201678,2020-09-04,9932,FONDO MUTUO ITAU US ADVANTAGE,ITAU ADMINISTRADORA GENERAL DE FONDOS S.A.,Vigente,,Fondo Mutuo,2025060404591,https://www.cmfchile.cl/documentos/rfm/rfm_2025060404591.pdf,2025-06-10,2026-08-20
FM201676,2020-09-03,9930,COMPASS GLOBAL TRENDS FONDO DE INVERSIÓN,VINCI COMPASS S.A. ADMINISTRADORA GENERAL DE FONDOS,No Vigente,,Fondo Inversión Rescatable,2021070261300,https://www.cmfchile.cl/documentos/rfm/rfm_2021070261300.pdf,2021-07-01,2026-08-20
FM201675,2020-09-02,9929,FONDO MUTUO LARRAINVIAL AHORRO LARGO PLAZO,LARRAINVIAL ASSET MANAGEMENT ADMINISTRADORA GENERAL DE FONDOS S.A.,No Vigente,,Fondo Mutuo,2021060241463,https://www.cmfchile.cl/documentos/rfm/rfm_2021060241463.pdf,2021-06-17,2026-08-20
FM201674,2020-09-02,9928,FONDO MUTUO ITAU LARRAINVIAL AHORRO ESTRATEGICO,ITAU ADMINISTRADORA GENERAL DE FONDOS S.A.,No Vigente,,Fondo Mutuo,2023030121425,https://www.cmfchile.cl/documentos/rfm/rfm_2023030121425.pdf,2023-03-22,2026-08-20
FM201673,2020-09-02,9927,FONDO MUTUO ITAU COMPASS DEUDA CHILENA,ITAU ADMINISTRADORA GENERAL DE FONDOS S.A.,No Vigente,,Fondo Mutuo,2023030121422,https://www.cmfchile.cl/documentos/rfm/rfm_2023030121422.pdf,2023-03-22,2026-08-20
FM201672,2020-09-02,9926,FONDO MUTUO ITAU ACCIONES LATINOAMERICANAS,ITAU ADMINISTRADORA GENERAL DE FONDOS S.A.,Vigente,,Fondo Mutuo,2025010009071,https://www.cmfchile.cl/documentos/rfm/rfm_2025010009071.pdf,2025-01-08,2026-08-20
FM201671,2020-09-01,9925,MONEDA PATRIA RENTA CORTO PLAZO FONDO DE INVERSIÓN,MONEDA S.A. ADMINISTRADORA GENERAL DE FONDOS,Vigente,,Fondo Inversión Rescatable,2026060401145,https://www.cmfchile.cl/documentos/rfm/rfm_2026060401145.pdf,2026-06-16,2026-08-20
FM201668,2020-08-31,9922,FONDO MUTUO ITAU ACCIONES EMERGENTES,ITAU ADMINISTRADORA GENERAL DE FONDOS S.A.,Vigente,,Fondo Mutuo,2025020151611,https://www.cmfchile.cl/documentos/rfm/rfm_2025020151611.pdf,2025-02-28,2026-08-20
FM201667,2020-08-31,9921,FONDO MUTUO ITAÚ INCOME,ITAU ADMINISTRADORA GENERAL DE FONDOS S.A.,Vigente,,Fondo Mutuo,2025060404567,https://www.cmfchile.cl/documentos/rfm/rfm_2025060404567.pdf,2025-06-10,2026-08-20
FM201670,2020-08-31,9924,FONDO DE INVERSION SINGULAR DIP,SINGULAR ASSET MANAGEMENT ADMINISTRADORA GENERAL DE FONDOS S.A.,No Vigente,,Fondo Inversión No Rescatable,2020080379949,https://www.cmfchile.cl/documentos/rfm/rfm_2020080379949.pdf,2020-08-31,2026-08-20
FM201669,2020-08-31,9923,FONDO MUTUO ITAU DEUDA EMERGENTE,ITAU ADMINISTRADORA GENERAL DE FONDOS S.A.,No Vigente,Liquidado,Fondo Mutuo,2023030121459,https://www.cmfchile.cl/documentos/rfm/rfm_2023030121459.pdf,2023-03-22,2026-08-20
FM201666,2020-08-28,9920,AMERIS DEUDA I FONDO DE INVERSIÓN,AMERIS CAPITAL ADMINISTRADORA GENERAL DE FONDOS S.A.,No Vigente,,Fondo Inversión No Rescatable,2020080377802,https://www.cmfchile.cl/documentos/rfm/rfm_2020080377802.pdf,2020-08-28,2026-08-20
FM201665,2020-08-28,9919,AMERIS AATECH FINANCIAMIENTO CORTO PLAZO FONDO DE INVERSIÓN,AMERIS CAPITAL ADMINISTRADORA GENERAL DE FONDOS S.A.,Vigente,,Fondo Inversión Rescatable,2026060408314,https://www.cmfchile.cl/documentos/rfm/rfm_2026060408314.pdf,2026-06-18,2026-08-20
FM201664,2020-08-27,9918,FONDO DE INVERSIÓN TRONADOR DEUDA PRIVADA,VENTURANCE S.A. ADMINISTRADORA GENERAL DE FONDOS,Vigente,,Fondo Inversión No Rescatable,2025060392757,https://www.cmfchile.cl/documentos/rfm/rfm_2025060392757.pdf,2026-08-10,2026-08-20
FM201663,2020-08-25,9917,FRONTAL TRUST – CORDADA RENDIMIENTO CON LIQUIDEZ FONDO DE INVERSIÓN,FRONTAL TRUST ADMINISTRADORA GENERAL DE FONDOS S.A.,Vigente,,Fondo Inversión No Rescatable,2026030206201,https://www.cmfchile.cl/documentos/rfm/rfm_2026030206201.pdf,2026-03-25,2026-08-20
FM201662,2020-08-24,9916,FONDO MUTUO BANCHILE DEUDA INTERNACIONAL,BANCHILE ADMINISTRADORA GENERAL DE FONDOS S.A.,No Vigente,,Fondo Mutuo,2020080371250,https://www.cmfchile.cl/documentos/rfm/rfm_2020080371250.pdf,2020-08-24,2026-08-20
FM201661,2020-08-20,9915,FONDO DE INVERSIÓN LARRAINVIAL HEALTH AND BIOTECH,LARRAINVIAL ASSET MANAGEMENT ADMINISTRADORA GENERAL DE FONDOS S.A.,No Vigente,,Fondo Inversión Rescatable,2021080316492,https://www.cmfchile.cl/documentos/rfm/rfm_2021080316492.pdf,2021-08-03,2026-08-20
FM201660,2020-08-14,9914,FONDO DE INVERSIÓN HMC DEUDA PRIVADA GLOBAL,HMC S.A. ADMINISTRADORA GENERAL DE FONDOS,No Vigente,,Fondo Inversión Rescatable,2026030173305,https://www.cmfchile.cl/documentos/rfm/rfm_2026030173305.pdf,2026-03-11,2026-08-20
FM201659,2020-08-13,9913,VOLCOMCAPITAL REAL ESTATE V FONDO DE INVERSIÓN,VOLCOMCAPITAL ADMINISTRADORA GENERAL DE FONDOS S.A.,Vigente,,Fondo Inversión No Rescatable,2020080359216,https://www.cmfchile.cl/documentos/rfm/rfm_2020080359216.pdf,2020-08-13,2026-08-20
FM201658,2020-08-10,9912,FONDO DE INVERSIÓN FALCOM LATAM USD DEBT ESG,FALCOM ADMINISTRADORA GENERAL DE FONDOS S.A.,Vigente,,Fondo Inversión Rescatable,2024010040669,https://www.cmfchile.cl/documentos/rfm/rfm_2024010040669.pdf,2024-01-17,2026-08-20
FM201657,2020-08-04,9911,AMERIS ALTERNATIVOS I FONDO DE INVERSIÓN,AMERIS CAPITAL ADMINISTRADORA GENERAL DE FONDOS S.A.,Vigente,,Fondo Inversión No Rescatable,2025060396147,https://www.cmfchile.cl/documentos/rfm/rfm_2025060396147.pdf,2025-06-05,2026-08-20
FM201656,2020-08-03,9910,BTG PACTUAL GLOBAL REITS FONDO DE INVERSIÓN,BTG PACTUAL CHILE S.A. ADMINISTRADORA GENERAL DE FONDOS,No Vigente,,Fondo Inversión Rescatable,2024090461269,https://www.cmfchile.cl/documentos/rfm/rfm_2024090461269.pdf,2024-09-03,2026-08-20
FM201654,2020-07-30,9909,BANCHILE LBO EUROPE I FONDO DE INVERSION,BANCHILE ADMINISTRADORA GENERAL DE FONDOS S.A.,No Vigente,,Fondo Inversión No Rescatable,2020070342844,https://www.cmfchile.cl/documentos/rfm/rfm_2020070342844.pdf,2020-07-30,2026-08-20
FM201653,2020-07-28,9908,AMERIS OPPORTUNISTIC US REAL ESTATE I FONDO DE INVERSIÓN,AMERIS CAPITAL ADMINISTRADORA GENERAL DE FONDOS S.A.,No Vigente,,Fondo Inversión No Rescatable,2020070338450,https://www.cmfchile.cl/documentos/rfm/rfm_2020070338450.pdf,2020-07-28,2026-08-20
FM201652,2020-07-28,9907,XLC DEUDA PRIVADA FINTECH FONDO DE INVERSIÓN,XLC ADMINISTRADORA GENERAL DE FONDOS S.A.,No Vigente,,Fondo Inversión No Rescatable,2022080316634,https://www.cmfchile.cl/documentos/rfm/rfm_2022080316634.pdf,2022-08-12,2026-08-20
FM201651,2020-07-24,9906,FONDO DE INVERSIÓN SINGULAR OAKTREE OPPORTUNITIES FUND XI,SINGULAR ASSET MANAGEMENT ADMINISTRADORA GENERAL DE FONDOS S.A.,Vigente,,Fondo Inversión No Rescatable,2020070334459,https://www.cmfchile.cl/documentos/rfm/rfm_2020070334459.pdf,2020-07-24,2026-08-20
FM201650,2020-07-22,9905,FONDO MUTUO BI ESTRATÉGICO,BANCO INTERNACIONAL ADMINISTRADORA GENERAL DE FONDOS S.A.,Vigente,,Fondo Mutuo,2024050282600,https://www.cmfchile.cl/documentos/rfm/rfm_2024050282600.pdf,2024-05-22,2026-08-20
FM201649,2020-07-15,9904,FONDO DE INVERSIÓN DRAKE REAL ESTATE PARTNERS FUND IV,LARRAIN VIAL ACTIVOS S.A. ADMINISTRADORA GENERAL DE FONDOS,Vigente,,Fondo Inversión No Rescatable,2024050276127,https://www.cmfchile.cl/documentos/rfm/rfm_2024050276127.pdf,2024-05-16,2026-08-20
FM201648,2020-07-14,9903,FONDO DE INVERSIÓN LARRAÍN VIAL MARATHON DCF,LARRAIN VIAL ACTIVOS S.A. ADMINISTRADORA GENERAL DE FONDOS,Vigente,,Fondo Inversión No Rescatable,2024050255573,https://www.cmfchile.cl/documentos/rfm/rfm_2024050255573.pdf,2024-05-06,2026-08-20
FM201646,2020-07-13,9901,MONEDA ALPINVEST CO-INVESTMENT FUND VIII FONDO DE INVERSIÓN,MONEDA S.A. ADMINISTRADORA GENERAL DE FONDOS,Vigente,,Fondo Inversión No Rescatable,2022050200547,https://www.cmfchile.cl/documentos/rfm/rfm_2022050200547.pdf,2022-05-23,2026-08-20
FM201647,2020-07-13,9902,FONDO DE INVERSIÓN FALCOM DEUDA CORPORATIVA CHILE,FALCOM ADMINISTRADORA GENERAL DE FONDOS S.A.,Vigente,,Fondo Inversión Rescatable,2025090635044,https://www.cmfchile.cl/documentos/rfm/rfm_2025090635044.pdf,2026-08-05,2026-08-20
FM201645,2020-07-10,9900,FONDO DE INVERSIÓN FORESTAL CAMPBELL GLOBAL,LARRAIN VIAL ACTIVOS S.A. ADMINISTRADORA GENERAL DE FONDOS,Vigente,,Fondo Inversión No Rescatable,2025070452472,https://www.cmfchile.cl/documentos/rfm/rfm_2025070452472.pdf,2025-07-02,2026-08-20
FM201644,2020-07-07,9899,AMERIS LGT SECONDARIES V FONDO DE INVERSION,AMERIS CAPITAL ADMINISTRADORA GENERAL DE FONDOS S.A.,Vigente,,Fondo Inversión No Rescatable,2021010002495,https://www.cmfchile.cl/documentos/rfm/rfm_2021010002495.pdf,2021-01-04,2026-08-20
FM201643,2020-07-03,9898,VOLCOMCAPITAL PRIVATE EQUITY VII FONDO DE INVERSIÓN,VOLCOMCAPITAL ADMINISTRADORA GENERAL DE FONDOS S.A.,No Vigente,,Fondo Inversión No Rescatable,2020070284227,https://www.cmfchile.cl/documentos/rfm/rfm_2020070284227.pdf,2020-07-03,2026-08-20
FM201642,2020-07-02,9897,FONDO DE INVERSIÓN SURA DEUDA CORPORATIVA LATINOAMERICANA USD EN LIQUIDACIÓN,ADMINISTRADORA GENERAL DE FONDOS SURA S.A.,No Vigente,,Fondo Inversión Rescatable,2022060227769,https://www.cmfchile.cl/documentos/rfm/rfm_2022060227769.pdf,2022-06-10,2026-08-20
FM201641,2020-07-02,9896,FONDO DE INVERSIÓN SECURITY STEPSTONE REAL ESTATE PARTNERS IV,ADMINISTRADORA GENERAL DE FONDOS  SECURITY S.A.,Vigente,,Fondo Inversión No Rescatable,2020090386290,https://www.cmfchile.cl/documentos/rfm/rfm_2020090386290.pdf,2020-09-02,2026-08-20
FM201640,2020-06-26,9895,FONDO DE INVERSIÓN LARRAÍN VIAL DEUDA ESTRUCTURADA IV-B,LARRAIN VIAL ACTIVOS S.A. ADMINISTRADORA GENERAL DE FONDOS,No Vigente,,Fondo Inversión No Rescatable,2020060272083,https://www.cmfchile.cl/documentos/rfm/rfm_2020060272083.pdf,2020-06-26,2026-08-20
FM201639,2020-06-24,9894,FONDO DE INVERSIÓN FYNSA CAPITAL PREFERENTE I,FYNSA ADMINISTRADORA GENERAL DE FONDOS S.A.,No Vigente,Liquidado,Fondo Inversión No Rescatable,2021110465864,https://www.cmfchile.cl/documentos/rfm/rfm_2021110465864.pdf,2021-11-19,2026-08-20
FM201638,2020-06-22,9893,FONDO DE INVERSIÓN LINDSAY GOLDBERG V,BANCHILE ADMINISTRADORA GENERAL DE FONDOS S.A.,No Vigente,,Fondo Inversión No Rescatable,2020060266029,https://www.cmfchile.cl/documentos/rfm/rfm_2020060266029.pdf,2020-06-22,2026-08-20
FM201637,2020-06-19,9892,FONDO DE INVERSIÓN CREDICORP CAPITAL –  SLP II,CREDICORP CAPITAL ASSET MANAGEMENT S.A. ADMINISTRADORA GENERAL DE FONDOS,Vigente,,Fondo Inversión No Rescatable,2020070290702,https://www.cmfchile.cl/documentos/rfm/rfm_2020070290702.pdf,2020-07-09,2026-08-20
FM201636,2020-06-17,9891,FONDO DE INVERSIÓN WEG-7,LAB CAPITAL ADMINISTRADORA GENERAL DE FONDOS S.A.,No Vigente,,Fondo Inversión Rescatable,2022080339249,https://www.cmfchile.cl/documentos/rfm/rfm_2022080339249.pdf,2022-08-30,2026-08-20
FM201635,2020-06-15,9890,FONDO DE INVERSIÓN LARRAÍN VIAL DEUDA ESTRUCTURADA III,LARRAIN VIAL ACTIVOS S.A. ADMINISTRADORA GENERAL DE FONDOS,No Vigente,,Fondo Inversión No Rescatable,2020060229451,https://www.cmfchile.cl/documentos/rfm/rfm_2020060229451.pdf,2020-06-15,2026-08-20
FM201634,2020-06-15,9889,FONDO DE INVERSIÓN LARRAÍN VIAL DEUDA ESTRUCTURADA IV,LARRAIN VIAL ACTIVOS S.A. ADMINISTRADORA GENERAL DE FONDOS,No Vigente,,Fondo Inversión No Rescatable,2020060272078,https://www.cmfchile.cl/documentos/rfm/rfm_2020060272078.pdf,2020-06-26,2026-08-20
FM201633,2020-06-15,9888,FONDO DE INVERSIÓN LARRAÍN VIAL DEUDA ESTRUCTURADA V,LARRAIN VIAL ACTIVOS S.A. ADMINISTRADORA GENERAL DE FONDOS,No Vigente,,Fondo Inversión No Rescatable,2020060229449,https://www.cmfchile.cl/documentos/rfm/rfm_2020060229449.pdf,2020-06-15,2026-08-20
FM201632,2020-06-08,9887,FONDO DE INVERSIÓN CS II,BANCHILE ADMINISTRADORA GENERAL DE FONDOS S.A.,No Vigente,Liquidado,Fondo Inversión No Rescatable,2020060186415,https://www.cmfchile.cl/documentos/rfm/rfm_2020060186415.pdf,2020-06-08,2026-08-20
FM201631,2020-06-08,9886,FONDO DE INVERSIÓN HMC CARVAL CREDIT VALUE FUND V,HMC S.A. ADMINISTRADORA GENERAL DE FONDOS,Vigente,,Fondo Inversión No Rescatable,2025050360478,https://www.cmfchile.cl/documentos/rfm/rfm_2025050360478.pdf,2025-05-20,2026-08-20
FM201630,2020-06-08,9885,QUEST DEUDA CHILE INVESTMENT GRADE FONDO DE INVERSION,QUEST ADMINISTRADORA GENERAL DE FONDOS S.A.,No Vigente,,Fondo Inversión Rescatable,2020060247435,https://www.cmfchile.cl/documentos/rfm/rfm_2020060247435.pdf,2020-06-18,2026-08-20
FM201629,2020-05-19,9884,FONDO MUTUO BEST COUPON USA,BANCHILE ADMINISTRADORA GENERAL DE FONDOS S.A.,No Vigente,Liquidado,Fondo Mutuo,2020050168577,https://www.cmfchile.cl/documentos/rfm/rfm_2020050168577.pdf,2020-05-19,2026-08-20
FM201628,2020-05-14,9883,FONDO DE INVERSIÓN SECURITY MONARCH CAPITAL PARTNERS V,ADMINISTRADORA GENERAL DE FONDOS  SECURITY S.A.,Vigente,,Fondo Inversión No Rescatable,2020090414704,https://www.cmfchile.cl/documentos/rfm/rfm_2020090414704.pdf,2020-09-29,2026-08-20
FM201627,2020-05-13,9882,FONDO DE INVERSIÓN SARTOR TÁCTICO PERÚ,SARTOR ADMINISTRADORA GENERAL DE FONDOS S.A.,Vigente,,Fondo Inversión Rescatable,2022060250793,https://www.cmfchile.cl/documentos/rfm/rfm_2022060250793.pdf,2022-06-29,2026-08-20
FM201626,2020-04-28,9881,FONDO DE INVERSIÓN BCI DEUDA CORPORATIVA CORTO PLAZO,BCI ASSET MANAGEMENT ADMINISTRADORA  GENERAL DE FONDOS S.A.,No Vigente,Liquidado,Fondo Inversión No Rescatable,2020050173545,https://www.cmfchile.cl/documentos/rfm/rfm_2020050173545.pdf,2020-05-26,2026-08-20
FM201625,2020-04-21,9880,PICTON - KKR ASIA IV FONDO DE INVERSIÓN,PICTON ADMINISTRADORA GENERAL DE FONDOS S.A.,Vigente,,Fondo Inversión No Rescatable,2025060405138,https://www.cmfchile.cl/documentos/rfm/rfm_2025060405138.pdf,2025-06-10,2026-08-20
FM201624,2020-04-13,9879,AMERIS NM PRIVATE CREDIT FONDO DE INVERSIÓN,AMERIS CAPITAL ADMINISTRADORA GENERAL DE FONDOS S.A.,Vigente,,Fondo Inversión No Rescatable,2026060367197,https://www.cmfchile.cl/documentos/rfm/rfm_2026060367197.pdf,2026-06-02,2026-08-20
FM201623,2020-04-08,9878,VINCI COMPASS GSO COF IV PRIVATE DEBT FONDO DE INVERSION,VINCI COMPASS S.A. ADMINISTRADORA GENERAL DE FONDOS,Vigente,,Fondo Inversión No Rescatable,2026060407585,https://www.cmfchile.cl/documentos/rfm/rfm_2026060407585.pdf,2026-06-18,2026-08-20
FM201622,2020-04-08,9877,VOLCOMCAPITAL PRIVATE EQUITY VIII FONDO DE INVERSIÓN,VOLCOMCAPITAL ADMINISTRADORA GENERAL DE FONDOS S.A.,Vigente,,Fondo Inversión No Rescatable,2024010001578,https://www.cmfchile.cl/documentos/rfm/rfm_2024010001578.pdf,2024-01-02,2026-08-20
FM201621,2020-04-07,9876,FONDO DE INVERSIÓN HMC CD&R FUND XI,HMC S.A. ADMINISTRADORA GENERAL DE FONDOS,Vigente,,Fondo Inversión No Rescatable,2025050358846,https://www.cmfchile.cl/documentos/rfm/rfm_2025050358846.pdf,2025-05-19,2026-08-20
FM201620,2020-04-06,9875,FONDO MUTUO BCI PORTAFOLIO ESTRUCTURADO 20,BCI ASSET MANAGEMENT ADMINISTRADORA  GENERAL DE FONDOS S.A.,No Vigente,,Fondo Mutuo,2020040075793,https://www.cmfchile.cl/documentos/rfm/rfm_2020040075793.pdf,2020-04-06,2026-08-20
FM201619,2020-04-03,9874,FONDO DE INVERSIÓN HMC RV GLOBAL,HMC S.A. ADMINISTRADORA GENERAL DE FONDOS,Vigente,,Fondo Inversión No Rescatable,2025050378854,https://www.cmfchile.cl/documentos/rfm/rfm_2025050378854.pdf,2025-05-27,2026-08-20
FM201618,2020-04-01,9873,FONDO MUTUO BTG PACTUAL GESTIÓN AGRESIVA,BTG PACTUAL CHILE S.A. ADMINISTRADORA GENERAL DE FONDOS,Vigente,,Fondo Mutuo,2026070471741,https://www.cmfchile.cl/documentos/rfm/rfm_2026070471741.pdf,2026-07-21,2026-08-20
FM201617,2020-04-01,9872,FONDO MUTUO BTG PACTUAL GESTIÓN CONSERVADORA,BTG PACTUAL CHILE S.A. ADMINISTRADORA GENERAL DE FONDOS,Vigente,,Fondo Mutuo,2026070473568,https://www.cmfchile.cl/documentos/rfm/rfm_2026070473568.pdf,2026-07-22,2026-08-20
FM201615,2020-03-23,9870,FONDO DE INVERSIÓN LARRAINVIAL DEUDA PRIVADA USD,LARRAINVIAL ASSET MANAGEMENT ADMINISTRADORA GENERAL DE FONDOS S.A.,Vigente,,Fondo Inversión Rescatable,2025040251832,https://www.cmfchile.cl/documentos/rfm/rfm_2025040251832.pdf,2025-04-01,2026-08-20
FM201616,2020-03-23,9871,FONDO DE INVERSIÓN NEORENTAS NORTH COLONY OCHO,NEORENTAS S.A. ADMINISTRADORA GENERAL DE FONDOS,Vigente,,Fondo Inversión No Rescatable,2023060248378,https://www.cmfchile.cl/documentos/rfm/rfm_2023060248378.pdf,2023-06-09,2026-08-20
FM201614,2020-03-18,9869,FONDO DE INVERSIÓN LARRAÍN VIAL DEUDA AUTOMOTRIZ PERÚ DOS,LARRAIN VIAL ACTIVOS S.A. ADMINISTRADORA GENERAL DE FONDOS,No Vigente,,Fondo Inversión No Rescatable,2020030056340,https://www.cmfchile.cl/documentos/rfm/rfm_2020030056340.pdf,2020-03-18,2026-08-20
FM201613,2020-03-16,9868,FONDO DE INVERSIÓN LINK - PG RE OPPORTUNITIES 2019,LINK CAPITAL PARTNERS ADMINISTRADORA GENERAL DE FONDOS S.A.,No Vigente,,Fondo Inversión No Rescatable,2020030053359,https://www.cmfchile.cl/documentos/rfm/rfm_2020030053359.pdf,2020-03-16,2026-08-20
FM201612,2020-03-13,9867,FONDO DE INVERSION LARRAINVIAL DEUDA LATAM LOW CARBON ESG,LARRAINVIAL ASSET MANAGEMENT ADMINISTRADORA GENERAL DE FONDOS S.A.,No Vigente,,Fondo Inversión Rescatable,2021110470861,https://www.cmfchile.cl/documentos/rfm/rfm_2021110470861.pdf,2021-11-23,2026-08-20
FM201611,2020-03-13,9866,FONDO DE INVERSIÓN BCI INVINSA RENTAS INMOBILIARIAS,BCI ASSET MANAGEMENT ADMINISTRADORA  GENERAL DE FONDOS S.A.,Vigente,,Fondo Inversión No Rescatable,2020100420252,https://www.cmfchile.cl/documentos/rfm/rfm_2020100420252.pdf,2020-10-02,2026-08-20
FM201610,2020-02-28,9865,FONDO DE INVERSIÓN HMC PORTAFOLIO OPTIMO,HMC S.A. ADMINISTRADORA GENERAL DE FONDOS,Vigente,,Fondo Inversión Rescatable,2024050248954,https://www.cmfchile.cl/documentos/rfm/rfm_2024050248954.pdf,2024-05-02,2026-08-20
FM201609,2020-02-25,9864,FONDO MUTUO BEST COUPON EUROPE,BANCHILE ADMINISTRADORA GENERAL DE FONDOS S.A.,No Vigente,Liquidado,Fondo Mutuo,2020020041869,https://www.cmfchile.cl/documentos/rfm/rfm_2020020041869.pdf,2020-02-25,2026-08-20
FM201608,2020-02-24,9863,FONDO DE INVERSIÓN LINK - PG SECONDARY 2020,LINK CAPITAL PARTNERS ADMINISTRADORA GENERAL DE FONDOS S.A.,Vigente,,Fondo Inversión No Rescatable,2024050263019,https://www.cmfchile.cl/documentos/rfm/rfm_2024050263019.pdf,2024-05-09,2026-08-20
FM201607,2020-02-14,9862,QUEST HOTELES USA FONDO DE INVERSIÓN,QUEST ADMINISTRADORA GENERAL DE FONDOS S.A.,No Vigente,,Fondo Inversión No Rescatable,2020020033821,https://www.cmfchile.cl/documentos/rfm/rfm_2020020033821.pdf,2020-02-14,2026-08-20
FM201606,2020-02-13,9861,MBI BALANCED GLOBAL FONDO DE INVERSIÓN,MBI ADMINISTRADORA GENERAL DE FONDOS S.A.,No Vigente,,Fondo Inversión Rescatable,2020020032690,https://www.cmfchile.cl/documentos/rfm/rfm_2020020032690.pdf,2020-02-13,2026-08-20
FM201605,2020-02-12,9860,FRONTAL TRUST U.S. RESIDENTIAL CREDIT OPPORTUNITY I FONDO DE INVERSIÓN,FRONTAL TRUST ADMINISTRADORA GENERAL DE FONDOS S.A.,No Vigente,,Fondo Inversión No Rescatable,2020080352992,https://www.cmfchile.cl/documentos/rfm/rfm_2020080352992.pdf,2020-08-07,2026-08-20
FM201604,2020-02-11,9859,FONDO MUTUO BANCHILE GLOBAL HIGH YIELD,BANCHILE ADMINISTRADORA GENERAL DE FONDOS S.A.,No Vigente,,Fondo Mutuo,2022100407715,https://www.cmfchile.cl/documentos/rfm/rfm_2022100407715.pdf,2022-10-24,2026-08-20
FM201603,2020-02-11,9858,FONDO DE INVERSIÓN BANCHILE MARKETPLUS JAPÓN,BANCHILE ADMINISTRADORA GENERAL DE FONDOS S.A.,No Vigente,,Fondo Inversión Rescatable,2020070290581,https://www.cmfchile.cl/documentos/rfm/rfm_2020070290581.pdf,2020-07-09,2026-08-20
FM201602,2020-02-03,9857,VOLCOMCAPITAL REAL ESTATE IV FONDO DE INVERSIÓN,VOLCOMCAPITAL ADMINISTRADORA GENERAL DE FONDOS S.A.,Vigente,,Fondo Inversión No Rescatable,2020020024995,https://www.cmfchile.cl/documentos/rfm/rfm_2020020024995.pdf,2020-02-03,2026-08-20
FM201601,2020-01-31,9856,FRONTAL TRUST INFRAESTRUCTURA BETA FONDO DE INVERSIÓN,FRONTAL TRUST ADMINISTRADORA GENERAL DE FONDOS S.A.,No Vigente,,Fondo Inversión No Rescatable,2020010023505,https://www.cmfchile.cl/documentos/rfm/rfm_2020010023505.pdf,2020-01-31,2026-08-20
FM201600,2020-01-31,9855,MONEDA ALPINVEST SECONDARIES VII FONDO DE INVERSIÓN,MONEDA S.A. ADMINISTRADORA GENERAL DE FONDOS,Vigente,,Fondo Inversión No Rescatable,2022050194560,https://www.cmfchile.cl/documentos/rfm/rfm_2022050194560.pdf,2022-05-18,2026-08-20
FM201599,2020-01-30,9854,FONDO DE INVERSION BANCHILE GLOBAL REAL ESTATE,BANCHILE ADMINISTRADORA GENERAL DE FONDOS S.A.,No Vigente,,Fondo Inversión Rescatable,2025050365403,https://www.cmfchile.cl/documentos/rfm/rfm_2025050365403.pdf,2025-05-22,2026-08-20
FM201598,2020-01-30,9853,FONDO MUTUO LARRAINVIAL CUENTA ACTIVA CONSERVADORA DÓLAR,LARRAINVIAL ASSET MANAGEMENT ADMINISTRADORA GENERAL DE FONDOS S.A.,Vigente,,Fondo Mutuo,2026060391834,https://www.cmfchile.cl/documentos/rfm/rfm_2026060391834.pdf,2026-06-11,2026-08-20
FM201597,2020-01-27,9852,FONDO DE INVERSIÓN CREDICORP CAPITAL ICG GLOBAL CREDIT,CREDICORP CAPITAL ASSET MANAGEMENT S.A. ADMINISTRADORA GENERAL DE FONDOS,No Vigente,,Fondo Inversión Rescatable,2020010018636,https://www.cmfchile.cl/documentos/rfm/rfm_2020010018636.pdf,2020-01-27,2026-08-20
FM201596,2020-01-21,9851,FONDO DE INVERSIÓN LARRAÍN VIAL COURT SQUARE IV,LARRAIN VIAL ACTIVOS S.A. ADMINISTRADORA GENERAL DE FONDOS,Vigente,,Fondo Inversión No Rescatable,2024050255568,https://www.cmfchile.cl/documentos/rfm/rfm_2024050255568.pdf,2024-05-06,2026-08-20
FM201595,2020-01-17,9850,FONDO DE INVERSIÓN HMC RENTA GLOBAL DÓLAR,HMC S.A. ADMINISTRADORA GENERAL DE FONDOS,No Vigente,,Fondo Inversión Rescatable,2020010011615,https://www.cmfchile.cl/documentos/rfm/rfm_2020010011615.pdf,2020-01-17,2026-08-20
FM201594,2020-01-03,9849,FONDO DE INVERSIÓN INDEPENDENCIA 700 NORTH MIAMI,INDEPENDENCIA INTERNACIONAL ADMINISTRADORA GENERAL DE FONDOS S.A.,No Vigente,Liquidado,Fondo Inversión No Rescatable,2020010002137,https://www.cmfchile.cl/documentos/rfm/rfm_2020010002137.pdf,2020-01-03,2026-08-20
FM191593,2019-12-30,9848,XLC – CERBERUS CORPORATE CREDIT FONDO DE INVERSIÓN,XLC ADMINISTRADORA GENERAL DE FONDOS S.A.,No Vigente,,Fondo Inversión No Rescatable,2019120227680,https://www.cmfchile.cl/documentos/rfm/rfm_2019120227680.pdf,2019-12-30,2026-08-20
FM191592,2019-12-30,9847,FONDO DE INVERSION ZURICH RENTA RESIDENCIAL I,ZURICH CHILE ASSET MANAGEMENT ADMINISTRADORA GENERAL DE FONDOS S.A.,Vigente,,Fondo Inversión No Rescatable,2020050164163,https://www.cmfchile.cl/documentos/rfm/rfm_2020050164163.pdf,2020-05-14,2026-08-20
FM191591,2019-12-20,9846,FONDO DE INVERSIÓN SINGULAR OAKTREE REAL ESTATE INCOME,SINGULAR ASSET MANAGEMENT ADMINISTRADORA GENERAL DE FONDOS S.A.,Vigente,,Fondo Inversión No Rescatable,2025020108016,https://www.cmfchile.cl/documentos/rfm/rfm_2025020108016.pdf,2025-02-07,2026-08-20
FM191590,2019-12-17,9845,FONDO MUTUO ESTRUCTURADO BONOS UF PLUS IV,BANCHILE ADMINISTRADORA GENERAL DE FONDOS S.A.,No Vigente,,Fondo Mutuo,2019120219377,https://www.cmfchile.cl/documentos/rfm/rfm_2019120219377.pdf,2019-12-17,2026-08-20
FM191589,2019-12-16,9844,BTG EDUCA FONDO DE INVERSIÓN,BTG PACTUAL CHILE S.A. ADMINISTRADORA GENERAL DE FONDOS,Vigente,,Fondo Inversión No Rescatable,2024080433852,https://www.cmfchile.cl/documentos/rfm/rfm_2024080433852.pdf,2024-08-20,2026-08-20
FM191588,2019-12-12,9843,FONDO MUTUO BICE RENTA GLOBAL DÓLAR,BICE INVERSIONES ADMINISTRADORA GENERAL DE FONDOS S.A.,Vigente,,Fondo Mutuo,2025090628535,https://www.cmfchile.cl/documentos/rfm/rfm_2025090628535.pdf,2025-09-15,2026-08-20
FM191587,2019-12-04,9842,FONDO DE INVERSION AG DIRECT LENDING IV,BANCHILE ADMINISTRADORA GENERAL DE FONDOS S.A.,Vigente,,Fondo Inversión No Rescatable,2021040143983,https://www.cmfchile.cl/documentos/rfm/rfm_2021040143983.pdf,2021-04-14,2026-08-20
FM191586,2019-12-03,9841,PICTON - PCS IV FONDO DE INVERSIÓN,PICTON ADMINISTRADORA GENERAL DE FONDOS S.A.,Vigente,,Fondo Inversión No Rescatable,2025060408311,https://www.cmfchile.cl/documentos/rfm/rfm_2025060408311.pdf,2025-06-10,2026-08-20
FM191585,2019-11-25,9840,FONDO DE INVERSIÓN HMC MULTIFAMILY US,HMC S.A. ADMINISTRADORA GENERAL DE FONDOS,Vigente,,Fondo Inversión No Rescatable,2025050360484,https://www.cmfchile.cl/documentos/rfm/rfm_2025050360484.pdf,2025-05-20,2026-08-20
FM191584,2019-11-20,9839,FONDO MUTUO BOOSTER ACCIONES BRASIL III,BANCHILE ADMINISTRADORA GENERAL DE FONDOS S.A.,No Vigente,Liquidado,Fondo Mutuo,2019110203444,https://www.cmfchile.cl/documentos/rfm/rfm_2019110203444.pdf,2019-11-20,2026-08-20
FM191583,2019-11-18,9838,FONDO DE INVERSIÓN LARRAÍN VIAL DOVER STREET X,LARRAIN VIAL ACTIVOS S.A. ADMINISTRADORA GENERAL DE FONDOS,Vigente,,Fondo Inversión No Rescatable,2026070453600,https://www.cmfchile.cl/documentos/rfm/rfm_2026070453600.pdf,2026-07-09,2026-08-20
FM191582,2019-11-13,9837,FONDO DE INVERSIÓN BANCHILE ORO,BANCHILE ADMINISTRADORA GENERAL DE FONDOS S.A.,No Vigente,,Fondo Inversión Rescatable,2020070290586,https://www.cmfchile.cl/documentos/rfm/rfm_2020070290586.pdf,2020-07-09,2026-08-20
FM191581,2019-11-13,9836,COMPASS SP INFRA III PRIVATE EQUITY FONDO DE INVERSIÓN,VINCI COMPASS S.A. ADMINISTRADORA GENERAL DE FONDOS,No Vigente,,Fondo Inversión No Rescatable,2019110198981,https://www.cmfchile.cl/documentos/rfm/rfm_2019110198981.pdf,2019-11-13,2026-08-20
FM191580,2019-11-11,9835,FONDO DE INVERSIÓN BCI LMV III,BCI ASSET MANAGEMENT ADMINISTRADORA  GENERAL DE FONDOS S.A.,No Vigente,,Fondo Inversión No Rescatable,2021090397680,https://www.cmfchile.cl/documentos/rfm/rfm_2021090397680.pdf,2021-09-29,2026-08-20
FM191579,2019-11-07,9834,FONDO MUTUO ITAU RENTA DINAMICA GLOBAL,ITAU ADMINISTRADORA GENERAL DE FONDOS S.A.,Vigente,,Fondo Mutuo,2024100531052,https://www.cmfchile.cl/documentos/rfm/rfm_2024100531052.pdf,2024-10-14,2026-08-20
FM191578,2019-11-06,9833,VOLCOMCAPITAL DIRECT LENDING II FONDO DE INVERSION,VOLCOMCAPITAL ADMINISTRADORA GENERAL DE FONDOS S.A.,No Vigente,,Fondo Inversión No Rescatable,2019110195927,https://www.cmfchile.cl/documentos/rfm/rfm_2019110195927.pdf,2019-11-06,2026-08-20
FM191577,2019-11-05,9832,VINCI COMPASS COF III PRIVATE DEBT FONDO DE INVERSIÓN,VINCI COMPASS S.A. ADMINISTRADORA GENERAL DE FONDOS,Vigente,,Fondo Inversión No Rescatable,2026060418288,https://www.cmfchile.cl/documentos/rfm/rfm_2026060418288.pdf,2026-06-24,2026-08-20
FM191576,2019-10-29,9831,FONDO DE INVERSIÓN SECURITY ALTERNATIVES I,ADMINISTRADORA GENERAL DE FONDOS  SECURITY S.A.,No Vigente,,Fondo Inversión No Rescatable,2019100192257,https://www.cmfchile.cl/documentos/rfm/rfm_2019100192257.pdf,2019-10-29,2026-08-20
FM191575,2019-10-28,9830,FONDO DE INVERSION NEORENTAS NORTH COLONY SIETE,NEORENTAS S.A. ADMINISTRADORA GENERAL DE FONDOS,Vigente,,Fondo Inversión No Rescatable,2023020072390,https://www.cmfchile.cl/documentos/rfm/rfm_2023020072390.pdf,2023-02-16,2026-08-20
FM191574,2019-10-25,9829,FONDO DE INVERSION LAB-4,LAB CAPITAL ADMINISTRADORA GENERAL DE FONDOS S.A.,Vigente,,Fondo Inversión No Rescatable,2025120847235,https://www.cmfchile.cl/documentos/rfm/rfm_2025120847235.pdf,2025-12-03,2026-08-20
FM191573,2019-10-24,9828,XLC MUTUOS HIPOTECARIOS RESIDENCIALES FONDO DE INVERSIÓN,XLC ADMINISTRADORA GENERAL DE FONDOS S.A.,No Vigente,,Fondo Inversión No Rescatable,2019120213640,https://www.cmfchile.cl/documentos/rfm/rfm_2019120213640.pdf,2019-12-06,2026-08-20
FM191572,2019-10-22,9827,AMERIS FINANCIAMIENTO PARA ACCESO A LA VIVIENDA FONDO DE INVERSIÓN,AMERIS CAPITAL ADMINISTRADORA GENERAL DE FONDOS S.A.,Vigente,,Fondo Inversión No Rescatable,2023060258459,https://www.cmfchile.cl/documentos/rfm/rfm_2023060258459.pdf,2023-06-19,2026-08-20
FM191571,2019-10-16,9826,FONDO DE INVERSION SURA DEUDA PRIVADA,ADMINISTRADORA GENERAL DE FONDOS SURA S.A.,No Vigente,,Fondo Inversión Rescatable,2021090400739,https://www.cmfchile.cl/documentos/rfm/rfm_2021090400739.pdf,2021-09-30,2026-08-20
FM191570,2019-10-16,9825,AMERIS DESARROLLO INMOBILIARIO PERÚ 2 FONDO DE INVERSIÓN,AMERIS CAPITAL ADMINISTRADORA GENERAL DE FONDOS S.A.,No Vigente,Liquidado,Fondo Inversión No Rescatable,2025060398216,https://www.cmfchile.cl/documentos/rfm/rfm_2025060398216.pdf,2025-06-06,2026-08-20
FM191569,2019-10-15,9824,FONDO DE INVERSION CHILE ACCIONES,BANCHILE ADMINISTRADORA GENERAL DE FONDOS S.A.,No Vigente,,Fondo Inversión No Rescatable,2019100184396,https://www.cmfchile.cl/documentos/rfm/rfm_2019100184396.pdf,2019-10-15,2026-08-20
FM191568,2019-10-15,9823,FONDO DE INVERSION ETF SINGULAR CHILE CORTA DURACION,SINGULAR ASSET MANAGEMENT ADMINISTRADORA GENERAL DE FONDOS S.A.,Vigente,,Fondo Inversión Rescatable,2024120690560,https://www.cmfchile.cl/documentos/rfm/rfm_2024120690560.pdf,2024-12-16,2026-08-20
FM191565,2019-10-08,9820,FYNSA TOTAL RETURN FONDO DE INVERSIÓN,FYNSA ADMINISTRADORA GENERAL DE FONDOS S.A.,Vigente,,Fondo Inversión Rescatable,2021030086346,https://www.cmfchile.cl/documentos/rfm/rfm_2021030086346.pdf,2021-03-08,2026-08-20
FM191564,2019-10-08,9819,LS CHILE FONDO DE INVERSION,ASSET ADMINISTRADORA GENERAL DE FONDOS S.A.,No Vigente,,Fondo Inversión No Rescatable,2021060254542,https://www.cmfchile.cl/documentos/rfm/rfm_2021060254542.pdf,2021-06-25,2026-08-20
FM191566,2019-10-08,9821,FRONTAL TRUST FINANCIAMIENTO HIPOTECARIO HABITACIONAL FONDO DE INVERSIÓN,FRONTAL TRUST ADMINISTRADORA GENERAL DE FONDOS S.A.,Vigente,,Fondo Inversión No Rescatable,2026060381846,https://www.cmfchile.cl/documentos/rfm/rfm_2026060381846.pdf,2026-06-08,2026-08-20
FM191567,2019-10-08,9822,VINCI COMPASS BXLS V PRIVATE EQUITY FONDO DE INVERSIÓN,VINCI COMPASS S.A. ADMINISTRADORA GENERAL DE FONDOS,Vigente,,Fondo Inversión No Rescatable,2026060400611,https://www.cmfchile.cl/documentos/rfm/rfm_2026060400611.pdf,2026-06-16,2026-08-20
FM191563,2019-10-07,9818,BTG PACTUAL MHE HABITACIONAL FONDO DE INVERSIÓN,BTG PACTUAL CHILE S.A. ADMINISTRADORA GENERAL DE FONDOS,Vigente,,Fondo Inversión No Rescatable,2026060405784,https://www.cmfchile.cl/documentos/rfm/rfm_2026060405784.pdf,2026-06-17,2026-08-20
FM191562,2019-10-04,9817,INFRALATINA FONDO DE INVERSION,ASSET ADMINISTRADORA GENERAL DE FONDOS S.A.,Vigente,,Fondo Inversión No Rescatable,2026070436247,https://www.cmfchile.cl/documentos/rfm/rfm_2026070436247.pdf,2026-07-02,2026-08-20
FM191561,2019-10-03,9816,FONDO MUTUO LARRAINVIAL CUENTA ACTIVA MODERADA DÓLAR,LARRAINVIAL ASSET MANAGEMENT ADMINISTRADORA GENERAL DE FONDOS S.A.,Vigente,,Fondo Mutuo,2023030103687,https://www.cmfchile.cl/documentos/rfm/rfm_2023030103687.pdf,2023-03-10,2026-08-20
FM191560,2019-10-01,9815,BTG PACTUAL RETORNO ESTRATÉGICO FONDO DE INVERSIÓN,BTG PACTUAL CHILE S.A. ADMINISTRADORA GENERAL DE FONDOS,Vigente,,Fondo Inversión Rescatable,2023030108162,https://www.cmfchile.cl/documentos/rfm/rfm_2023030108162.pdf,2023-03-14,2026-08-20
FM191559,2019-10-01,9814,FONDO DE INVERSIÓN FYNSA DEUDA HIPOTECARIA,FYNSA ADMINISTRADORA GENERAL DE FONDOS S.A.,No Vigente,,Fondo Inversión No Rescatable,2019110194245,https://www.cmfchile.cl/documentos/rfm/rfm_2019110194245.pdf,2019-11-04,2026-08-20
FM191558,2019-10-01,9813,FONDO DE INVERSIÓN FYNSA CAPITAL PREFERENTE,FYNSA ADMINISTRADORA GENERAL DE FONDOS S.A.,No Vigente,,Fondo Inversión No Rescatable,2019100173451,https://www.cmfchile.cl/documentos/rfm/rfm_2019100173451.pdf,2019-10-01,2026-08-20
FM191557,2019-09-30,9812,MBI DEUDA ANDINA FONDO DE INVERSIÓN,MBI ADMINISTRADORA GENERAL DE FONDOS S.A.,No Vigente,,Fondo Inversión Rescatable,2019120210210,https://www.cmfchile.cl/documentos/rfm/rfm_2019120210210.pdf,2019-12-02,2026-08-20
FM191554,2019-09-24,9809,FONDO MUTUO MODERADO FOCUS,SOYFOCUS ADMINISTRADORA GENERAL DE FONDOS S.A.,Vigente,,Fondo Mutuo,2024120694980,https://www.cmfchile.cl/documentos/rfm/rfm_2024120694980.pdf,2024-12-18,2026-08-20
FM191555,2019-09-24,9810,FONDO MUTUO CONSERVADOR FOCUS,SOYFOCUS ADMINISTRADORA GENERAL DE FONDOS S.A.,Vigente,,Fondo Mutuo,2024120694962,https://www.cmfchile.cl/documentos/rfm/rfm_2024120694962.pdf,2024-12-18,2026-08-20
FM191556,2019-09-24,9811,FONDO MUTUO ARRIESGADO FOCUS,SOYFOCUS ADMINISTRADORA GENERAL DE FONDOS S.A.,Vigente,,Fondo Mutuo,2024120694972,https://www.cmfchile.cl/documentos/rfm/rfm_2024120694972.pdf,2024-12-18,2026-08-20
FM191553,2019-09-16,9808,FONDO DE INVERSIÓN INDEPENDENCIA RENTAS INMOBILIARIAS INVERSIONISTAS CALIFICADOS,INDEPENDENCIA ADMINISTRADORA GENERAL DE FONDOS S.A.,No Vigente,,Fondo Inversión No Rescatable,2019090166830,https://www.cmfchile.cl/documentos/rfm/rfm_2019090166830.pdf,2019-09-16,2026-08-20
FM191552,2019-09-16,9807,FONDO DE INVERSIÓN LINK - PG TPF,LINK CAPITAL PARTNERS ADMINISTRADORA GENERAL DE FONDOS S.A.,Vigente,,Fondo Inversión No Rescatable,2024080419853,https://www.cmfchile.cl/documentos/rfm/rfm_2024080419853.pdf,2024-08-12,2026-08-20
FM191551,2019-09-11,9806,FONDO DE INVERSIÓN LV-PATIO II STRIP CENTERS,LARRAIN VIAL ACTIVOS S.A. ADMINISTRADORA GENERAL DE FONDOS,Vigente,,Fondo Inversión No Rescatable,2026070453604,https://www.cmfchile.cl/documentos/rfm/rfm_2026070453604.pdf,2026-07-09,2026-08-20
FM191550,2019-09-06,9805,FONDO DE INVERSIÓN FALCOM PORTFOLIO ADVISORS PRIVATE DEBT III,FALCOM ADMINISTRADORA GENERAL DE FONDOS S.A.,Vigente,,Fondo Inversión No Rescatable,2020090407735,https://www.cmfchile.cl/documentos/rfm/rfm_2020090407735.pdf,2020-09-23,2026-08-20
FM191549,2019-09-06,9804,FONDO DE INVERSIÓN HMC DEUDA PRIVADA ANDINA,HMC S.A. ADMINISTRADORA GENERAL DE FONDOS,Vigente,,Fondo Inversión No Rescatable,2021040167619,https://www.cmfchile.cl/documentos/rfm/rfm_2021040167619.pdf,2021-04-30,2026-08-20
FM191548,2019-09-06,9803,CCLA DESARROLLO Y RENTAS III FONDO DE INVERSIÓN,VINCI COMPASS S.A. ADMINISTRADORA GENERAL DE FONDOS,Vigente,,Fondo Inversión No Rescatable,2026060397268,https://www.cmfchile.cl/documentos/rfm/rfm_2026060397268.pdf,2026-06-15,2026-08-20
FM191547,2019-09-06,9802,CCLA DESARROLLO Y RENTAS IMU FONDO DE INVERSIÓN,VINCI COMPASS S.A. ADMINISTRADORA GENERAL DE FONDOS,Vigente,,Fondo Inversión No Rescatable,2026060421858,https://www.cmfchile.cl/documentos/rfm/rfm_2026060421858.pdf,2026-06-25,2026-08-20
FM191546,2019-09-06,9801,VOLCOMCAPITAL DEUDA III FONDO DE INVERSIÓN,VOLCOMCAPITAL ADMINISTRADORA GENERAL DE FONDOS S.A.,No Vigente,Liquidado,Fondo Inversión No Rescatable,2019110203828,https://www.cmfchile.cl/documentos/rfm/rfm_2019110203828.pdf,2019-11-21,2026-08-20
FM191545,2019-08-30,9800,FONDO DE INVERSIÓN CREDICORP CAPITAL CREDITO DIRECTO,CREDICORP CAPITAL ASSET MANAGEMENT S.A. ADMINISTRADORA GENERAL DE FONDOS,Vigente,,Fondo Inversión No Rescatable,2025060418415,https://www.cmfchile.cl/documentos/rfm/rfm_2025060418415.pdf,2025-06-16,2026-08-20
FM191544,2019-08-29,9799,FONDO DE INVERSION ACTIVA DEUDA HIPOTECARIA HABITACIONAL III,LARRAIN VIAL ACTIVOS S.A. ADMINISTRADORA GENERAL DE FONDOS,Vigente,,Fondo Inversión No Rescatable,2026050339702,https://www.cmfchile.cl/documentos/rfm/rfm_2026050339702.pdf,2026-05-19,2026-08-20
FM191543,2019-08-27,9798,FONDO DE INVERSION NEORENTAS NORTH COLONY SEIS,NEORENTAS S.A. ADMINISTRADORA GENERAL DE FONDOS,Vigente,,Fondo Inversión No Rescatable,2023020072360,https://www.cmfchile.cl/documentos/rfm/rfm_2023020072360.pdf,2023-02-16,2026-08-20
FM191542,2019-08-26,9797,CHILE INFRASTRUCTURE LEVERAGED I FONDO DE INVERSIÓN,FINTUAL ADMINISTRADORA GENERAL DE FONDOS S.A.,Vigente,,Fondo Inversión No Rescatable,2026010020717,https://www.cmfchile.cl/documentos/rfm/rfm_2026010020717.pdf,2026-01-09,2026-08-20
FM191541,2019-08-20,9796,FONDO DE INVERSIÓN INDEPENDENCIA TYSONS,INDEPENDENCIA INTERNACIONAL ADMINISTRADORA GENERAL DE FONDOS S.A.,Vigente,,Fondo Inversión No Rescatable,2025120883441,https://www.cmfchile.cl/documentos/rfm/rfm_2025120883441.pdf,2025-12-16,2026-08-20
FM191540,2019-08-20,9795,FONDO DE INVERSIÓN FALCOM BLACKROCK DLF IX,FALCOM ADMINISTRADORA GENERAL DE FONDOS S.A.,Vigente,,Fondo Inversión No Rescatable,2020060273793,https://www.cmfchile.cl/documentos/rfm/rfm_2020060273793.pdf,2020-06-30,2026-08-20
FM191539,2019-08-16,9794,VINCI COMPASS BREP EUROPE VI REAL ESTATE FONDO DE INVERSIÓN,VINCI COMPASS S.A. ADMINISTRADORA GENERAL DE FONDOS,Vigente,,Fondo Inversión No Rescatable,2026060404157,https://www.cmfchile.cl/documentos/rfm/rfm_2026060404157.pdf,2026-06-17,2026-08-20
FM191538,2019-08-16,9793,VISION VÄRDE FONDO DE INVERSION,FINASSET ADMINISTRADORA GENERAL DE FONDOS S.A.,No Vigente,,Fondo Inversión No Rescatable,2019080146878,https://www.cmfchile.cl/documentos/rfm/rfm_2019080146878.pdf,2019-08-16,2026-08-20
FM191537,2019-08-12,9792,FONDO DE INVERSIÓN BCI CARTERA EC,BCI ASSET MANAGEMENT ADMINISTRADORA  GENERAL DE FONDOS S.A.,No Vigente,Liquidado,Fondo Inversión No Rescatable,2019080143818,https://www.cmfchile.cl/documentos/rfm/rfm_2019080143818.pdf,2019-08-12,2026-08-20
FM191536,2019-08-12,9791,QUEST INVERSION DE IMPACTO FONDO DE INVERSION,QUEST ADMINISTRADORA GENERAL DE FONDOS S.A.,Vigente,,Fondo Inversión No Rescatable,2024090499833,https://www.cmfchile.cl/documentos/rfm/rfm_2024090499833.pdf,2024-09-26,2026-08-20
FM191535,2019-08-08,9790,FONDO DE INVERSIÓN CS III,HMC S.A. ADMINISTRADORA GENERAL DE FONDOS,No Vigente,Liquidado,Fondo Inversión No Rescatable,2020080377386,https://www.cmfchile.cl/documentos/rfm/rfm_2020080377386.pdf,2020-08-28,2026-08-20
FM191534,2019-08-06,9789,FONDO DE INVERSIÓN SEMBRADOR IV,LARRAIN VIAL ACTIVOS S.A. ADMINISTRADORA GENERAL DE FONDOS,Vigente,,Fondo Inversión No Rescatable,2024050279654,https://www.cmfchile.cl/documentos/rfm/rfm_2024050279654.pdf,2024-05-20,2026-08-20
FM191533,2019-08-01,9788,VOLCOMCAPITAL COINVESTMENT III FONDO DE INVERSIÓN,VOLCOMCAPITAL ADMINISTRADORA GENERAL DE FONDOS S.A.,Vigente,,Fondo Inversión No Rescatable,2019080137420,https://www.cmfchile.cl/documentos/rfm/rfm_2019080137420.pdf,2019-08-01,2026-08-20
FM191532,2019-08-01,9787,FONDO DE INVERSIÓN RENTA INMOBILIARIA JDA700 PERÚ,BANCHILE ADMINISTRADORA GENERAL DE FONDOS S.A.,Vigente,,Fondo Inversión No Rescatable,2025040282820,https://www.cmfchile.cl/documentos/rfm/rfm_2025040282820.pdf,2025-04-14,2026-08-20
FM191531,2019-08-01,9786,COMPASS DEUDA CHILENA USD FONDO DE INVERSION,VINCI COMPASS S.A. ADMINISTRADORA GENERAL DE FONDOS,No Vigente,,Fondo Inversión Rescatable,2020110484462,https://www.cmfchile.cl/documentos/rfm/rfm_2020110484462.pdf,2020-11-26,2026-08-20
FM191530,2019-07-31,9785,FONDO DE INVERSIÓN SURA DEUDA LATAM CLP,ADMINISTRADORA GENERAL DE FONDOS SURA S.A.,No Vigente,,Fondo Inversión No Rescatable,2019090168814,https://www.cmfchile.cl/documentos/rfm/rfm_2019090168814.pdf,2019-09-23,2026-08-20
FM191529,2019-07-24,9784,FONDO DE INVERSION CS,BANCHILE ADMINISTRADORA GENERAL DE FONDOS S.A.,No Vigente,Liquidado,Fondo Inversión No Rescatable,2019070129527,https://www.cmfchile.cl/documentos/rfm/rfm_2019070129527.pdf,2019-07-24,2026-08-20
FM191528,2019-07-19,9783,VINCI COMPASS TACOPPS PRIVATE DEBT FONDO DE INVERSIÓN,VINCI COMPASS S.A. ADMINISTRADORA GENERAL DE FONDOS,Vigente,,Fondo Inversión No Rescatable,2026040228531,https://www.cmfchile.cl/documentos/rfm/rfm_2026040228531.pdf,2026-04-02,2026-08-20
FM191527,2019-07-15,9782,MONEDA METROPOLITAN CO-INVESTMENTS II FONDO DE INVERSIÓN,MONEDA S.A. ADMINISTRADORA GENERAL DE FONDOS,Vigente,,Fondo Inversión No Rescatable,2022050201803,https://www.cmfchile.cl/documentos/rfm/rfm_2022050201803.pdf,2022-05-24,2026-08-20
FM191526,2019-07-10,9781,FONDO DE INVERSIÓN LINK – AP X,LINK CAPITAL PARTNERS ADMINISTRADORA GENERAL DE FONDOS S.A.,Vigente,,Fondo Inversión No Rescatable,2024050263212,https://www.cmfchile.cl/documentos/rfm/rfm_2024050263212.pdf,2024-05-09,2026-08-20
FM191525,2019-07-09,9780,FONDO DE INVERSION RENTA COMERCIAL,SARTOR ADMINISTRADORA GENERAL DE FONDOS S.A.,Vigente,,Fondo Inversión No Rescatable,2025120886532,https://www.cmfchile.cl/documentos/rfm/rfm_2025120886532.pdf,2025-12-17,2026-08-20
FM191523,2019-07-05,9778,FONDO DE INVERSIÓN BANCHILE EMERGING DEBT,BANCHILE ADMINISTRADORA GENERAL DE FONDOS S.A.,No Vigente,,Fondo Inversión Rescatable,2024010073316,https://www.cmfchile.cl/documentos/rfm/rfm_2024010073316.pdf,2024-01-31,2026-08-20
FM191524,2019-07-05,9779,FONDO DE INVERSIÓN LINK - DEUDA PRIVADA CUMPLO I,LINK CAPITAL PARTNERS ADMINISTRADORA GENERAL DE FONDOS S.A.,Vigente,,Fondo Inversión No Rescatable,2026040295527,https://www.cmfchile.cl/documentos/rfm/rfm_2026040295527.pdf,2026-04-29,2026-08-20
FM191522,2019-07-04,9777,VOLCOMCAPITAL DIRECT LENDING FONDO DE INVERSIÓN,VOLCOMCAPITAL ADMINISTRADORA GENERAL DE FONDOS S.A.,Vigente,,Fondo Inversión No Rescatable,2020020032784,https://www.cmfchile.cl/documentos/rfm/rfm_2020020032784.pdf,2020-02-13,2026-08-20
FM191521,2019-07-02,9776,FONDO DE INVERSIÓN SECURITY DEUDA PRIVADA INMOBILIARIA Y CAPITAL PREFERENTE,ADMINISTRADORA GENERAL DE FONDOS  SECURITY S.A.,Vigente,,Fondo Inversión No Rescatable,2021070269924,https://www.cmfchile.cl/documentos/rfm/rfm_2021070269924.pdf,2021-07-06,2026-08-20
FM191520,2019-06-27,9775,FONDO DE INVERSIÓN ALTAMAR X MIDMARKET,LARRAIN VIAL ACTIVOS S.A. ADMINISTRADORA GENERAL DE FONDOS,Vigente,,Fondo Inversión No Rescatable,2021060254146,https://www.cmfchile.cl/documentos/rfm/rfm_2021060254146.pdf,2021-06-25,2026-08-20
FM191519,2019-06-24,9774,BICE SECUNDARIOS RE II FONDO DE INVERSIÓN,BICE INVERSIONES ADMINISTRADORA GENERAL DE FONDOS S.A.,Vigente,,Fondo Inversión No Rescatable,2019060107286,https://www.cmfchile.cl/documentos/rfm/rfm_2019060107286.pdf,2019-06-24,2026-08-20
FM191518,2019-06-24,9773,FONDO DE INVERSIÓN VANTRUST CAPITAL ACCIONES NACIONALES,VANTRUST CAPITAL ADMINISTRADORA GENERAL DE FONDOS S.A.,Vigente,,Fondo Inversión Rescatable,2025050338620,https://www.cmfchile.cl/documentos/rfm/rfm_2025050338620.pdf,2025-05-08,2026-08-20
FM191517,2019-06-21,9772,TOESCA INFRAESTRUCTURA II FONDO DE INVERSIÓN,TOESCA S.A.  ADMINISTRADORA GENERAL DE FONDOS,Vigente,,Fondo Inversión No Rescatable,2026050355199,https://www.cmfchile.cl/documentos/rfm/rfm_2026050355199.pdf,2026-05-27,2026-08-20
FM191516,2019-06-19,9771,FONDO DE INVERSIÓN LARRAÍN VIAL GLOBAL INFRASTRUCTURE PARTNERS IV,LARRAIN VIAL ACTIVOS S.A. ADMINISTRADORA GENERAL DE FONDOS,Vigente,,Fondo Inversión No Rescatable,2024050276125,https://www.cmfchile.cl/documentos/rfm/rfm_2024050276125.pdf,2024-05-16,2026-08-20
FM191515,2019-06-17,9770,TOESCA RENTA RESIDENCIAL FONDO DE INVERSIÓN,TOESCA S.A.  ADMINISTRADORA GENERAL DE FONDOS,Vigente,,Fondo Inversión No Rescatable,2026060402796,https://www.cmfchile.cl/documentos/rfm/rfm_2026060402796.pdf,2026-06-16,2026-08-20
FM191514,2019-06-17,9769,FONDO DE INVERSION HMC RENTA GLOBAL PESOS,HMC S.A. ADMINISTRADORA GENERAL DE FONDOS,Vigente,,Fondo Inversión Rescatable,2023040148551,https://www.cmfchile.cl/documentos/rfm/rfm_2023040148551.pdf,2023-04-06,2026-08-20
FM191511,2019-06-14,9766,FONDO MUTUO BANCOESTADO MI FUTURO CONSERVADOR,BANCOESTADO S.A. ADMINISTRADORA  GENERAL DE FONDOS,Vigente,,Fondo Mutuo,2023030113994,https://www.cmfchile.cl/documentos/rfm/rfm_2023030113994.pdf,2023-03-17,2026-08-20
FM191510,2019-06-14,9765,FONDO MUTUO BANCOESTADO MI FUTURO ACCESIBLE,BANCOESTADO S.A. ADMINISTRADORA  GENERAL DE FONDOS,Vigente,,Fondo Mutuo,2024070367544,https://www.cmfchile.cl/documentos/rfm/rfm_2024070367544.pdf,2024-07-17,2026-08-20
FM191513,2019-06-14,9768,FONDO MUTUO BANCOESTADO MI FUTURO MODERADO,BANCOESTADO S.A. ADMINISTRADORA  GENERAL DE FONDOS,Vigente,,Fondo Mutuo,2022120468374,https://www.cmfchile.cl/documentos/rfm/rfm_2022120468374.pdf,2022-12-09,2026-08-20
FM191512,2019-06-14,9767,FONDO MUTUO BANCOESTADO MI FUTURO VERDE,BANCOESTADO S.A. ADMINISTRADORA  GENERAL DE FONDOS,No Vigente,,Fondo Mutuo,2022120468382,https://www.cmfchile.cl/documentos/rfm/rfm_2022120468382.pdf,2022-12-09,2026-08-20
FM191509,2019-06-13,9764,VINCI COMPASS LATAM HIGH YIELD USD FONDO DE INVERSIÓN,VINCI COMPASS S.A. ADMINISTRADORA GENERAL DE FONDOS,Vigente,,Fondo Inversión No Rescatable,2026070468851,https://www.cmfchile.cl/documentos/rfm/rfm_2026070468851.pdf,2026-07-20,2026-08-20
FM191508,2019-06-12,9763,TAM NREP NSF IV FONDO DE INVERSION PRIVADO,TAURUS ADMINISTRADORA GENERAL DE FONDOS S.A.,No Vigente,,Fondo Inversión No Rescatable,2019060100897,https://www.cmfchile.cl/documentos/rfm/rfm_2019060100897.pdf,2019-06-12,2026-08-20
FM191507,2019-06-11,9762,QUEST DEUDA PERU FONDO DE INVERSIÓN,QUEST ADMINISTRADORA GENERAL DE FONDOS S.A.,No Vigente,Liquidado,Fondo Inversión No Rescatable,2019120221452,https://www.cmfchile.cl/documentos/rfm/rfm_2019120221452.pdf,2019-12-19,2026-08-20
FM191506,2019-06-10,9761,FONDO MUTUO ÍNDICE BONOS BRASIL,ITAU ADMINISTRADORA GENERAL DE FONDOS S.A.,No Vigente,Liquidado,Fondo Mutuo,2019070112968,https://www.cmfchile.cl/documentos/rfm/rfm_2019070112968.pdf,2019-07-02,2026-08-20
FM191505,2019-06-05,9760,FONDO DE INVERSIÓN CREDICORP CAPITAL PRIVATE DEBT III,CREDICORP CAPITAL ASSET MANAGEMENT S.A. ADMINISTRADORA GENERAL DE FONDOS,Vigente,,Fondo Inversión No Rescatable,2019060097354,https://www.cmfchile.cl/documentos/rfm/rfm_2019060097354.pdf,2019-06-05,2026-08-20
FM191504,2019-06-04,9759,FONDO DE INVERSIÓN FYNSA DEUDA PRIVADA,FYNSA ADMINISTRADORA GENERAL DE FONDOS S.A.,Vigente,,Fondo Inversión No Rescatable,2025090624132,https://www.cmfchile.cl/documentos/rfm/rfm_2025090624132.pdf,2025-09-11,2026-08-20
FM191503,2019-06-03,9758,FONDO DE INVERSIÓN BCI DSS19,BCI ASSET MANAGEMENT ADMINISTRADORA  GENERAL DE FONDOS S.A.,Vigente,,Fondo Inversión No Rescatable,2022070261116,https://www.cmfchile.cl/documentos/rfm/rfm_2022070261116.pdf,2022-07-06,2026-08-20
FM191502,2019-05-29,9757,FONDO MUTUO ÍNDICE ACCIONES BRASIL,ITAU ADMINISTRADORA GENERAL DE FONDOS S.A.,No Vigente,Liquidado,Fondo Mutuo,2019050093063,https://www.cmfchile.cl/documentos/rfm/rfm_2019050093063.pdf,2019-05-29,2026-08-20
FM191501,2019-05-28,9756,FONDO DE INVERSIÓN NEVASA CLO INCOME,HMC S.A. ADMINISTRADORA GENERAL DE FONDOS,No Vigente,,Fondo Inversión Rescatable,2019080144494,https://www.cmfchile.cl/documentos/rfm/rfm_2019080144494.pdf,2019-08-13,2026-08-20
FM191500,2019-05-27,9755,AMERIS INFRAESTRUCTURA I FONDO DE INVERSIÓN,AMERIS CAPITAL ADMINISTRADORA GENERAL DE FONDOS S.A.,Vigente,,Fondo Inversión No Rescatable,2021060236817,https://www.cmfchile.cl/documentos/rfm/rfm_2021060236817.pdf,2021-06-15,2026-08-20
FM191499,2019-05-17,9754,FONDO DE INVERSIÓN SANTANDER DEUDA PRIVADA,SANTANDER ASSET MANAGEMENT S.A. ADMINISTRADORA GENERAL DE FONDOS,Vigente,,Fondo Inversión No Rescatable,2020060271096,https://www.cmfchile.cl/documentos/rfm/rfm_2020060271096.pdf,2020-06-26,2026-08-20
FM191498,2019-05-17,9753,FONDO DE INVERSIÓN LARRAINVIAL DESARROLLO INMOBILIARIO II,LARRAINVIAL ASSET MANAGEMENT ADMINISTRADORA GENERAL DE FONDOS S.A.,Vigente,,Fondo Inversión No Rescatable,2023060262649,https://www.cmfchile.cl/documentos/rfm/rfm_2023060262649.pdf,2023-06-22,2026-08-20
FM191497,2019-05-16,9752,FONDO DE INVERSION ITAU HMC MEZZANINE,ITAU ADMINISTRADORA GENERAL DE FONDOS S.A.,Vigente,,Fondo Inversión No Rescatable,2019050086217,https://www.cmfchile.cl/documentos/rfm/rfm_2019050086217.pdf,2019-05-16,2026-08-20
FM191496,2019-05-15,9751,MONEDA RENTA VARIABLE ARGENTINA FONDO DE INVERSIÓN,MONEDA S.A. ADMINISTRADORA GENERAL DE FONDOS,No Vigente,Liquidado,Fondo Inversión Rescatable,2019070130128,https://www.cmfchile.cl/documentos/rfm/rfm_2019070130128.pdf,2019-07-25,2026-08-20
FM191495,2019-05-15,9750,FONDO DE INVERSIÓN SARTOR MID MALL,SARTOR ADMINISTRADORA GENERAL DE FONDOS S.A.,Vigente,,Fondo Inversión No Rescatable,2025120868734,https://www.cmfchile.cl/documentos/rfm/rfm_2025120868734.pdf,2025-12-11,2026-08-20
FM191494,2019-05-14,9749,FONDO DE INVERSIÓN INMOBILIARIO X,BANCHILE ADMINISTRADORA GENERAL DE FONDOS S.A.,Vigente,,Fondo Inversión No Rescatable,2023070287410,https://www.cmfchile.cl/documentos/rfm/rfm_2023070287410.pdf,2023-07-10,2026-08-20
FM191492,2019-05-09,9747,BICE STEPSTONE SSOF IV FONDO DE INVERSIÓN,BICE INVERSIONES ADMINISTRADORA GENERAL DE FONDOS S.A.,Vigente,,Fondo Inversión No Rescatable,2025090656211,https://www.cmfchile.cl/documentos/rfm/rfm_2025090656211.pdf,2025-09-26,2026-08-20
FM191493,2019-05-09,9748,FONDO MUTUO LARRAINVIAL ACCIONES BRASIL,LARRAINVIAL ASSET MANAGEMENT ADMINISTRADORA GENERAL DE FONDOS S.A.,No Vigente,,Fondo Mutuo,2022090359034,https://www.cmfchile.cl/documentos/rfm/rfm_2022090359034.pdf,2022-09-14,2026-08-20
FM191491,2019-05-06,9746,PICTON - HBP XIII VENTURE FONDO DE INVERSION,PICTON ADMINISTRADORA GENERAL DE FONDOS S.A.,Vigente,,Fondo Inversión No Rescatable,2025060404881,https://www.cmfchile.cl/documentos/rfm/rfm_2025060404881.pdf,2025-06-10,2026-08-20
FM191490,2019-05-06,9745,PICTON - KKR EUROPE V FONDO DE INVERSION,PICTON ADMINISTRADORA GENERAL DE FONDOS S.A.,Vigente,,Fondo Inversión No Rescatable,2025060405141,https://www.cmfchile.cl/documentos/rfm/rfm_2025060405141.pdf,2025-06-10,2026-08-20
FM191489,2019-05-06,9744,AMERIS CESL II FONDO DE INVERSIÓN,AMERIS CAPITAL ADMINISTRADORA GENERAL DE FONDOS S.A.,Vigente,,Fondo Inversión No Rescatable,2019120224135,https://www.cmfchile.cl/documentos/rfm/rfm_2019120224135.pdf,2019-12-24,2026-08-20
FM191488,2019-05-03,9743,FONDO DE INVERSION CMB-LV INFRAESTRUCTURA III,CMB-PRIME ADMINISTRADORA GENERAL DE FONDOS S.A.,Vigente,,Fondo Inversión No Rescatable,2019050078375,https://www.cmfchile.cl/documentos/rfm/rfm_2019050078375.pdf,2019-05-03,2026-08-20
FM191487,2019-04-22,9742,FONDO DE INVERSION PRINCIPAL ADVENT GPE-IX,PRINCIPAL ASSET MANAGEMENT ADMINISTRADORA GENERAL DE FONDOS S.A.,Vigente,,Fondo Inversión No Rescatable,2024080438015,https://www.cmfchile.cl/documentos/rfm/rfm_2024080438015.pdf,2024-08-21,2026-08-20
FM191486,2019-04-18,9741,VISION DEUDA GLOBAL FONDO DE INVERSION,FINASSET ADMINISTRADORA GENERAL DE FONDOS S.A.,No Vigente,,Fondo Inversión Rescatable,2020060178875,https://www.cmfchile.cl/documentos/rfm/rfm_2020060178875.pdf,2020-06-01,2026-08-20
FM191485,2019-04-17,9740,FONDO DE INVERSIÓN HMC MEZZANINE INMOBILIARIO III,HMC S.A. ADMINISTRADORA GENERAL DE FONDOS,Vigente,,Fondo Inversión No Rescatable,2026010011594,https://www.cmfchile.cl/documentos/rfm/rfm_2026010011594.pdf,2026-01-07,2026-08-20
FM191484,2019-04-17,9739,FONDO DE INVERSION SINGULAR BIF IV INFRASTRUCTURE,SINGULAR ASSET MANAGEMENT ADMINISTRADORA GENERAL DE FONDOS S.A.,Vigente,,Fondo Inversión No Rescatable,2025120883600,https://www.cmfchile.cl/documentos/rfm/rfm_2025120883600.pdf,2025-12-16,2026-08-20
FM191483,2019-04-15,9738,VOLCOMCAPITAL INFRAESTRUCTURA II FONDO DE INVERSIÓN,VOLCOMCAPITAL ADMINISTRADORA GENERAL DE FONDOS S.A.,No Vigente,,Fondo Inversión No Rescatable,2019040064695,https://www.cmfchile.cl/documentos/rfm/rfm_2019040064695.pdf,2019-04-15,2026-08-20
FM191482,2019-04-11,9737,FONDO DE INVERSIÓN PENTA LAS AMÉRICAS INFRAESTRUCTURA CINCO,PENTA LAS AMERICAS ADMINISTRADORA GENERAL DE FONDOS S.A.,No Vigente,,Fondo Inversión No Rescatable,2019060109694,https://www.cmfchile.cl/documentos/rfm/rfm_2019060109694.pdf,2019-06-27,2026-08-20
FM191481,2019-04-03,9736,FONDO DE INVERSIÓN BCI DESARROLLO INMOBILIARIO XII,BCI ASSET MANAGEMENT ADMINISTRADORA  GENERAL DE FONDOS S.A.,Vigente,,Fondo Inversión No Rescatable,2025060436892,https://www.cmfchile.cl/documentos/rfm/rfm_2025060436892.pdf,2025-06-25,2026-08-20
FM191480,2019-04-01,9735,TOESCA INFRAESTRUCTURA SC FONDO DE INVERSION,TOESCA S.A.  ADMINISTRADORA GENERAL DE FONDOS,Vigente,,Fondo Inversión No Rescatable,2026050330744,https://www.cmfchile.cl/documentos/rfm/rfm_2026050330744.pdf,2026-05-14,2026-08-20
FM191479,2019-04-01,9734,BICE DEUDA LATAM HY FONDO DE INVERSION,BICE INVERSIONES ADMINISTRADORA GENERAL DE FONDOS S.A.,No Vigente,,Fondo Inversión Rescatable,2019040053963,https://www.cmfchile.cl/documentos/rfm/rfm_2019040053963.pdf,2019-04-01,2026-08-20
FM191478,2019-03-29,9733,FONDO MUTUO ESTRUCTURADO BONOS UF PLUS III,BANCHILE ADMINISTRADORA GENERAL DE FONDOS S.A.,No Vigente,,Fondo Mutuo,2019030053453,https://www.cmfchile.cl/documentos/rfm/rfm_2019030053453.pdf,2019-03-29,2026-08-20
FM191477,2019-03-22,9732,FONDO DE INVERSIÓN LINK - PG DIRECT 2019,LINK CAPITAL PARTNERS ADMINISTRADORA GENERAL DE FONDOS S.A.,Vigente,,Fondo Inversión No Rescatable,2024050263204,https://www.cmfchile.cl/documentos/rfm/rfm_2024050263204.pdf,2024-05-09,2026-08-20
FM191476,2019-03-21,9731,VINCI COMPASS CINVEN VII PRIVATE EQUITY FONDO DE INVERSIÓN,VINCI COMPASS S.A. ADMINISTRADORA GENERAL DE FONDOS,Vigente,,Fondo Inversión No Rescatable,2026060400613,https://www.cmfchile.cl/documentos/rfm/rfm_2026060400613.pdf,2026-06-16,2026-08-20
FM191475,2019-03-21,9730,FONDO MUTUO FINTUAL VERY CONSERVATIVE STREEP,FINTUAL ADMINISTRADORA GENERAL DE FONDOS S.A.,Vigente,,Fondo Mutuo,2024040194518,https://www.cmfchile.cl/documentos/rfm/rfm_2024040194518.pdf,2024-04-02,2026-08-20
FM191474,2019-03-18,9729,FONDO DE INVERSIÓN SECURITY RENTAS INMOBILIARIAS I,ADMINISTRADORA GENERAL DE FONDOS  SECURITY S.A.,Vigente,,Fondo Inversión No Rescatable,2019120220372,https://www.cmfchile.cl/documentos/rfm/rfm_2019120220372.pdf,2019-12-18,2026-08-20
FM191473,2019-03-14,9728,FONDO MUTUO BICE ESTRUCTURADO 108,BICE INVERSIONES ADMINISTRADORA GENERAL DE FONDOS S.A.,No Vigente,Liquidado,Fondo Mutuo,2019030042631,https://www.cmfchile.cl/documentos/rfm/rfm_2019030042631.pdf,2019-03-14,2026-08-20
FM191472,2019-03-13,9727,FONDO MUTUO BCI ESTRUCTURADO ESTRATEGIA DEUDA PLUS,BCI ASSET MANAGEMENT ADMINISTRADORA  GENERAL DE FONDOS S.A.,No Vigente,Liquidado,Fondo Mutuo,2019030041740,https://www.cmfchile.cl/documentos/rfm/rfm_2019030041740.pdf,2019-03-13,2026-08-20
FM191471,2019-03-01,9726,FONDO DE INVERSIÓN LARRAÍN VIAL HARBOURVEST CO-INVESTMENT V,LARRAIN VIAL ACTIVOS S.A. ADMINISTRADORA GENERAL DE FONDOS,Vigente,,Fondo Inversión No Rescatable,2026070453602,https://www.cmfchile.cl/documentos/rfm/rfm_2026070453602.pdf,2026-07-09,2026-08-20
FM191470,2019-03-01,9725,COMPASS DVA SILICON FUND FONDO DE INVERSIÓN,VINCI COMPASS S.A. ADMINISTRADORA GENERAL DE FONDOS,Vigente,,Fondo Inversión Rescatable,2024050270867,https://www.cmfchile.cl/documentos/rfm/rfm_2024050270867.pdf,2024-05-14,2026-08-20
FM191469,2019-02-28,9724,FONDO DE INVERSIÓN SECURITY PANTHEON PGCO IV,ADMINISTRADORA GENERAL DE FONDOS  SECURITY S.A.,Vigente,,Fondo Inversión No Rescatable,2020100454336,https://www.cmfchile.cl/documentos/rfm/rfm_2020100454336.pdf,2020-10-30,2026-08-20
FM191468,2019-02-27,9723,VOLCOMCAPITAL PRIVATE EQUITY VI FONDO DE INVERSIÓN,VOLCOMCAPITAL ADMINISTRADORA GENERAL DE FONDOS S.A.,Vigente,,Fondo Inversión No Rescatable,2019120218483,https://www.cmfchile.cl/documentos/rfm/rfm_2019120218483.pdf,2019-12-16,2026-08-20
FM191467,2019-02-26,9722,BICE STEPSTONE SCLE I FONDO DE INVERSION,BICE INVERSIONES ADMINISTRADORA GENERAL DE FONDOS S.A.,Vigente,,Fondo Inversión No Rescatable,2020060187031,https://www.cmfchile.cl/documentos/rfm/rfm_2020060187031.pdf,2020-06-09,2026-08-20
FM191466,2019-02-26,9721,BICE INMOBILIARIO IV FONDO DE INVERSION,BICE INVERSIONES ADMINISTRADORA GENERAL DE FONDOS S.A.,Vigente,,Fondo Inversión No Rescatable,2026010054152,https://www.cmfchile.cl/documentos/rfm/rfm_2026010054152.pdf,2026-01-22,2026-08-20
FM191465,2019-02-25,9720,FONDO DE INVERSIÓN FALCOM CRÉDITO,FALCOM ADMINISTRADORA GENERAL DE FONDOS S.A.,Vigente,,Fondo Inversión No Rescatable,2026030167597,https://www.cmfchile.cl/documentos/rfm/rfm_2026030167597.pdf,2026-03-07,2026-08-20
FM191464,2019-02-14,9719,PICTON – EQT INFRASTRUCTURE IV FONDO DE INVERSION,PICTON ADMINISTRADORA GENERAL DE FONDOS S.A.,Vigente,,Fondo Inversión No Rescatable,2025060408327,https://www.cmfchile.cl/documentos/rfm/rfm_2025060408327.pdf,2025-06-10,2026-08-20
FM191463,2019-02-14,9718,VOLCOMCAPITAL – HPS MEZZANINE IV FONDO DE INVERSIÓN,XLC ADMINISTRADORA GENERAL DE FONDOS S.A.,Vigente,,Fondo Inversión No Rescatable,2026060425890,https://www.cmfchile.cl/documentos/rfm/rfm_2026060425890.pdf,2026-06-26,2026-08-20
FM191462,2019-02-08,9717,FONDO MUTUO ITAU DINAMICO PLUS,ITAU ADMINISTRADORA GENERAL DE FONDOS S.A.,Vigente,,Fondo Mutuo,2024100531041,https://www.cmfchile.cl/documentos/rfm/rfm_2024100531041.pdf,2024-10-14,2026-08-20
FM191461,2019-02-07,9716,FONDO DE INVERSION EXODUS CHILE,SRM ADMINISTRADORA GENERAL DE FONDOS S.A.,No Vigente,,Fondo Inversión Rescatable,2019050080464,https://www.cmfchile.cl/documentos/rfm/rfm_2019050080464.pdf,2019-05-07,2026-08-20
FM191460,2019-01-30,9715,COMPASS FCO V PRIVATE DEBT FONDO DE INVERSION,VINCI COMPASS S.A. ADMINISTRADORA GENERAL DE FONDOS,No Vigente,,Fondo Inversión No Rescatable,2019040063762,https://www.cmfchile.cl/documentos/rfm/rfm_2019040063762.pdf,2019-04-12,2026-08-20
FM191459,2019-01-25,9714,FONDO MUTUO BOOSTER ACCIONES BRASIL II,BANCHILE ADMINISTRADORA GENERAL DE FONDOS S.A.,No Vigente,,Fondo Mutuo,2019010016081,https://www.cmfchile.cl/documentos/rfm/rfm_2019010016081.pdf,2019-01-25,2026-08-20
FM191458,2019-01-24,9713,VINCI COMPASS BCP VIII PRIVATE EQUITY FONDO DE INVERSION,VINCI COMPASS S.A. ADMINISTRADORA GENERAL DE FONDOS,Vigente,,Fondo Inversión No Rescatable,2026060421852,https://www.cmfchile.cl/documentos/rfm/rfm_2026060421852.pdf,2026-06-25,2026-08-20
FM191457,2019-01-23,9712,FONDO MUTUO SECURITY MID TERM GLOBAL,ADMINISTRADORA GENERAL DE FONDOS  SECURITY S.A.,Vigente,,Fondo Mutuo,2026010030486,https://www.cmfchile.cl/documentos/rfm/rfm_2026010030486.pdf,2026-01-14,2026-08-20
FM191456,2019-01-22,9711,FRONTAL TRUST DEUDA PRIVADA MIXTA FONDO DE INVERSIÓN,FRONTAL TRUST ADMINISTRADORA GENERAL DE FONDOS S.A.,Vigente,,Fondo Inversión No Rescatable,2024050277692,https://www.cmfchile.cl/documentos/rfm/rfm_2024050277692.pdf,2024-05-17,2026-08-20
FM191455,2019-01-21,9710,FONDO DE INVERSIÓN ACTIVA FINANCIAMIENTO ESTRUCTURADO PERU,LARRAIN VIAL ACTIVOS S.A. ADMINISTRADORA GENERAL DE FONDOS,Vigente,,Fondo Inversión No Rescatable,2024050297912,https://www.cmfchile.cl/documentos/rfm/rfm_2024050297912.pdf,2024-05-30,2026-08-20
FM191454,2019-01-18,9709,AMERIS CARTERAS COMERCIALES I FONDO DE INVERSION,AMERIS CAPITAL ADMINISTRADORA GENERAL DE FONDOS S.A.,No Vigente,Liquidado,Fondo Inversión No Rescatable,2022070256522,https://www.cmfchile.cl/documentos/rfm/rfm_2022070256522.pdf,2022-07-04,2026-08-20
FM191453,2019-01-17,9708,FONDO DE INVERSION NEVASA HMC THOMSON REUTERS PRIVATE EQUITY BUYOUT INDEX FUND,HMC S.A. ADMINISTRADORA GENERAL DE FONDOS,No Vigente,,Fondo Inversión No Rescatable,2019050089807,https://www.cmfchile.cl/documentos/rfm/rfm_2019050089807.pdf,2019-05-23,2026-08-20
FM191452,2019-01-15,9707,PICTON - HAMILTON LANE SMID II FONDO DE INVERSION,PICTON ADMINISTRADORA GENERAL DE FONDOS S.A.,Vigente,,Fondo Inversión No Rescatable,2025060405130,https://www.cmfchile.cl/documentos/rfm/rfm_2025060405130.pdf,2025-06-10,2026-08-20
FM191450,2019-01-10,9705,FONDO DE INVERSIÓN ETF SINGULAR CHILE CORPORATIVO,SINGULAR ASSET MANAGEMENT ADMINISTRADORA GENERAL DE FONDOS S.A.,Vigente,,Fondo Inversión Rescatable,2024120690558,https://www.cmfchile.cl/documentos/rfm/rfm_2024120690558.pdf,2024-12-16,2026-08-20
FM191451,2019-01-10,9706,FONDO DE INVERSIÓN ETF SINGULAR GLOBAL EQUITIES,SINGULAR ASSET MANAGEMENT ADMINISTRADORA GENERAL DE FONDOS S.A.,Vigente,,Fondo Inversión Rescatable,2024120690563,https://www.cmfchile.cl/documentos/rfm/rfm_2024120690563.pdf,2024-12-16,2026-08-20
FM191449,2019-01-03,9704,FONDO DE INVERSION INFRAESTRUCTURA CHILE I,BANCHILE ADMINISTRADORA GENERAL DE FONDOS S.A.,Vigente,,Fondo Inversión No Rescatable,2024030151073,https://www.cmfchile.cl/documentos/rfm/rfm_2024030151073.pdf,2024-03-07,2026-08-20
FM181448,2018-12-27,9703,FONDO DE INVERSIÓN ACTIVA DEUDA AUTOMOTRIZ PERÚ,LARRAIN VIAL ACTIVOS S.A. ADMINISTRADORA GENERAL DE FONDOS,Vigente,,Fondo Inversión No Rescatable,2024050298551,https://www.cmfchile.cl/documentos/rfm/rfm_2024050298551.pdf,2024-05-30,2026-08-20
FM181447,2018-12-24,9702,AMERIS LGT CCO II FONDO DE INVERSIÓN,AMERIS CAPITAL ADMINISTRADORA GENERAL DE FONDOS S.A.,Vigente,,Fondo Inversión No Rescatable,2019020025325,https://www.cmfchile.cl/documentos/rfm/rfm_2019020025325.pdf,2019-02-08,2026-08-20
FM181446,2018-12-21,9701,FONDO DE INVERSIÓN HPH II,LARRAIN VIAL ACTIVOS S.A. ADMINISTRADORA GENERAL DE FONDOS,Vigente,,Fondo Inversión No Rescatable,2025080549536,https://www.cmfchile.cl/documentos/rfm/rfm_2025080549536.pdf,2025-08-06,2026-08-20
FM181445,2018-12-19,9700,FONDO DE INVERSION PENTA LAS AMERICAS PARQUES CEMENTERIOS DOS,PENTA LAS AMERICAS ADMINISTRADORA GENERAL DE FONDOS S.A.,Vigente,,Fondo Inversión No Rescatable,2018120210425,https://www.cmfchile.cl/documentos/rfm/rfm_2018120210425.pdf,2018-12-19,2026-08-20
FM181444,2018-12-14,9699,FONDO MUTUO BCI ESTRUCTURADO AHORRO 7 II,BCI ASSET MANAGEMENT ADMINISTRADORA  GENERAL DE FONDOS S.A.,No Vigente,Liquidado,Fondo Mutuo,2018120207241,https://www.cmfchile.cl/documentos/rfm/rfm_2018120207241.pdf,2018-12-14,2026-08-20
FM181443,2018-12-13,9698,FONDO DE INVERSIÓN LARRAINVIAL RENTAS RESIDENCIALES,LARRAINVIAL ASSET MANAGEMENT ADMINISTRADORA GENERAL DE FONDOS S.A.,Vigente,,Fondo Inversión No Rescatable,2023090400603,https://www.cmfchile.cl/documentos/rfm/rfm_2023090400603.pdf,2023-09-21,2026-08-20
FM181442,2018-12-06,9697,FONDO DE INVERSION SURA RENTA INMOBILIARIA III,ADMINISTRADORA GENERAL DE FONDOS SURA S.A.,Vigente,,Fondo Inversión No Rescatable,2026060392474,https://www.cmfchile.cl/documentos/rfm/rfm_2026060392474.pdf,2026-06-11,2026-08-20
FM181441,2018-12-05,9696,VINCI COMPASS BREP IX REAL ESTATE FONDO DE INVERSIÓN,VINCI COMPASS S.A. ADMINISTRADORA GENERAL DE FONDOS,Vigente,,Fondo Inversión No Rescatable,2026060414312,https://www.cmfchile.cl/documentos/rfm/rfm_2026060414312.pdf,2026-06-22,2026-08-20
FM181440,2018-11-30,9695,FONDO DE INVERSION NEORENTAS NORTH COLONY CINCO,NEORENTAS S.A. ADMINISTRADORA GENERAL DE FONDOS,Vigente,,Fondo Inversión No Rescatable,2023020072353,https://www.cmfchile.cl/documentos/rfm/rfm_2023020072353.pdf,2023-02-16,2026-08-20
FM181438,2018-11-27,9693,FONDO MUTUO BI DINAMICO,BANCO INTERNACIONAL ADMINISTRADORA GENERAL DE FONDOS S.A.,Vigente,,Fondo Mutuo,2024050282598,https://www.cmfchile.cl/documentos/rfm/rfm_2024050282598.pdf,2024-05-22,2026-08-20
FM181439,2018-11-27,9694,FONDO DE INVERSIÓN LARRAÍN VIAL APOLLO HYBRID VALUE,LARRAIN VIAL ACTIVOS S.A. ADMINISTRADORA GENERAL DE FONDOS,Vigente,,Fondo Inversión No Rescatable,2024050277576,https://www.cmfchile.cl/documentos/rfm/rfm_2024050277576.pdf,2024-05-17,2026-08-20
FM181437,2018-11-26,9692,FONDO MUTUO BI MAS AHORRO,BANCO INTERNACIONAL ADMINISTRADORA GENERAL DE FONDOS S.A.,Vigente,,Fondo Mutuo,2024050282602,https://www.cmfchile.cl/documentos/rfm/rfm_2024050282602.pdf,2024-05-22,2026-08-20
FM181436,2018-11-26,9691,FONDO MUTUO BI RENTA A PLAZO,BANCO INTERNACIONAL ADMINISTRADORA GENERAL DE FONDOS S.A.,No Vigente,,Fondo Mutuo,2018110196894,https://www.cmfchile.cl/documentos/rfm/rfm_2018110196894.pdf,2018-11-26,2026-08-20
FM181435,2018-11-26,9690,FONDO MUTUO BI LIQUIDEZ,BANCO INTERNACIONAL ADMINISTRADORA GENERAL DE FONDOS S.A.,Vigente,,Fondo Mutuo,2024050287722,https://www.cmfchile.cl/documentos/rfm/rfm_2024050287722.pdf,2024-05-24,2026-08-20
FM181434,2018-11-26,9689,AMERIS PARAUCO FONDO DE INVERSIÓN,AMERIS CAPITAL ADMINISTRADORA GENERAL DE FONDOS S.A.,Vigente,,Fondo Inversión No Rescatable,2019010017349,https://www.cmfchile.cl/documentos/rfm/rfm_2019010017349.pdf,2019-01-29,2026-08-20
FM181433,2018-11-19,9688,FONDO MUTUO PRINCIPAL LIFETIME 2060,PRINCIPAL ASSET MANAGEMENT ADMINISTRADORA GENERAL DE FONDOS S.A.,Vigente,,Fondo Mutuo,2025020122912,https://www.cmfchile.cl/documentos/rfm/rfm_2025020122912.pdf,2025-02-13,2026-08-20
FM181432,2018-11-19,9687,FONDO MUTUO PRINCIPAL LIFETIME 2050,PRINCIPAL ASSET MANAGEMENT ADMINISTRADORA GENERAL DE FONDOS S.A.,Vigente,,Fondo Mutuo,2022110435051,https://www.cmfchile.cl/documentos/rfm/rfm_2022110435051.pdf,2022-11-15,2026-08-20
FM181429,2018-11-16,9684,FONDO DE INVERSIÓN BCI LMV II.,BCI ASSET MANAGEMENT ADMINISTRADORA  GENERAL DE FONDOS S.A.,Vigente,,Fondo Inversión No Rescatable,2022080328657,https://www.cmfchile.cl/documentos/rfm/rfm_2022080328657.pdf,2022-08-23,2026-08-20
FM181431,2018-11-16,9686,TOESCA RENTAS INMOBILIARIAS APOQUINDO  FONDO DE INVERSIÓN,TOESCA S.A.  ADMINISTRADORA GENERAL DE FONDOS,Vigente,,Fondo Inversión No Rescatable,2026050358780,https://www.cmfchile.cl/documentos/rfm/rfm_2026050358780.pdf,2026-05-29,2026-08-20
FM181430,2018-11-16,9685,FONDO MUTUO ETF IT NOW S&P/CLX CHILE DIVIDEND INDEX,ITAU ADMINISTRADORA GENERAL DE FONDOS S.A.,No Vigente,,Fondo Mutuo,2025060404519,https://www.cmfchile.cl/documentos/rfm/rfm_2025060404519.pdf,2025-06-10,2026-08-20
FM181428,2018-11-15,9683,AMERIS RENTAS INMOBILIARIAS USA I FONDO DE INVERSIÓN,AMERIS CAPITAL ADMINISTRADORA GENERAL DE FONDOS S.A.,No Vigente,,Fondo Inversión No Rescatable,2018110190337,https://www.cmfchile.cl/documentos/rfm/rfm_2018110190337.pdf,2018-11-15,2026-08-20
FM181427,2018-11-12,9682,FONDO DE INVERSION EUROPEAN VALUE PARTNERS II,BANCHILE ADMINISTRADORA GENERAL DE FONDOS S.A.,Vigente,,Fondo Inversión No Rescatable,2026070450319,https://www.cmfchile.cl/documentos/rfm/rfm_2026070450319.pdf,2026-07-08,2026-08-20
FM181426,2018-11-09,9681,VINCI COMPASS SP VIII PRIVATE EQUITY FONDO DE INVERSION,VINCI COMPASS S.A. ADMINISTRADORA GENERAL DE FONDOS,Vigente,,Fondo Inversión No Rescatable,2026060415857,https://www.cmfchile.cl/documentos/rfm/rfm_2026060415857.pdf,2026-06-23,2026-08-20
FM181425,2018-11-09,9680,FONDO DE INVERSIÓN CREDICORP CAPITAL PG PRIVATE DEBT I,CREDICORP CAPITAL ASSET MANAGEMENT S.A. ADMINISTRADORA GENERAL DE FONDOS,Vigente,,Fondo Inversión No Rescatable,2020080371392,https://www.cmfchile.cl/documentos/rfm/rfm_2020080371392.pdf,2020-08-24,2026-08-20
FM181424,2018-11-07,9679,FONDO DE INVERSIÓN SURA ACCIONES GLOBALES,ADMINISTRADORA GENERAL DE FONDOS SURA S.A.,No Vigente,,Fondo Inversión Rescatable,2023060268039,https://www.cmfchile.cl/documentos/rfm/rfm_2023060268039.pdf,2023-06-27,2026-08-20
FM181423,2018-11-07,9678,BTG PACTUAL REINSURANCE OPPORTUNITIES V FONDO DE INVERSIÓN,BTG PACTUAL CHILE S.A. ADMINISTRADORA GENERAL DE FONDOS,No Vigente,Liquidado,Fondo Inversión No Rescatable,2019050085369,https://www.cmfchile.cl/documentos/rfm/rfm_2019050085369.pdf,2019-05-15,2026-08-20
FM181422,2018-11-05,9677,BTG PACTUAL T. ROWE PRICE FLEXIBLE EMERGING MARKET DEBT FONDO DE INVERSIÓN,BTG PACTUAL CHILE S.A. ADMINISTRADORA GENERAL DE FONDOS,No Vigente,Liquidado,Fondo Inversión Rescatable,2024070367987,https://www.cmfchile.cl/documentos/rfm/rfm_2024070367987.pdf,2024-07-17,2026-08-20
FM181421,2018-10-29,9676,MONEDA RENTA VARIABLE EMERGENTE FONDO DE INVERSIÓN,MONEDA S.A. ADMINISTRADORA GENERAL DE FONDOS,Vigente,,Fondo Inversión Rescatable,2023070302608,https://www.cmfchile.cl/documentos/rfm/rfm_2023070302608.pdf,2023-07-20,2026-08-20
FM181420,2018-10-24,9675,FONDO MUTUO BCI ESTRUCTURADO AHORRO 7,BCI ASSET MANAGEMENT ADMINISTRADORA  GENERAL DE FONDOS S.A.,No Vigente,Liquidado,Fondo Mutuo,2018100179361,https://www.cmfchile.cl/documentos/rfm/rfm_2018100179361.pdf,2018-10-24,2026-08-20
FM181419,2018-10-23,9674,FONDO DE INVERSIÓN FALCOM GLOBAL EQUITY FUND,FALCOM ADMINISTRADORA GENERAL DE FONDOS S.A.,No Vigente,,Fondo Inversión Rescatable,2018100178292,https://www.cmfchile.cl/documentos/rfm/rfm_2018100178292.pdf,2018-10-23,2026-08-20
FM181418,2018-10-19,9673,FONDO MUTUO BOOSTER ACCIONES EMERGENTES III,BANCHILE ADMINISTRADORA GENERAL DE FONDOS S.A.,No Vigente,,Fondo Mutuo,2018100176260,https://www.cmfchile.cl/documentos/rfm/rfm_2018100176260.pdf,2018-10-19,2026-08-20
FM181417,2018-10-19,9672,FONDO MUTUO BOOSTER ACCIONES EUROPA III,BANCHILE ADMINISTRADORA GENERAL DE FONDOS S.A.,No Vigente,,Fondo Mutuo,2018100176257,https://www.cmfchile.cl/documentos/rfm/rfm_2018100176257.pdf,2018-10-19,2026-08-20
FM181416,2018-10-18,9671,FONDO DE INVERSIÓN BARING ASIA PRIVATE EQUITY FUND VII,LARRAIN VIAL ACTIVOS S.A. ADMINISTRADORA GENERAL DE FONDOS,Vigente,,Fondo Inversión No Rescatable,2024060302748,https://www.cmfchile.cl/documentos/rfm/rfm_2024060302748.pdf,2024-06-03,2026-08-20
FM181415,2018-10-18,9670,FONDO DE INVERSIÓN LARRAÍN VIAL FIBRA III,LARRAIN VIAL ACTIVOS S.A. ADMINISTRADORA GENERAL DE FONDOS,Vigente,,Fondo Inversión No Rescatable,2026040258463,https://www.cmfchile.cl/documentos/rfm/rfm_2026040258463.pdf,2026-04-14,2026-08-20
FM181414,2018-10-12,9669,FONDO DE INVERSIÓN SURA DEUDA CHILE UF,ADMINISTRADORA GENERAL DE FONDOS SURA S.A.,No Vigente,Liquidado,Fondo Inversión Rescatable,2022070260137,https://www.cmfchile.cl/documentos/rfm/rfm_2022070260137.pdf,2022-07-05,2026-08-20
FM181413,2018-10-11,9668,TAURUS UBP PRIVATE DEBT II FONDO DE INVERSIÓN,TAURUS ADMINISTRADORA GENERAL DE FONDOS S.A.,No Vigente,,Fondo Inversión No Rescatable,2023100433779,https://www.cmfchile.cl/documentos/rfm/rfm_2023100433779.pdf,2023-10-16,2026-08-20
FM181412,2018-10-11,9667,BTG PACTUAL - ADLS FONDO DE INVERSIÓN,BTG PACTUAL CHILE S.A. ADMINISTRADORA GENERAL DE FONDOS,Vigente,,Fondo Inversión No Rescatable,2026070436079,https://www.cmfchile.cl/documentos/rfm/rfm_2026070436079.pdf,2026-07-02,2026-08-20
FM181411,2018-10-10,9666,FONDO DE INVERSIÓN SANTANDER DEUDA LATAM,SANTANDER ASSET MANAGEMENT S.A. ADMINISTRADORA GENERAL DE FONDOS,No Vigente,,Fondo Inversión Rescatable,2018100171133,https://www.cmfchile.cl/documentos/rfm/rfm_2018100171133.pdf,2018-10-10,2026-08-20
FM150783,2018-10-08,7002,FONDO DE INV. INMOBILIARIA CIMENTA-EXPANSION,CIMENTA S.A. ADMINISTRADORA GENERAL DE FONDOS,Vigente,,Fondo Inversión No Rescatable,2025120910110,https://www.cmfchile.cl/documentos/rfm/rfm_2025120910110.pdf,2025-12-31,2026-08-20
FM181409,2018-10-05,9664,FRONTAL TRUST INFRAESTRUCTURA ALPHA FONDO DE INVERSIÓN,FRONTAL TRUST ADMINISTRADORA GENERAL DE FONDOS S.A.,Vigente,,Fondo Inversión No Rescatable,2026060381503,https://www.cmfchile.cl/documentos/rfm/rfm_2026060381503.pdf,2026-06-08,2026-08-20
FM181410,2018-10-05,9665,FONDO DE INVERSION DESARROLLO INMOBILIARIO PERU - COLOMBIA,BANCHILE ADMINISTRADORA GENERAL DE FONDOS S.A.,Vigente,,Fondo Inversión No Rescatable,2026070450331,https://www.cmfchile.cl/documentos/rfm/rfm_2026070450331.pdf,2026-07-08,2026-08-20
FM181408,2018-10-02,9663,FONDO DE INVERSION INDEPENDENCIA RENTAS INMOBILIARIAS II,INDEPENDENCIA ADMINISTRADORA GENERAL DE FONDOS S.A.,No Vigente,,Fondo Inversión No Rescatable,2018100167197,https://www.cmfchile.cl/documentos/rfm/rfm_2018100167197.pdf,2018-10-02,2026-08-20
FM181407,2018-10-02,9662,BCI LMV II-B FONDO DE INVERSION,BCI ASSET MANAGEMENT ADMINISTRADORA  GENERAL DE FONDOS S.A.,Vigente,,Fondo Inversión No Rescatable,2018110189812,https://www.cmfchile.cl/documentos/rfm/rfm_2018110189812.pdf,2018-11-14,2026-08-20
FM181406,2018-09-26,9661,FONDO DE INVERSIÓN BANCHILE MARKETPLUS EMERGENTE,BANCHILE ADMINISTRADORA GENERAL DE FONDOS S.A.,Vigente,,Fondo Inversión Rescatable,2025040308464,https://www.cmfchile.cl/documentos/rfm/rfm_2025040308464.pdf,2025-04-24,2026-08-20
FM181405,2018-09-24,9660,FONDO DE INVERSION PRINCIPAL LS11,PRINCIPAL ASSET MANAGEMENT ADMINISTRADORA GENERAL DE FONDOS S.A.,Vigente,,Fondo Inversión No Rescatable,2024080437987,https://www.cmfchile.cl/documentos/rfm/rfm_2024080437987.pdf,2024-08-21,2026-08-20
FM181404,2018-09-21,9659,FONDO DE INVERSIÓN LARRAINVIAL ARGENTINA EQUITY,LARRAINVIAL ASSET MANAGEMENT ADMINISTRADORA GENERAL DE FONDOS S.A.,No Vigente,,Fondo Inversión Rescatable,2018090161983,https://www.cmfchile.cl/documentos/rfm/rfm_2018090161983.pdf,2018-09-21,2026-08-20
FM181403,2018-09-13,9658,FONDO DE INVERSIÓN LARRAINVIAL SMALL CAP CHILE,LARRAINVIAL ASSET MANAGEMENT ADMINISTRADORA GENERAL DE FONDOS S.A.,Vigente,,Fondo Inversión No Rescatable,2026070481958,https://www.cmfchile.cl/documentos/rfm/rfm_2026070481958.pdf,2026-07-23,2026-08-20
FM181402,2018-08-31,9657,FONDO DE INVERSION HMC CIP VIII,HMC S.A. ADMINISTRADORA GENERAL DE FONDOS,Vigente,,Fondo Inversión No Rescatable,2025050360690,https://www.cmfchile.cl/documentos/rfm/rfm_2025050360690.pdf,2025-05-20,2026-08-20
FM181401,2018-08-29,9656,VOLCOMCAPITAL DEUDA PERU II FONDO DE INVERSION,VOLCOMCAPITAL ADMINISTRADORA GENERAL DE FONDOS S.A.,Vigente,,Fondo Inversión No Rescatable,2023060255623,https://www.cmfchile.cl/documentos/rfm/rfm_2023060255623.pdf,2023-06-15,2026-08-20
FM181400,2018-08-27,9655,FONDO MUTUO SECURITY DEUDA INTERNACIONAL,ADMINISTRADORA GENERAL DE FONDOS  SECURITY S.A.,Vigente,,Fondo Mutuo,2026010030472,https://www.cmfchile.cl/documentos/rfm/rfm_2026010030472.pdf,2026-01-14,2026-08-20
FM181399,2018-08-24,9654,PICTON - WPGG FONDO DE INVERSION,PICTON ADMINISTRADORA GENERAL DE FONDOS S.A.,Vigente,,Fondo Inversión No Rescatable,2025060405227,https://www.cmfchile.cl/documentos/rfm/rfm_2025060405227.pdf,2025-06-10,2026-08-20
FM181398,2018-08-23,9653,FONDO DE INVERSIÓN CREDICORP CAPITAL PARTNERS FUND SICAV,CREDICORP CAPITAL ASSET MANAGEMENT S.A. ADMINISTRADORA GENERAL DE FONDOS,Vigente,,Fondo Inversión No Rescatable,2022070296516,https://www.cmfchile.cl/documentos/rfm/rfm_2022070296516.pdf,2022-07-29,2026-08-20
FM181397,2018-08-20,9652,FONDO DE INVERSION PRE-IPO OPPORTUNITIES MVP,HMC S.A. ADMINISTRADORA GENERAL DE FONDOS,Vigente,,Fondo Inversión No Rescatable,2023040171844,https://www.cmfchile.cl/documentos/rfm/rfm_2023040171844.pdf,2023-04-21,2026-08-20
FM181396,2018-08-20,9651,FONDO MUTUO SECURITY RENTA VARIABLE INTERNACIONAL,ADMINISTRADORA GENERAL DE FONDOS  SECURITY S.A.,No Vigente,,Fondo Mutuo,2023030089616,https://www.cmfchile.cl/documentos/rfm/rfm_2023030089616.pdf,2023-03-01,2026-08-20
FM181395,2018-08-16,9650,FONDO DE INVERSIÓN ACTIVA FINANCIAMIENTO ESTRUCTURADO PERÚ DOS,LARRAIN VIAL ACTIVOS S.A. ADMINISTRADORA GENERAL DE FONDOS,No Vigente,,Fondo Inversión No Rescatable,2020060183217,https://www.cmfchile.cl/documentos/rfm/rfm_2020060183217.pdf,2020-06-04,2026-08-20
FM181393,2018-08-14,9648,FONDO MUTUO SANTANDER GESTIÓN ACTIVA AGRESIVA,SANTANDER ASSET MANAGEMENT S.A. ADMINISTRADORA GENERAL DE FONDOS,Vigente,,Fondo Mutuo,2025110812103,https://www.cmfchile.cl/documentos/rfm/rfm_2025110812103.pdf,2025-11-18,2026-08-20
FM181394,2018-08-14,9649,FONDO MUTUO SANTANDER GESTIÓN ACTIVA PRUDENTE,SANTANDER ASSET MANAGEMENT S.A. ADMINISTRADORA GENERAL DE FONDOS,Vigente,,Fondo Mutuo,2025110812101,https://www.cmfchile.cl/documentos/rfm/rfm_2025110812101.pdf,2025-11-18,2026-08-20
FM181391,2018-08-10,9647,FONDO MUTUO SANTANDER GESTIÓN ACTIVA RETORNO,SANTANDER ASSET MANAGEMENT S.A. ADMINISTRADORA GENERAL DE FONDOS,No Vigente,,Fondo Mutuo,2025060427185,https://www.cmfchile.cl/documentos/rfm/rfm_2025060427185.pdf,2025-06-19,2026-08-20
FM181388,2018-08-10,9646,FONDO MUTUO SANTANDER GESTIÓN ACTIVA EQUILIBRIO,SANTANDER ASSET MANAGEMENT S.A. ADMINISTRADORA GENERAL DE FONDOS,Vigente,,Fondo Mutuo,2025110812291,https://www.cmfchile.cl/documentos/rfm/rfm_2025110812291.pdf,2025-11-18,2026-08-20
FM181387,2018-08-10,9645,VOLCOMCAPITAL SPECIAL SITUATIONS III FONDO DE INVERSIÓN,VOLCOMCAPITAL ADMINISTRADORA GENERAL DE FONDOS S.A.,Vigente,,Fondo Inversión No Rescatable,2018120211768,https://www.cmfchile.cl/documentos/rfm/rfm_2018120211768.pdf,2018-12-20,2026-08-20
FM181385,2018-08-10,9643,VOLCOMCAPITAL PE SECONDARY III FONDO DE INVERSIÓN,VOLCOMCAPITAL ADMINISTRADORA GENERAL DE FONDOS S.A.,Vigente,,Fondo Inversión No Rescatable,2023060257129,https://www.cmfchile.cl/documentos/rfm/rfm_2023060257129.pdf,2023-06-16,2026-08-20
FM181386,2018-08-10,9644,VOLCOMCAPITAL PRIVATE EQUITY V FONDO DE INVERSIÓN,VOLCOMCAPITAL ADMINISTRADORA GENERAL DE FONDOS S.A.,Vigente,,Fondo Inversión No Rescatable,2025100756109,https://www.cmfchile.cl/documentos/rfm/rfm_2025100756109.pdf,2025-10-30,2026-08-20
FM181384,2018-08-01,9642,VINCI COMPASS VEPF VII PRIVATE EQUITY FONDO DE INVERSIÓN,VINCI COMPASS S.A. ADMINISTRADORA GENERAL DE FONDOS,Vigente,,Fondo Inversión No Rescatable,2026060414313,https://www.cmfchile.cl/documentos/rfm/rfm_2026060414313.pdf,2026-06-22,2026-08-20
FM181383,2018-08-01,9641,FONDO DE INVERSIÓN FYNSA RENTA FIJA PRIVADA PERÚ,FYNSA ADMINISTRADORA GENERAL DE FONDOS S.A.,No Vigente,,Fondo Inversión No Rescatable,2023050204970,https://www.cmfchile.cl/documentos/rfm/rfm_2023050204970.pdf,2023-05-11,2026-08-20
FM181382,2018-07-31,9640,BTG PACTUAL DESARROLLO INMOBILIARIO III FONDO DE INVERSIÓN,BTG PACTUAL CHILE S.A. ADMINISTRADORA GENERAL DE FONDOS,Vigente,,Fondo Inversión No Rescatable,2022060243159,https://www.cmfchile.cl/documentos/rfm/rfm_2022060243159.pdf,2022-06-23,2026-08-20
FM181381,2018-07-19,9639,FONDO DE INVERSIÓN LARRAÍN VIAL MÉXICO MEZZANINE,LARRAIN VIAL ACTIVOS S.A. ADMINISTRADORA GENERAL DE FONDOS,Vigente,,Fondo Inversión No Rescatable,2025100755936,https://www.cmfchile.cl/documentos/rfm/rfm_2025100755936.pdf,2025-10-30,2026-08-20
FM181380,2018-07-19,9638,FONDO DE INVERSION FYNSA DESARROLLO INMOBILIARIO II,FYNSA ADMINISTRADORA GENERAL DE FONDOS S.A.,Vigente,,Fondo Inversión No Rescatable,2022090373942,https://www.cmfchile.cl/documentos/rfm/rfm_2022090373942.pdf,2022-09-28,2026-08-20
FM181379,2018-07-17,9637,PICTON – TPG VIII FONDO DE INVERSIÓN,PICTON ADMINISTRADORA GENERAL DE FONDOS S.A.,Vigente,,Fondo Inversión No Rescatable,2025060404891,https://www.cmfchile.cl/documentos/rfm/rfm_2025060404891.pdf,2025-06-10,2026-08-20
FM181377,2018-07-11,9635,FONDO DE INVERSION ACTIVA ESTRATEGIA AUTOMOTRIZ,LARRAIN VIAL ACTIVOS S.A. ADMINISTRADORA GENERAL DE FONDOS,Vigente,,Fondo Inversión No Rescatable,2025080546207,https://www.cmfchile.cl/documentos/rfm/rfm_2025080546207.pdf,2025-08-05,2026-08-20
FM181378,2018-07-11,9636,MONEDA CARLYLE EUROPE PARTNERS V FONDO DE INVERSIÓN,MONEDA S.A. ADMINISTRADORA GENERAL DE FONDOS,Vigente,,Fondo Inversión No Rescatable,2022050200546,https://www.cmfchile.cl/documentos/rfm/rfm_2022050200546.pdf,2022-05-23,2026-08-20
FM181376,2018-07-10,9634,VINCI COMPASS PCRED PRIVATE DEBT FONDO DE INVERSION,VINCI COMPASS S.A. ADMINISTRADORA GENERAL DE FONDOS,Vigente,,Fondo Inversión No Rescatable,2026060407520,https://www.cmfchile.cl/documentos/rfm/rfm_2026060407520.pdf,2026-06-18,2026-08-20
FM181373,2018-07-05,9631,BTG PACTUAL RENTA RESIDENCIAL FONDO DE INVERSIÓN,BTG PACTUAL CHILE S.A. ADMINISTRADORA GENERAL DE FONDOS,Vigente,,Fondo Inversión No Rescatable,2022060242419,https://www.cmfchile.cl/documentos/rfm/rfm_2022060242419.pdf,2022-06-22,2026-08-20
FM181375,2018-07-05,9633,VOLCOMCAPITAL MID MARKET FONDO DE INVERSION,VOLCOMCAPITAL ADMINISTRADORA GENERAL DE FONDOS S.A.,Vigente,,Fondo Inversión No Rescatable,2026060420237,https://www.cmfchile.cl/documentos/rfm/rfm_2026060420237.pdf,2026-06-24,2026-08-20
FM181374,2018-07-05,9632,FONDO MUTUO BCI ESTRUCTURADO UF MÁS,BCI ASSET MANAGEMENT ADMINISTRADORA  GENERAL DE FONDOS S.A.,No Vigente,Liquidado,Fondo Mutuo,2018070116411,https://www.cmfchile.cl/documentos/rfm/rfm_2018070116411.pdf,2018-07-05,2026-08-20
FM181372,2018-06-28,9630,FONDO MUTUO DEPÓSITO PLUS VIII,BANCHILE ADMINISTRADORA GENERAL DE FONDOS S.A.,No Vigente,,Fondo Mutuo,2018060112828,https://www.cmfchile.cl/documentos/rfm/rfm_2018060112828.pdf,2018-06-28,2026-08-20
FM181371,2018-06-28,9629,FONDO DE INVERSION PENTA LAS AMERICAS INFRAESTRUCTURA CUATRO,PENTA LAS AMERICAS ADMINISTRADORA GENERAL DE FONDOS S.A.,Vigente,,Fondo Inversión No Rescatable,2022050202032,https://www.cmfchile.cl/documentos/rfm/rfm_2022050202032.pdf,2022-05-24,2026-08-20
FM181370,2018-06-28,9628,FONDO DE INVERSIÓN SARTOR TACTICO INTERNACIONAL,SARTOR ADMINISTRADORA GENERAL DE FONDOS S.A.,Vigente,,Fondo Inversión Rescatable,2023120533386,https://www.cmfchile.cl/documentos/rfm/rfm_2023120533386.pdf,2023-12-06,2026-08-20
FM181369,2018-06-27,9627,BICE GLOBAL CREDIT OPPORTUNITIES FONDO DE INVERSION,BICE INVERSIONES ADMINISTRADORA GENERAL DE FONDOS S.A.,Vigente,,Fondo Inversión No Rescatable,2022060249771,https://www.cmfchile.cl/documentos/rfm/rfm_2022060249771.pdf,2022-06-29,2026-08-20
FM181368,2018-06-26,9626,FONDO DE INVERSION CREDICORP CAPITAL RENTA RESIDENCIAL II,CREDICORP CAPITAL ASSET MANAGEMENT S.A. ADMINISTRADORA GENERAL DE FONDOS,Vigente,,Fondo Inversión No Rescatable,2026070443848,https://www.cmfchile.cl/documentos/rfm/rfm_2026070443848.pdf,2026-07-06,2026-08-20
FM181367,2018-06-25,9625,FONDO MUTUO ZURICH LATAM EQUITIES,ZURICH CHILE ASSET MANAGEMENT ADMINISTRADORA GENERAL DE FONDOS S.A.,Vigente,,Fondo Mutuo,2026040235960,https://www.cmfchile.cl/documentos/rfm/rfm_2026040235960.pdf,2026-04-06,2026-08-20
FM181366,2018-06-22,9624,PICTON - ACE IV FONDO DE INVERSIÓN,PICTON ADMINISTRADORA GENERAL DE FONDOS S.A.,Vigente,,Fondo Inversión No Rescatable,2025060405101,https://www.cmfchile.cl/documentos/rfm/rfm_2025060405101.pdf,2025-06-10,2026-08-20
FM181365,2018-06-14,9623,FONDO MUTUO CREDICORP CAPITAL LATIN AMERICAN EQUITY,CREDICORP CAPITAL ASSET MANAGEMENT S.A. ADMINISTRADORA GENERAL DE FONDOS,Vigente,,Fondo Mutuo,2024110605375,https://www.cmfchile.cl/documentos/rfm/rfm_2024110605375.pdf,2024-11-19,2026-08-20
FM181363,2018-06-13,9621,VINCI COMPASS LCP IX PRIVATE EQUITY FONDO DE INVERSIÓN,VINCI COMPASS S.A. ADMINISTRADORA GENERAL DE FONDOS,Vigente,,Fondo Inversión No Rescatable,2026060410196,https://www.cmfchile.cl/documentos/rfm/rfm_2026060410196.pdf,2026-06-19,2026-08-20
FM181364,2018-06-13,9622,FONDO MUTUO SANTANDER DEUDA ARGENTINA ARS,SANTANDER ASSET MANAGEMENT S.A. ADMINISTRADORA GENERAL DE FONDOS,No Vigente,,Fondo Mutuo,2018060103862,https://www.cmfchile.cl/documentos/rfm/rfm_2018060103862.pdf,2018-06-13,2026-08-20
FM181362,2018-06-12,9620,NEORENTAS NUEVE FONDO DE INVERSION,NEORENTAS S.A. ADMINISTRADORA GENERAL DE FONDOS,Vigente,,Fondo Inversión No Rescatable,2018060102667,https://www.cmfchile.cl/documentos/rfm/rfm_2018060102667.pdf,2018-06-12,2026-08-20
FM181361,2018-06-06,9619,TOESCA DEUDA PRIVADA FONDO DE INVERSION,TOESCA S.A.  ADMINISTRADORA GENERAL DE FONDOS,Vigente,,Fondo Inversión No Rescatable,2026050355201,https://www.cmfchile.cl/documentos/rfm/rfm_2026050355201.pdf,2026-05-27,2026-08-20
FM181360,2018-06-06,9618,FONDO DE INVERSIÓN LARRAÍN VIAL TSEV VIII,LARRAIN VIAL ACTIVOS S.A. ADMINISTRADORA GENERAL DE FONDOS,Vigente,,Fondo Inversión No Rescatable,2024050279651,https://www.cmfchile.cl/documentos/rfm/rfm_2024050279651.pdf,2024-05-20,2026-08-20
FM181359,2018-05-23,9617,MONEDA CARS FONDO DE INVERSION,MONEDA S.A. ADMINISTRADORA GENERAL DE FONDOS,Vigente,,Fondo Inversión No Rescatable,2025070491633,https://www.cmfchile.cl/documentos/rfm/rfm_2025070491633.pdf,2025-07-14,2026-08-20
FM181358,2018-05-18,9616,FONDO DE INVERSIÓN UNITED STATES PROPERTY FUND VI,BANCHILE ADMINISTRADORA GENERAL DE FONDOS S.A.,Vigente,,Fondo Inversión No Rescatable,2026060416888,https://www.cmfchile.cl/documentos/rfm/rfm_2026060416888.pdf,2026-06-23,2026-08-20
FM181357,2018-05-17,9615,BICE RENTAS INMOBILIARIAS FONDO DE INVERSIÓN,BICE INVERSIONES ADMINISTRADORA GENERAL DE FONDOS S.A.,Vigente,,Fondo Inversión No Rescatable,2026050331976,https://www.cmfchile.cl/documentos/rfm/rfm_2026050331976.pdf,2026-05-15,2026-08-20
FM181356,2018-05-14,9614,MONEDA ALTURAS II FONDO DE INVERSIÓN,MONEDA S.A. ADMINISTRADORA GENERAL DE FONDOS,Vigente,,Fondo Inversión Rescatable,2025090600388,https://www.cmfchile.cl/documentos/rfm/rfm_2025090600388.pdf,2025-09-01,2026-08-20
FM181355,2018-05-14,9613,AMERIS RENTA RESIDENCIAL FONDO DE INVERSIÓN,AMERIS CAPITAL ADMINISTRADORA GENERAL DE FONDOS S.A.,Vigente,,Fondo Inversión No Rescatable,2024090487611,https://www.cmfchile.cl/documentos/rfm/rfm_2024090487611.pdf,2024-09-13,2026-08-20
FM181354,2018-05-11,9612,BCI FONDO DE INVERSION DEUDA ARGENTINA,BCI ASSET MANAGEMENT ADMINISTRADORA  GENERAL DE FONDOS S.A.,No Vigente,,Fondo Inversión Rescatable,2018050085433,https://www.cmfchile.cl/documentos/rfm/rfm_2018050085433.pdf,2018-05-11,2026-08-20
FM181353,2018-05-03,9611,FONDO DE INVERSIÓN OLIVE TREE VENTURES I,LARRAIN VIAL ACTIVOS S.A. ADMINISTRADORA GENERAL DE FONDOS,Vigente,,Fondo Inversión No Rescatable,2025050347312,https://www.cmfchile.cl/documentos/rfm/rfm_2025050347312.pdf,2025-05-13,2026-08-20
FM181352,2018-04-26,9610,FONDO MUTUO FONDO ACTIVO 2055,ADMINISTRADORA GENERAL DE FONDOS  SECURITY S.A.,Vigente,,Fondo Mutuo,2024100558423,https://www.cmfchile.cl/documentos/rfm/rfm_2024100558423.pdf,2024-10-28,2026-08-20
FM181351,2018-04-26,9609,FONDO MUTUO FONDO ACTIVO 2045,ADMINISTRADORA GENERAL DE FONDOS  SECURITY S.A.,Vigente,,Fondo Mutuo,2024100558413,https://www.cmfchile.cl/documentos/rfm/rfm_2024100558413.pdf,2024-10-28,2026-08-20
FM181350,2018-04-26,9608,FONDO MUTUO FONDO ACTIVO 2035,ADMINISTRADORA GENERAL DE FONDOS  SECURITY S.A.,Vigente,,Fondo Mutuo,2024100558404,https://www.cmfchile.cl/documentos/rfm/rfm_2024100558404.pdf,2024-10-28,2026-08-20
FM181349,2018-04-26,9607,FONDO MUTUO FONDO ACTIVO 2025,ADMINISTRADORA GENERAL DE FONDOS  SECURITY S.A.,No Vigente,,Fondo Mutuo,2024100558389,https://www.cmfchile.cl/documentos/rfm/rfm_2024100558389.pdf,2024-10-28,2026-08-20
FM181346,2018-04-24,9604,SENSOR EQUITY TRADING FONDO DE INVERSION,SENSOR CAPITAL S.A. ADMINISTRADORA GENERAL DE FONDOS,Vigente,,Fondo Inversión Rescatable,2023080359875,https://www.cmfchile.cl/documentos/rfm/rfm_2023080359875.pdf,2023-08-23,2026-08-20
FM181345,2018-04-24,9603,FONDO DE INVERSIÓN ALTAMAR GALDANA VENTURES II,LARRAIN VIAL ACTIVOS S.A. ADMINISTRADORA GENERAL DE FONDOS,Vigente,,Fondo Inversión No Rescatable,2024060304337,https://www.cmfchile.cl/documentos/rfm/rfm_2024060304337.pdf,2024-06-04,2026-08-20
FM181347,2018-04-24,9605,VINCI COMPASS FRO III PRIVATE EQUITY FONDO DE INVERSION,VINCI COMPASS S.A. ADMINISTRADORA GENERAL DE FONDOS,Vigente,,Fondo Inversión No Rescatable,2026060421859,https://www.cmfchile.cl/documentos/rfm/rfm_2026060421859.pdf,2026-06-25,2026-08-20
FM181348,2018-04-24,9606,FONDO DE INVERSION BANCHILE MARKETPLUS EUROPA,BANCHILE ADMINISTRADORA GENERAL DE FONDOS S.A.,Vigente,,Fondo Inversión Rescatable,2025040308520,https://www.cmfchile.cl/documentos/rfm/rfm_2025040308520.pdf,2025-04-24,2026-08-20
FM181344,2018-04-04,9602,FONDO DE INVERSIÓN LARRAINVIAL DESARROLLO INMOBILIARIO I,LARRAINVIAL ASSET MANAGEMENT ADMINISTRADORA GENERAL DE FONDOS S.A.,Vigente,,Fondo Inversión No Rescatable,2023060262641,https://www.cmfchile.cl/documentos/rfm/rfm_2023060262641.pdf,2023-06-22,2026-08-20
FM181343,2018-04-03,9601,VINCI COMPASS PCLO PRIVATE DEBT FONDO DE INVERSION,VINCI COMPASS S.A. ADMINISTRADORA GENERAL DE FONDOS,Vigente,,Fondo Inversión No Rescatable,2026060428639,https://www.cmfchile.cl/documentos/rfm/rfm_2026060428639.pdf,2026-06-30,2026-08-20
FM181342,2018-04-02,9600,VOLCOMCAPITAL DEUDA II FONDO DE INVERSION EN LIQUIDACION,VOLCOMCAPITAL ADMINISTRADORA GENERAL DE FONDOS S.A.,Vigente,,Fondo Inversión No Rescatable,2026040236396,https://www.cmfchile.cl/documentos/rfm/rfm_2026040236396.pdf,2026-04-06,2026-08-20
FM181341,2018-04-02,9599,VOLCOMCAPITAL COINVERSIONES FONDO DE INVERSION,VOLCOMCAPITAL ADMINISTRADORA GENERAL DE FONDOS S.A.,Vigente,,Fondo Inversión No Rescatable,2025100756102,https://www.cmfchile.cl/documentos/rfm/rfm_2025100756102.pdf,2025-10-30,2026-08-20
FM181340,2018-04-02,9598,FONDO DE INVERSIÓN LARRAÍN VIAL NEWFOUNDLAND ARGENTINA,LARRAIN VIAL ACTIVOS S.A. ADMINISTRADORA GENERAL DE FONDOS,No Vigente,Liquidado,Fondo Inversión No Rescatable,2020010023113,https://www.cmfchile.cl/documentos/rfm/rfm_2020010023113.pdf,2020-01-31,2026-08-20
FM181336,2018-03-28,9594,FONDO MUTUO PRINCIPAL GESTION ACTIVA MODERADO,PRINCIPAL ASSET MANAGEMENT ADMINISTRADORA GENERAL DE FONDOS S.A.,Vigente,,Fondo Mutuo,2025090613950,https://www.cmfchile.cl/documentos/rfm/rfm_2025090613950.pdf,2025-09-04,2026-08-20
FM181335,2018-03-28,9593,FONDO MUTUO PRINCIPAL GESTION ACTIVA ARRIESGADO,PRINCIPAL ASSET MANAGEMENT ADMINISTRADORA GENERAL DE FONDOS S.A.,Vigente,,Fondo Mutuo,2025090612672,https://www.cmfchile.cl/documentos/rfm/rfm_2025090612672.pdf,2025-09-04,2026-08-20
FM181338,2018-03-28,9596,FONDO MUTUO PRINCIPAL GESTION ACTIVA MUY CONSERVADOR,PRINCIPAL ASSET MANAGEMENT ADMINISTRADORA GENERAL DE FONDOS S.A.,Vigente,,Fondo Mutuo,2025090612705,https://www.cmfchile.cl/documentos/rfm/rfm_2025090612705.pdf,2025-09-04,2026-08-20
FM181337,2018-03-28,9595,FONDO MUTUO PRINCIPAL GESTION ACTIVA CONSERVADOR,PRINCIPAL ASSET MANAGEMENT ADMINISTRADORA GENERAL DE FONDOS S.A.,Vigente,,Fondo Mutuo,2025090612710,https://www.cmfchile.cl/documentos/rfm/rfm_2025090612710.pdf,2025-09-04,2026-08-20
FM181339,2018-03-28,9597,FONDO MUTUO PRINCIPAL DEUDA MEDIANO PLAZO UF,PRINCIPAL ASSET MANAGEMENT ADMINISTRADORA GENERAL DE FONDOS S.A.,Vigente,,Fondo Mutuo,2025120840835,https://www.cmfchile.cl/documentos/rfm/rfm_2025120840835.pdf,2025-12-01,2026-08-20
FM181334,2018-03-27,9592,FONDO DE INVERSION SINGULAR BSREP III,SINGULAR ASSET MANAGEMENT ADMINISTRADORA GENERAL DE FONDOS S.A.,Vigente,,Fondo Inversión No Rescatable,2025120883599,https://www.cmfchile.cl/documentos/rfm/rfm_2025120883599.pdf,2025-12-16,2026-08-20
FM181333,2018-03-26,9591,COMPASS BCP ASIA PRIVATE EQUITY FONDO DE INVERSION,VINCI COMPASS S.A. ADMINISTRADORA GENERAL DE FONDOS,No Vigente,,Fondo Inversión No Rescatable,2018030053969,https://www.cmfchile.cl/documentos/rfm/rfm_2018030053969.pdf,2018-03-26,2026-08-20
FM181332,2018-03-23,9590,PICTON-MIP IV FONDO DE INVERSION,PICTON ADMINISTRADORA GENERAL DE FONDOS S.A.,Vigente,,Fondo Inversión No Rescatable,2025060405145,https://www.cmfchile.cl/documentos/rfm/rfm_2025060405145.pdf,2025-06-10,2026-08-20
FM181331,2018-03-16,9589,FONDO DE INVERSIÓN INMOBILIARIO IX,BANCHILE ADMINISTRADORA GENERAL DE FONDOS S.A.,Vigente,,Fondo Inversión No Rescatable,2026060416849,https://www.cmfchile.cl/documentos/rfm/rfm_2026060416849.pdf,2026-06-23,2026-08-20
FM181330,2018-03-08,9588,FONDO DE INVERSION NEORENTAS NORTH COLONY CUATRO,NEORENTAS S.A. ADMINISTRADORA GENERAL DE FONDOS,Vigente,,Fondo Inversión No Rescatable,2023020072341,https://www.cmfchile.cl/documentos/rfm/rfm_2023020072341.pdf,2023-02-16,2026-08-20
FM181328,2018-03-07,9586,FONDO MUTUO BCI ESTRUCTURADO DEUDA GLOBAL,BCI ASSET MANAGEMENT ADMINISTRADORA  GENERAL DE FONDOS S.A.,No Vigente,Liquidado,Fondo Mutuo,2018030041305,https://www.cmfchile.cl/documentos/rfm/rfm_2018030041305.pdf,2018-03-07,2026-08-20
FM181329,2018-03-07,9587,FONDO MUTUO BCI ESTRUCTURADO GLOBAL FIXED INCOME,BCI ASSET MANAGEMENT ADMINISTRADORA  GENERAL DE FONDOS S.A.,No Vigente,Liquidado,Fondo Mutuo,2018030041309,https://www.cmfchile.cl/documentos/rfm/rfm_2018030041309.pdf,2018-03-07,2026-08-20
FM181327,2018-02-28,9585,FONDO MUTUO BOOSTER ACCIONES BRASIL,BANCHILE ADMINISTRADORA GENERAL DE FONDOS S.A.,No Vigente,Liquidado,Fondo Mutuo,2018020035808,https://www.cmfchile.cl/documentos/rfm/rfm_2018020035808.pdf,2018-02-28,2026-08-20
FM181326,2018-02-20,9584,FONDO DE INVERSION LAB RENTA RESIDENCIAL,LAB CAPITAL ADMINISTRADORA GENERAL DE FONDOS S.A.,Vigente,,Fondo Inversión No Rescatable,2026060395727,https://www.cmfchile.cl/documentos/rfm/rfm_2026060395727.pdf,2026-06-12,2026-08-20
FM181325,2018-02-14,9583,PICTON-EQT VIII FONDO DE INVERSION,PICTON ADMINISTRADORA GENERAL DE FONDOS S.A.,Vigente,,Fondo Inversión No Rescatable,2025060405119,https://www.cmfchile.cl/documentos/rfm/rfm_2025060405119.pdf,2025-06-10,2026-08-20
FM181324,2018-02-07,9582,FONDO DE INVERSIÓN CREDICORP CAPITAL ALLIANZ GLOBAL EQUITIES,CREDICORP CAPITAL ASSET MANAGEMENT S.A. ADMINISTRADORA GENERAL DE FONDOS,No Vigente,Liquidado,Fondo Inversión Rescatable,2021110446186,https://www.cmfchile.cl/documentos/rfm/rfm_2021110446186.pdf,2021-11-04,2026-08-20
FM181323,2018-02-01,9581,FONDO DE INVERSIÓN ACTIVA LEASING HABITACIONAL Y DEUDA HIPOTECARIA,LARRAIN VIAL ACTIVOS S.A. ADMINISTRADORA GENERAL DE FONDOS,Vigente,,Fondo Inversión No Rescatable,2024060302743,https://www.cmfchile.cl/documentos/rfm/rfm_2024060302743.pdf,2024-06-03,2026-08-20
FM181322,2018-02-01,9580,TOESCA INFRAESTRUCTURA GV FONDO DE INVERSION,TOESCA S.A.  ADMINISTRADORA GENERAL DE FONDOS,Vigente,,Fondo Inversión No Rescatable,2025120889898,https://www.cmfchile.cl/documentos/rfm/rfm_2025120889898.pdf,2025-12-18,2026-08-20
FM181321,2018-01-26,9579,PICTON-AMERICAN SECURITIES PARTNERS VIII FONDO DE INVERSION,PICTON ADMINISTRADORA GENERAL DE FONDOS S.A.,Vigente,,Fondo Inversión No Rescatable,2025060405109,https://www.cmfchile.cl/documentos/rfm/rfm_2025060405109.pdf,2025-06-10,2026-08-20
FM181320,2018-01-26,9578,FONDO DE INVERSIÓN BCI GLOBAL EQUITY,BCI ASSET MANAGEMENT ADMINISTRADORA  GENERAL DE FONDOS S.A.,No Vigente,,Fondo Inversión Rescatable,2018010016047,https://www.cmfchile.cl/documentos/rfm/rfm_2018010016047.pdf,2018-01-26,2026-08-20
FM181319,2018-01-23,9577,FONDO MUTUO ZURICH PERFIL MODERADO,ZURICH CHILE ASSET MANAGEMENT ADMINISTRADORA GENERAL DE FONDOS S.A.,Vigente,,Fondo Mutuo,2025080571508,https://www.cmfchile.cl/documentos/rfm/rfm_2025080571508.pdf,2025-08-14,2026-08-20
FM181318,2018-01-23,9576,FONDO MUTUO ZURICH PERFIL AGRESIVO,ZURICH CHILE ASSET MANAGEMENT ADMINISTRADORA GENERAL DE FONDOS S.A.,Vigente,,Fondo Mutuo,2025050333440,https://www.cmfchile.cl/documentos/rfm/rfm_2025050333440.pdf,2025-05-06,2026-08-20
FM181317,2018-01-23,9575,FONDO MUTUO ZURICH PERFIL CONSERVADOR,ZURICH CHILE ASSET MANAGEMENT ADMINISTRADORA GENERAL DE FONDOS S.A.,Vigente,,Fondo Mutuo,2025050333467,https://www.cmfchile.cl/documentos/rfm/rfm_2025050333467.pdf,2025-05-06,2026-08-20
FM181316,2018-01-19,9574,FONDO DE INVERSIÓN LARRAÍN VIAL PAI PARTNERS EUROPE VII,LARRAIN VIAL ACTIVOS S.A. ADMINISTRADORA GENERAL DE FONDOS,Vigente,,Fondo Inversión No Rescatable,2024050279652,https://www.cmfchile.cl/documentos/rfm/rfm_2024050279652.pdf,2024-05-20,2026-08-20
FM181315,2018-01-17,9573,FONDO DE INVERSION SECURITY OAKTREE REAL ESTATE INCOME FUND,ADMINISTRADORA GENERAL DE FONDOS  SECURITY S.A.,Vigente,,Fondo Inversión No Rescatable,2025010012051,https://www.cmfchile.cl/documentos/rfm/rfm_2025010012051.pdf,2025-01-08,2026-08-20
FM181314,2018-01-12,9572,BICE STEPSTONE IV FONDO DE INVERSION,BICE INVERSIONES ADMINISTRADORA GENERAL DE FONDOS S.A.,Vigente,,Fondo Inversión No Rescatable,2022060249725,https://www.cmfchile.cl/documentos/rfm/rfm_2022060249725.pdf,2022-06-29,2026-08-20
FM181313,2018-01-12,9571,BTG PACTUAL DEUDA PRIVADA FONDO DE INVERSION,BTG PACTUAL CHILE S.A. ADMINISTRADORA GENERAL DE FONDOS,Vigente,,Fondo Inversión No Rescatable,2021050212382,https://www.cmfchile.cl/documentos/rfm/rfm_2021050212382.pdf,2021-05-31,2026-08-20
FM181312,2018-01-10,9570,FONDO MUTUO FINTUAL RISKY NORRIS,FINTUAL ADMINISTRADORA GENERAL DE FONDOS S.A.,Vigente,,Fondo Mutuo,2023070317622,https://www.cmfchile.cl/documentos/rfm/rfm_2023070317622.pdf,2023-07-28,2026-08-20
FM181311,2018-01-10,9569,FONDO MUTUO FINTUAL MODERATE PITT,FINTUAL ADMINISTRADORA GENERAL DE FONDOS S.A.,Vigente,,Fondo Mutuo,2023070317619,https://www.cmfchile.cl/documentos/rfm/rfm_2023070317619.pdf,2023-07-28,2026-08-20
FM181310,2018-01-10,9568,FONDO MUTUO FINTUAL CONSERVATIVE CLOONEY,FINTUAL ADMINISTRADORA GENERAL DE FONDOS S.A.,Vigente,,Fondo Mutuo,2023070317616,https://www.cmfchile.cl/documentos/rfm/rfm_2023070317616.pdf,2023-07-28,2026-08-20
FM181309,2018-01-08,9567,FONDO DE INVERSIÓN CREDICORP CAPITAL - PRIVATE DEBT II,CREDICORP CAPITAL ASSET MANAGEMENT S.A. ADMINISTRADORA GENERAL DE FONDOS,Vigente,,Fondo Inversión No Rescatable,2020080374667,https://www.cmfchile.cl/documentos/rfm/rfm_2020080374667.pdf,2020-08-26,2026-08-20
FM171308,2017-12-28,9566,FONDO DE INVERSIÓN DESARROLLO Y RENTAS RESIDENCIALES,BANCHILE ADMINISTRADORA GENERAL DE FONDOS S.A.,Vigente,,Fondo Inversión No Rescatable,2020070329591,https://www.cmfchile.cl/documentos/rfm/rfm_2020070329591.pdf,2020-07-21,2026-08-20
FM171307,2017-12-27,9565,FONDO DE INVERSIÓN - INDEPENDENCIA CORE US I,INDEPENDENCIA INTERNACIONAL ADMINISTRADORA GENERAL DE FONDOS S.A.,Vigente,,Fondo Inversión No Rescatable,2024120683750,https://www.cmfchile.cl/documentos/rfm/rfm_2024120683750.pdf,2024-12-12,2026-08-20
FM171306,2017-12-22,9564,FONDO MUTUO SURA MULTIACTIVO CONSERVADOR,ADMINISTRADORA GENERAL DE FONDOS SURA S.A.,No Vigente,,Fondo Mutuo,2023080365524,https://www.cmfchile.cl/documentos/rfm/rfm_2023080365524.pdf,2023-08-25,2026-08-20
FM171305,2017-12-21,9563,FONDO DE INVERSIÓN INDEPENDENCIA ONE UNION CENTER,INDEPENDENCIA INTERNACIONAL ADMINISTRADORA GENERAL DE FONDOS S.A.,No Vigente,Liquidado,Fondo Inversión No Rescatable,2020060273989,https://www.cmfchile.cl/documentos/rfm/rfm_2020060273989.pdf,2020-06-30,2026-08-20
FM171304,2017-12-21,9562,FONDO DE INVERSIÓN LARRAÍN VIAL LANDMARK EQUITY XVI,LARRAIN VIAL ACTIVOS S.A. ADMINISTRADORA GENERAL DE FONDOS,Vigente,,Fondo Inversión No Rescatable,2024050297896,https://www.cmfchile.cl/documentos/rfm/rfm_2024050297896.pdf,2024-05-30,2026-08-20
FM171303,2017-12-20,9561,FONDO MUTUO BANCHILE COBERTURA DEUDA GLOBAL,BANCHILE ADMINISTRADORA GENERAL DE FONDOS S.A.,No Vigente,,Fondo Mutuo,2022100407711,https://www.cmfchile.cl/documentos/rfm/rfm_2022100407711.pdf,2022-10-24,2026-08-20
FM171302,2017-12-18,9560,COMPASS DEUDA ARGENTINA FONDO DE INVERSIÓN,VINCI COMPASS S.A. ADMINISTRADORA GENERAL DE FONDOS,No Vigente,,Fondo Inversión Rescatable,2017120216276,https://www.cmfchile.cl/documentos/rfm/rfm_2017120216276.pdf,2017-12-18,2026-08-20
FM171301,2017-12-18,9559,FONDO DE INVERSIÓN FYNSA DEUDA CHILE,FYNSA ADMINISTRADORA GENERAL DE FONDOS S.A.,Vigente,,Fondo Inversión Rescatable,2024050272771,https://www.cmfchile.cl/documentos/rfm/rfm_2024050272771.pdf,2024-05-15,2026-08-20
FM171300,2017-12-15,9558,ASSET PHOENIX INFRASTRUCTURE FONDO DE INVERSION,ASSET ADMINISTRADORA GENERAL DE FONDOS S.A.,Vigente,,Fondo Inversión No Rescatable,2026070436461,https://www.cmfchile.cl/documentos/rfm/rfm_2026070436461.pdf,2026-07-02,2026-08-20
FM171298,2017-12-14,9556,BTG PACTUAL REINSURANCE OPPORTUNITIES IV FONDO DE INVERSIÓN,BTG PACTUAL CHILE S.A. ADMINISTRADORA GENERAL DE FONDOS,No Vigente,,Fondo Inversión No Rescatable,2017120213429,https://www.cmfchile.cl/documentos/rfm/rfm_2017120213429.pdf,2017-12-14,2026-08-20
FM171299,2017-12-14,9557,FONDO MUTUO LARRAINVIAL AHORRO ARGENTINA,LARRAINVIAL ASSET MANAGEMENT ADMINISTRADORA GENERAL DE FONDOS S.A.,No Vigente,,Fondo Mutuo,2020080362147,https://www.cmfchile.cl/documentos/rfm/rfm_2020080362147.pdf,2020-08-17,2026-08-20
FM171297,2017-12-07,9555,FONDO DE INVERSIÓN BCI DESARROLLO INMOBILIARIO XI,BCI ASSET MANAGEMENT ADMINISTRADORA  GENERAL DE FONDOS S.A.,Vigente,,Fondo Inversión No Rescatable,2025070471650,https://www.cmfchile.cl/documentos/rfm/rfm_2025070471650.pdf,2025-07-09,2026-08-20
FM171296,2017-12-01,9554,FONDO DE INVERSIÓN ZURICH DEUDA ARGENTINA,ZURICH CHILE ASSET MANAGEMENT ADMINISTRADORA GENERAL DE FONDOS S.A.,No Vigente,,Fondo Inversión Rescatable,2019100184911,https://www.cmfchile.cl/documentos/rfm/rfm_2019100184911.pdf,2019-10-16,2026-08-20
FM171295,2017-12-01,9553,FONDO DE INVERSIÓN SARTOR PROYECCIÓN,SARTOR ADMINISTRADORA GENERAL DE FONDOS S.A.,Vigente,,Fondo Inversión Rescatable,2023020077158,https://www.cmfchile.cl/documentos/rfm/rfm_2023020077158.pdf,2023-02-20,2026-08-20
FM171294,2017-11-30,9552,FONDO DE INVERSION ITAU CORPORATIVO LATAM,ITAU ADMINISTRADORA GENERAL DE FONDOS S.A.,No Vigente,,Fondo Inversión Rescatable,2017110205763,https://www.cmfchile.cl/documentos/rfm/rfm_2017110205763.pdf,2017-11-30,2026-08-20
FM171293,2017-11-30,9551,FONDO DE INVERSION ITAU CHILE CORPORATIVO,ITAU ADMINISTRADORA GENERAL DE FONDOS S.A.,No Vigente,,Fondo Inversión Rescatable,2018040061583,https://www.cmfchile.cl/documentos/rfm/rfm_2018040061583.pdf,2018-04-05,2026-08-20
FM171292,2017-11-30,9550,FONDO DE INVERSION ITAU ACCIONARIO GLOBAL,ITAU ADMINISTRADORA GENERAL DE FONDOS S.A.,No Vigente,,Fondo Inversión Rescatable,2018040061577,https://www.cmfchile.cl/documentos/rfm/rfm_2018040061577.pdf,2018-04-05,2026-08-20
FM171290,2017-11-29,9548,FONDO MUTUO BTG PACTUAL ESG ACCIONES CHILENAS,BTG PACTUAL CHILE S.A. ADMINISTRADORA GENERAL DE FONDOS,No Vigente,,Fondo Mutuo,2020110469525,https://www.cmfchile.cl/documentos/rfm/rfm_2020110469525.pdf,2020-11-12,2026-08-20
FM171291,2017-11-29,9549,FONDO DE INVERSIÓN NEVASA HMC RENTA FIJA LOCAL FLEX,HMC S.A. ADMINISTRADORA GENERAL DE FONDOS,No Vigente,,Fondo Inversión Rescatable,2017110205473,https://www.cmfchile.cl/documentos/rfm/rfm_2017110205473.pdf,2017-11-29,2026-08-20
FM171288,2017-11-24,9546,FONDO MUTUO ESTRUCTURADO DEUDA INTERNACIONAL NIVEL 100,BANCHILE ADMINISTRADORA GENERAL DE FONDOS S.A.,No Vigente,,Fondo Mutuo,2017110202735,https://www.cmfchile.cl/documentos/rfm/rfm_2017110202735.pdf,2017-11-24,2026-08-20
FM171289,2017-11-24,9547,FONDO MUTUO BOOSTER ACCIONES JAPÓN II,BANCHILE ADMINISTRADORA GENERAL DE FONDOS S.A.,No Vigente,,Fondo Mutuo,2017110202736,https://www.cmfchile.cl/documentos/rfm/rfm_2017110202736.pdf,2017-11-24,2026-08-20
FM171287,2017-11-21,9545,TAM DEUDA PRIVADA I FONDO DE INVERSION,TAURUS ADMINISTRADORA GENERAL DE FONDOS S.A.,No Vigente,,Fondo Inversión No Rescatable,2017110200286,https://www.cmfchile.cl/documentos/rfm/rfm_2017110200286.pdf,2017-11-21,2026-08-20
FM171285,2017-11-17,9543,FONDO DE INVERSION SANTANDER DEUDA CHILE,SANTANDER ASSET MANAGEMENT S.A. ADMINISTRADORA GENERAL DE FONDOS,No Vigente,,Fondo Inversión Rescatable,2018100182840,https://www.cmfchile.cl/documentos/rfm/rfm_2018100182840.pdf,2018-10-29,2026-08-20
FM171286,2017-11-17,9544,MONEDA CARLYLE ASIA PARTNERS V FONDO DE INVERSIÓN,MONEDA S.A. ADMINISTRADORA GENERAL DE FONDOS,Vigente,,Fondo Inversión No Rescatable,2022050194556,https://www.cmfchile.cl/documentos/rfm/rfm_2022050194556.pdf,2022-05-18,2026-08-20
FM171284,2017-11-17,9542,FONDO DE INVERSIÓN CREDICORP CAPITAL INMOBILIARIO – ACONCAGUA III,CREDICORP CAPITAL ASSET MANAGEMENT S.A. ADMINISTRADORA GENERAL DE FONDOS,Vigente,,Fondo Inversión No Rescatable,2019060101264,https://www.cmfchile.cl/documentos/rfm/rfm_2019060101264.pdf,2019-06-12,2026-08-20
FM171283,2017-11-16,9541,FONDO MUTUO BTG PACTUAL RENTA ARGENTINA,BTG PACTUAL CHILE S.A. ADMINISTRADORA GENERAL DE FONDOS,No Vigente,Liquidado,Fondo Mutuo,2018110188298,https://www.cmfchile.cl/documentos/rfm/rfm_2018110188298.pdf,2018-11-12,2026-08-20
FM171281,2017-11-16,9540,FONDO DE INVERSION SANTANDER RENTA VARIABLE GLOBAL,SANTANDER ASSET MANAGEMENT S.A. ADMINISTRADORA GENERAL DE FONDOS,No Vigente,,Fondo Inversión Rescatable,2022040136104,https://www.cmfchile.cl/documentos/rfm/rfm_2022040136104.pdf,2022-04-07,2026-08-20
FM171280,2017-11-16,9539,FONDO MUTUO ITAU AHORRO PLUS,ITAU ADMINISTRADORA GENERAL DE FONDOS S.A.,Vigente,,Fondo Mutuo,2025120910308,https://www.cmfchile.cl/documentos/rfm/rfm_2025120910308.pdf,2025-12-31,2026-08-20
FM171279,2017-11-15,9538,MONEDA-RENTA FIJA ARGENTINA FONDO DE INVERSIÓN,MONEDA S.A. ADMINISTRADORA GENERAL DE FONDOS,No Vigente,Liquidado,Fondo Inversión No Rescatable,2020040141778,https://www.cmfchile.cl/documentos/rfm/rfm_2020040141778.pdf,2020-04-28,2026-08-20
FM171278,2017-11-13,9537,FONDO MUTUO SANTANDER ACCIONES CHILENAS ESG,SANTANDER ASSET MANAGEMENT S.A. ADMINISTRADORA GENERAL DE FONDOS,No Vigente,,Fondo Mutuo,2025060417745,https://www.cmfchile.cl/documentos/rfm/rfm_2025060417745.pdf,2025-06-16,2026-08-20
FM171276,2017-11-13,9535,FONDO DE INVERSION CREDICORP CAPITAL ARGENTINA LIQUIDEZ,CREDICORP CAPITAL ASSET MANAGEMENT S.A. ADMINISTRADORA GENERAL DE FONDOS,No Vigente,,Fondo Inversión Rescatable,2020030054905,https://www.cmfchile.cl/documentos/rfm/rfm_2020030054905.pdf,2020-03-17,2026-08-20
FM171277,2017-11-13,9536,VOLCOMCAPITAL REAL ESTATE II FONDO DE INVERSIÓN,VOLCOMCAPITAL ADMINISTRADORA GENERAL DE FONDOS S.A.,Vigente,,Fondo Inversión No Rescatable,2019060100303,https://www.cmfchile.cl/documentos/rfm/rfm_2019060100303.pdf,2019-06-10,2026-08-20
FM171275,2017-11-10,9534,FONDO DE INVERSIÓN BANCHILE DEUDA ALTO RENDIMIENTO,BANCHILE ADMINISTRADORA GENERAL DE FONDOS S.A.,No Vigente,,Fondo Inversión Rescatable,2020070288606,https://www.cmfchile.cl/documentos/rfm/rfm_2020070288606.pdf,2020-07-07,2026-08-20
FM171274,2017-11-02,9533,FONDO MUTUO ETF ZURICH MSCI SMALL CAP CHILE,ZURICH CHILE ASSET MANAGEMENT ADMINISTRADORA GENERAL DE FONDOS S.A.,No Vigente,,Fondo Mutuo,2019100184382,https://www.cmfchile.cl/documentos/rfm/rfm_2019100184382.pdf,2019-10-15,2026-08-20
FM171273,2017-11-02,9532,FONDO MUTUO CREDICORP CAPITAL LATAM LOCAL CURRENCY DEBT,CREDICORP CAPITAL ASSET MANAGEMENT S.A. ADMINISTRADORA GENERAL DE FONDOS,No Vigente,,Fondo Mutuo,2017110191150,https://www.cmfchile.cl/documentos/rfm/rfm_2017110191150.pdf,2017-11-02,2026-08-20
FM171272,2017-10-31,9531,FONDO DE INVERSIÓN BCI NV,BCI ASSET MANAGEMENT ADMINISTRADORA  GENERAL DE FONDOS S.A.,Vigente,,Fondo Inversión No Rescatable,2025090657543,https://www.cmfchile.cl/documentos/rfm/rfm_2025090657543.pdf,2025-09-26,2026-08-20
FM171271,2017-10-24,9530,MBI DEUDA PRIVADA FONDO DE INVERSIÓN,MBI ADMINISTRADORA GENERAL DE FONDOS S.A.,Vigente,,Fondo Inversión No Rescatable,2024040191729,https://www.cmfchile.cl/documentos/rfm/rfm_2024040191729.pdf,2024-04-01,2026-08-20
FM171270,2017-10-16,9529,BICE MONARCH IV FONDO DE INVERSION,BICE INVERSIONES ADMINISTRADORA GENERAL DE FONDOS S.A.,Vigente,,Fondo Inversión No Rescatable,2019070111993,https://www.cmfchile.cl/documentos/rfm/rfm_2019070111993.pdf,2019-07-01,2026-08-20
FM171269,2017-10-11,9528,FONDO DE INVERSIÓN SURA RENTA INMOBILIARIA II,ADMINISTRADORA GENERAL DE FONDOS SURA S.A.,Vigente,,Fondo Inversión No Rescatable,2026060392303,https://www.cmfchile.cl/documentos/rfm/rfm_2026060392303.pdf,2026-06-11,2026-08-20
FM171268,2017-10-06,9527,BTG PACTUAL GLOBAL LEADERS FONDO DE INVERSIÓN,BTG PACTUAL CHILE S.A. ADMINISTRADORA GENERAL DE FONDOS,Vigente,,Fondo Inversión Rescatable,2026060425039,https://www.cmfchile.cl/documentos/rfm/rfm_2026060425039.pdf,2026-06-26,2026-08-20
FM171266,2017-10-05,9525,AMERIS FACTURAS FONDO DE INVERSIÓN,AMERIS CAPITAL ADMINISTRADORA GENERAL DE FONDOS S.A.,No Vigente,,Fondo Inversión No Rescatable,2017100178980,https://www.cmfchile.cl/documentos/rfm/rfm_2017100178980.pdf,2017-10-12,2026-08-20
FM171267,2017-10-05,9526,MONEDA CARLYLE PARTNERS VII FONDO DE INVERSIÓN,MONEDA S.A. ADMINISTRADORA GENERAL DE FONDOS,Vigente,,Fondo Inversión No Rescatable,2022050194557,https://www.cmfchile.cl/documentos/rfm/rfm_2022050194557.pdf,2022-05-18,2026-08-20
FM171265,2017-10-05,9524,COMPASS ARGENTINA FONDO DE INVERSION,VINCI COMPASS S.A. ADMINISTRADORA GENERAL DE FONDOS,No Vigente,,Fondo Inversión Rescatable,2018120214483,https://www.cmfchile.cl/documentos/rfm/rfm_2018120214483.pdf,2018-12-26,2026-08-20
FM171264,2017-10-03,9523,TOESCA CRÉDITOS CORTO PLAZO FONDO DE INVERSIÓN,TOESCA S.A.  ADMINISTRADORA GENERAL DE FONDOS,No Vigente,,Fondo Inversión No Rescatable,2018050097984,https://www.cmfchile.cl/documentos/rfm/rfm_2018050097984.pdf,2018-05-31,2026-08-20
FM171263,2017-09-29,9522,VINCI COMPASS LATIN AMERICA EQUITY FONDO DE INVERSIÓN,VINCI COMPASS S.A. ADMINISTRADORA GENERAL DE FONDOS,Vigente,,Fondo Inversión Rescatable,2025100743654,https://www.cmfchile.cl/documentos/rfm/rfm_2025100743654.pdf,2025-10-27,2026-08-20
FM171262,2017-09-29,9521,FONDO MUTUO SECOND BEST ACCIONES LATINOAMERICANAS – ASIA EMERGENTE,BANCHILE ADMINISTRADORA GENERAL DE FONDOS S.A.,No Vigente,,Fondo Mutuo,2017090172799,https://www.cmfchile.cl/documentos/rfm/rfm_2017090172799.pdf,2017-09-29,2026-08-20
FM171261,2017-09-28,9520,FONDO DE INVERSION DEUDA ARGENTINA,BANCHILE ADMINISTRADORA GENERAL DE FONDOS S.A.,No Vigente,,Fondo Inversión No Rescatable,2019060105164,https://www.cmfchile.cl/documentos/rfm/rfm_2019060105164.pdf,2019-06-19,2026-08-20
FM171260,2017-09-28,9519,FONDO MUTUO BOOSTER ACCIONES EMERGENTES II,BANCHILE ADMINISTRADORA GENERAL DE FONDOS S.A.,No Vigente,,Fondo Mutuo,2017090172192,https://www.cmfchile.cl/documentos/rfm/rfm_2017090172192.pdf,2017-09-28,2026-08-20
FM171259,2017-09-28,9518,FONDO MUTUO SECOND BEST ACCIONES LATINOAMERICAS – ASIA EMERGENTE,BANCHILE ADMINISTRADORA GENERAL DE FONDOS S.A.,No Vigente,,Fondo Mutuo,2017090172189,https://www.cmfchile.cl/documentos/rfm/rfm_2017090172189.pdf,2017-09-28,2026-08-20
FM171258,2017-09-21,9517,BICE INFRAESTRUCTURA FONDO DE INVERSION,BICE INVERSIONES ADMINISTRADORA GENERAL DE FONDOS S.A.,No Vigente,,Fondo Inversión No Rescatable,2017090167731,https://www.cmfchile.cl/documentos/rfm/rfm_2017090167731.pdf,2017-09-21,2026-08-20
FM171257,2017-09-13,9516,FRONTAL TRUST REAL ESTATE USA II FONDO DE INVERSIÓN,FRONTAL TRUST ADMINISTRADORA GENERAL DE FONDOS S.A.,No Vigente,Liquidado,Fondo Inversión No Rescatable,2024060314135,https://www.cmfchile.cl/documentos/rfm/rfm_2024060314135.pdf,2024-06-10,2026-08-20
FM171256,2017-09-13,9515,FRONTAL TRUST REAL ESTATE USA I FONDO DE INVERSIÓN,FRONTAL TRUST ADMINISTRADORA GENERAL DE FONDOS S.A.,No Vigente,,Fondo Inversión No Rescatable,2024060311494,https://www.cmfchile.cl/documentos/rfm/rfm_2024060311494.pdf,2024-06-07,2026-08-20
FM171255,2017-09-13,9514,FONDO DE INVERSIÓN ACTIVA FINANCIAMIENTO INMOBILIARIO I,LARRAIN VIAL ACTIVOS S.A. ADMINISTRADORA GENERAL DE FONDOS,Vigente,,Fondo Inversión No Rescatable,2024060309682,https://www.cmfchile.cl/documentos/rfm/rfm_2024060309682.pdf,2024-06-06,2026-08-20
FM171254,2017-09-08,9513,FRONTAL TRUST FUNDAMENTA DESARROLLO INMOBILIARIO XIII FONDO DE INVERSIÓN,FRONTAL TRUST ADMINISTRADORA GENERAL DE FONDOS S.A.,Vigente,,Fondo Inversión No Rescatable,2024050281266,https://www.cmfchile.cl/documentos/rfm/rfm_2024050281266.pdf,2024-05-22,2026-08-20
FM171253,2017-09-08,9512,FONDO DE INVERSIÓN ZURICH PROPERTY I,ZURICH CHILE ASSET MANAGEMENT ADMINISTRADORA GENERAL DE FONDOS S.A.,Vigente,,Fondo Inversión No Rescatable,2021060242324,https://www.cmfchile.cl/documentos/rfm/rfm_2021060242324.pdf,2021-06-18,2026-08-20
FM171252,2017-09-04,9511,FONDO MUTUO BCI CARTERA DINAMICA CHILE,BCI ASSET MANAGEMENT ADMINISTRADORA  GENERAL DE FONDOS S.A.,Vigente,,Fondo Mutuo,2023010047490,https://www.cmfchile.cl/documentos/rfm/rfm_2023010047490.pdf,2023-01-31,2026-08-20
FM171251,2017-09-01,9510,PICTON-SAVANNA IV FONDO DE INVERSION,PICTON ADMINISTRADORA GENERAL DE FONDOS S.A.,Vigente,,Fondo Inversión No Rescatable,2026040264362,https://www.cmfchile.cl/documentos/rfm/rfm_2026040264362.pdf,2026-04-16,2026-08-20
FM171249,2017-08-28,9508,FONDO DE INVERSIÓN HMC PEARL DIVER VII - EN LIQUIDACION,HMC S.A. ADMINISTRADORA GENERAL DE FONDOS,Vigente,,Fondo Inversión No Rescatable,2025100728363,https://www.cmfchile.cl/documentos/rfm/rfm_2025100728363.pdf,2025-10-20,2026-08-20
FM171248,2017-08-28,9507,FONDO MUTUO SANTANDER DEUDA LATAM INVESTMENT GRADE,SANTANDER ASSET MANAGEMENT S.A. ADMINISTRADORA GENERAL DE FONDOS,No Vigente,,Fondo Mutuo,2017080153259,https://www.cmfchile.cl/documentos/rfm/rfm_2017080153259.pdf,2017-08-28,2026-08-20
FM171250,2017-08-28,9509,FONDO DE INVERSIÓN FALCOM GTCR PRIVATE EQUITY XII,FALCOM ADMINISTRADORA GENERAL DE FONDOS S.A.,Vigente,,Fondo Inversión No Rescatable,2020060273791,https://www.cmfchile.cl/documentos/rfm/rfm_2020060273791.pdf,2020-06-30,2026-08-20
FM171247,2017-08-25,9506,AMERIS PRIVATE EQUITY NORDIC IX FONDO DE INVERSIÓN,AMERIS CAPITAL ADMINISTRADORA GENERAL DE FONDOS S.A.,Vigente,,Fondo Inversión No Rescatable,2021060254957,https://www.cmfchile.cl/documentos/rfm/rfm_2021060254957.pdf,2021-06-25,2026-08-20
FM171246,2017-08-23,9505,TOESCA SMALL CAP CHILE FONDO DE INVERSION,TOESCA S.A.  ADMINISTRADORA GENERAL DE FONDOS,Vigente,,Fondo Inversión No Rescatable,2026030206571,https://www.cmfchile.cl/documentos/rfm/rfm_2026030206571.pdf,2026-03-25,2026-08-20
FM171245,2017-08-21,9504,QUEST GLOBAL EQUITY FONDO DE INVERSIÓN,QUEST ADMINISTRADORA GENERAL DE FONDOS S.A.,No Vigente,,Fondo Inversión Rescatable,2021020051110,https://www.cmfchile.cl/documentos/rfm/rfm_2021020051110.pdf,2021-02-09,2026-08-20
FM171244,2017-08-21,9503,MBIQ GLOBAL DEBT FONDO DE INVERSIÓN,QUEST ADMINISTRADORA GENERAL DE FONDOS S.A.,Vigente,,Fondo Inversión Rescatable,2026080518200,https://www.cmfchile.cl/documentos/rfm/rfm_2026080518200.pdf,2026-08-07,2026-08-20
FM171243,2017-08-16,9502,CCLA DESARROLLO Y RENTAS II FONDO DE INVERSIÓN,VINCI COMPASS S.A. ADMINISTRADORA GENERAL DE FONDOS,Vigente,,Fondo Inversión No Rescatable,2026060421857,https://www.cmfchile.cl/documentos/rfm/rfm_2026060421857.pdf,2026-06-25,2026-08-20
FM171242,2017-08-14,9501,BTG PACTUAL FINANCIAMIENTO CON GARANTÍAS INMOBILIARIAS FONDO DE INVERSIÓN,BTG PACTUAL CHILE S.A. ADMINISTRADORA GENERAL DE FONDOS,Vigente,,Fondo Inversión No Rescatable,2022060248895,https://www.cmfchile.cl/documentos/rfm/rfm_2022060248895.pdf,2022-06-28,2026-08-20
FM171241,2017-08-11,9500,COMPASS PRIVATE DEBT PCLF FONDO DE INVERSIÓN,VINCI COMPASS S.A. ADMINISTRADORA GENERAL DE FONDOS,No Vigente,,Fondo Inversión No Rescatable,2017080141959,https://www.cmfchile.cl/documentos/rfm/rfm_2017080141959.pdf,2017-08-11,2026-08-20
FM171240,2017-08-09,9499,TOESCA EMERGING MARKETS EQUITIES FONDO DE INVERSION,TOESCA S.A.  ADMINISTRADORA GENERAL DE FONDOS,No Vigente,Liquidado,Fondo Inversión Rescatable,2018110192954,https://www.cmfchile.cl/documentos/rfm/rfm_2018110192954.pdf,2018-11-19,2026-08-20
FM171239,2017-08-09,9498,TOESCA GLOBAL EQUITIES FONDO DE INVERSIÓN,TOESCA S.A.  ADMINISTRADORA GENERAL DE FONDOS,No Vigente,Liquidado,Fondo Inversión Rescatable,2018110192957,https://www.cmfchile.cl/documentos/rfm/rfm_2018110192957.pdf,2018-11-19,2026-08-20
FM171238,2017-08-09,9497,TOESCA STRATEGIC INCOME FONDO DE INVERSION,TOESCA S.A.  ADMINISTRADORA GENERAL DE FONDOS,No Vigente,Liquidado,Fondo Inversión Rescatable,2018110192962,https://www.cmfchile.cl/documentos/rfm/rfm_2018110192962.pdf,2018-11-19,2026-08-20
FM171237,2017-08-09,9496,TOESCA GLOBAL YIELD FONDO DE INVERSION,TOESCA S.A.  ADMINISTRADORA GENERAL DE FONDOS,No Vigente,Liquidado,Fondo Inversión Rescatable,2018110192960,https://www.cmfchile.cl/documentos/rfm/rfm_2018110192960.pdf,2018-11-19,2026-08-20
FM171236,2017-08-09,9495,AMERIS DEUDA DIRECTA FONDO DE INVERSION,AMERIS CAPITAL ADMINISTRADORA GENERAL DE FONDOS S.A.,Vigente,,Fondo Inversión No Rescatable,2026060422790,https://www.cmfchile.cl/documentos/rfm/rfm_2026060422790.pdf,2026-06-25,2026-08-20
FM171235,2017-08-09,9494,FONDO DE INVERSIÓN SURA DEUDA GLOBAL,ADMINISTRADORA GENERAL DE FONDOS SURA S.A.,No Vigente,,Fondo Inversión Rescatable,2017080141232,https://www.cmfchile.cl/documentos/rfm/rfm_2017080141232.pdf,2017-08-09,2026-08-20
FM171234,2017-08-09,9493,FONDO DE INVERSION SURA ACCIONES EUROPEAS EN LIQUIDACION,ADMINISTRADORA GENERAL DE FONDOS SURA S.A.,No Vigente,Liquidado,Fondo Inversión Rescatable,2020060266560,https://www.cmfchile.cl/documentos/rfm/rfm_2020060266560.pdf,2020-06-22,2026-08-20
FM171233,2017-08-09,9492,FONDO DE INVERSIÓN SURA ACCIONES ESTADOS UNIDOS,ADMINISTRADORA GENERAL DE FONDOS SURA S.A.,No Vigente,,Fondo Inversión Rescatable,2020110476912,https://www.cmfchile.cl/documentos/rfm/rfm_2020110476912.pdf,2020-11-18,2026-08-20
FM171232,2017-08-09,9491,FONDO DE INVERSIÓN SURA ACCIONES EMERGENTES,ADMINISTRADORA GENERAL DE FONDOS SURA S.A.,No Vigente,,Fondo Inversión Rescatable,2021120505626,https://www.cmfchile.cl/documentos/rfm/rfm_2021120505626.pdf,2021-12-22,2026-08-20
FM171231,2017-08-07,9490,FONDO MUTUO SANTANDER DEUDA DÓLAR,SANTANDER ASSET MANAGEMENT S.A. ADMINISTRADORA GENERAL DE FONDOS,No Vigente,,Fondo Mutuo,2025060433431,https://www.cmfchile.cl/documentos/rfm/rfm_2025060433431.pdf,2025-06-24,2026-08-20
FM171230,2017-08-03,9489,FONDO MUTUO BANCHILE RENTA VARIABLE NACIONAL,BANCHILE ADMINISTRADORA GENERAL DE FONDOS S.A.,Vigente,,Fondo Mutuo,2025030162417,https://www.cmfchile.cl/documentos/rfm/rfm_2025030162417.pdf,2025-03-04,2026-08-20
FM171229,2017-07-31,9488,TOESCA RENTAS INMOBILIARIAS PT FONDO DE INVERSION,TOESCA S.A.  ADMINISTRADORA GENERAL DE FONDOS,Vigente,,Fondo Inversión No Rescatable,2020080360388,https://www.cmfchile.cl/documentos/rfm/rfm_2020080360388.pdf,2020-08-14,2026-08-20
FM171228,2017-07-27,9487,FONDO MUTUO BOOSTER ACCIONES EUROPA II,BANCHILE ADMINISTRADORA GENERAL DE FONDOS S.A.,No Vigente,,Fondo Mutuo,2017070132130,https://www.cmfchile.cl/documentos/rfm/rfm_2017070132130.pdf,2017-07-27,2026-08-20
FM171226,2017-07-25,9485,FONDO DE INVERSIÓN ACTIVA LEASING INMOBILIARIO I,LARRAIN VIAL ACTIVOS S.A. ADMINISTRADORA GENERAL DE FONDOS,No Vigente,,Fondo Inversión No Rescatable,2017070130685,https://www.cmfchile.cl/documentos/rfm/rfm_2017070130685.pdf,2017-07-25,2026-08-20
FM171227,2017-07-25,9486,FONDO MUTUO SANTANDER RENTA LARGO PLAZO 5 - 10 AÑOS,SANTANDER ASSET MANAGEMENT S.A. ADMINISTRADORA GENERAL DE FONDOS,No Vigente,,Fondo Mutuo,2017070130776,https://www.cmfchile.cl/documentos/rfm/rfm_2017070130776.pdf,2017-07-25,2026-08-20
FM171225,2017-07-14,9484,FONDO MUTUO ESTRUCTURADO BONOS UF PLUS II,BANCHILE ADMINISTRADORA GENERAL DE FONDOS S.A.,No Vigente,,Fondo Mutuo,2017070123502,https://www.cmfchile.cl/documentos/rfm/rfm_2017070123502.pdf,2017-07-14,2026-08-20
FM171224,2017-07-12,9483,VOLCOMCAPITAL DEUDA PRIVADA PERU FONDO DE INVERSION,VOLCOMCAPITAL ADMINISTRADORA GENERAL DE FONDOS S.A.,Vigente,,Fondo Inversión No Rescatable,2024030164737,https://www.cmfchile.cl/documentos/rfm/rfm_2024030164737.pdf,2024-03-15,2026-08-20
FM171223,2017-07-12,9482,COMPASS PRIVATE ALTERNATIVE PROGRAM FONDO DE INVERSION,VINCI COMPASS S.A. ADMINISTRADORA GENERAL DE FONDOS,No Vigente,,Fondo Inversión No Rescatable,2023060252173,https://www.cmfchile.cl/documentos/rfm/rfm_2023060252173.pdf,2023-06-14,2026-08-20
FM171222,2017-07-03,9481,FONDO DE INVERSION PENTA LAS AMÉRICAS INFRAESTRUCTURA CINCO,PENTA LAS AMERICAS ADMINISTRADORA GENERAL DE FONDOS S.A.,No Vigente,,Fondo Inversión No Rescatable,2017070115807,https://www.cmfchile.cl/documentos/rfm/rfm_2017070115807.pdf,2017-07-03,2026-08-20
FM171221,2017-07-03,9480,MBI RENDIMIENTO TOTAL FONDO DE INVERSIÓN,MBI ADMINISTRADORA GENERAL DE FONDOS S.A.,No Vigente,,Fondo Inversión Rescatable,2021100423783,https://www.cmfchile.cl/documentos/rfm/rfm_2021100423783.pdf,2021-10-20,2026-08-20
FM171220,2017-06-29,9479,VINCI COMPASS PRIVATE DEBT III  FONDO DE INVERSIÓN,VINCI COMPASS S.A. ADMINISTRADORA GENERAL DE FONDOS,Vigente,,Fondo Inversión No Rescatable,2026060400620,https://www.cmfchile.cl/documentos/rfm/rfm_2026060400620.pdf,2026-06-16,2026-08-20
FM171219,2017-06-29,9478,BICE DEUDA LATAM FONDO DE INVERSION,BICE INVERSIONES ADMINISTRADORA GENERAL DE FONDOS S.A.,No Vigente,,Fondo Inversión Rescatable,2024040237601,https://www.cmfchile.cl/documentos/rfm/rfm_2024040237601.pdf,2024-04-25,2026-08-20
FM171218,2017-06-29,9477,BICE RENTA VARIABLE INTERNACIONAL FONDO DE INVERSION,BICE INVERSIONES ADMINISTRADORA GENERAL DE FONDOS S.A.,No Vigente,,Fondo Inversión Rescatable,2021060239270,https://www.cmfchile.cl/documentos/rfm/rfm_2021060239270.pdf,2021-06-16,2026-08-20
FM171217,2017-06-28,9476,FONDO DE INVERSIÓN ZURICH RENTA FIJA CHILE INDEX FUND,ZURICH CHILE ASSET MANAGEMENT ADMINISTRADORA GENERAL DE FONDOS S.A.,Vigente,,Fondo Inversión Rescatable,2025050340756,https://www.cmfchile.cl/documentos/rfm/rfm_2025050340756.pdf,2025-05-09,2026-08-20
FM171216,2017-06-27,9475,EQUITAS CAPITAL III-ETAPAS TEMPRANAS FONDO DE INVERSIÓN,EQUITAS MANAGEMENT PARTNERS S.A.,No Vigente,,Fondo Inversión No Rescatable,2017060111903,https://www.cmfchile.cl/documentos/rfm/rfm_2017060111903.pdf,2017-06-27,2026-08-20
FM171215,2017-06-23,9474,FONDO MUTUO SURA MULTIACTIVO MODERADO,ADMINISTRADORA GENERAL DE FONDOS SURA S.A.,Vigente,,Fondo Mutuo,2026010023715,https://www.cmfchile.cl/documentos/rfm/rfm_2026010023715.pdf,2026-01-12,2026-08-20
FM171214,2017-06-23,9473,FONDO MUTUO SURA MULTIACTIVO AGRESIVO,ADMINISTRADORA GENERAL DE FONDOS SURA S.A.,Vigente,,Fondo Mutuo,2026010025486,https://www.cmfchile.cl/documentos/rfm/rfm_2026010025486.pdf,2026-01-12,2026-08-20
FM171213,2017-06-23,9472,AMERIS DEUDA INMOBILIARIA VI FONDO DE INVERSIÓN,AMERIS CAPITAL ADMINISTRADORA GENERAL DE FONDOS S.A.,Vigente,,Fondo Inversión No Rescatable,2026060363878,https://www.cmfchile.cl/documentos/rfm/rfm_2026060363878.pdf,2026-06-01,2026-08-20
FM171210,2017-06-22,9469,FONDO DE INVERSIÓN LARRAINVIAL DEUDA PRIVADA,LARRAINVIAL ASSET MANAGEMENT ADMINISTRADORA GENERAL DE FONDOS S.A.,Vigente,,Fondo Inversión No Rescatable,2026070481966,https://www.cmfchile.cl/documentos/rfm/rfm_2026070481966.pdf,2026-07-23,2026-08-20
FM171211,2017-06-22,9470,FONDO DE INVERSIÓN BANCHILE ESTRATEGIAS ALTERNATIVAS,BANCHILE ADMINISTRADORA GENERAL DE FONDOS S.A.,No Vigente,,Fondo Inversión Rescatable,2020050174481,https://www.cmfchile.cl/documentos/rfm/rfm_2020050174481.pdf,2020-05-26,2026-08-20
FM171212,2017-06-22,9471,FONDO DE INVERSIÓN BANCHILE EMERGING EQUITY,BANCHILE ADMINISTRADORA GENERAL DE FONDOS S.A.,No Vigente,,Fondo Inversión Rescatable,2024010062657,https://www.cmfchile.cl/documentos/rfm/rfm_2024010062657.pdf,2024-01-26,2026-08-20
FM171209,2017-06-16,9468,FONDO DE INVERSION CREDICORP CAPITAL PLAZA EGAÑA,CREDICORP CAPITAL ASSET MANAGEMENT S.A. ADMINISTRADORA GENERAL DE FONDOS,No Vigente,,Fondo Inversión No Rescatable,2022050181441,https://www.cmfchile.cl/documentos/rfm/rfm_2022050181441.pdf,2022-05-09,2026-08-20
FM171208,2017-06-15,9467,MONEDA CARLYLE-ALPINVEST III FONDO DE INVERSION,MONEDA S.A. ADMINISTRADORA GENERAL DE FONDOS,No Vigente,,Fondo Inversión No Rescatable,2017060105419,https://www.cmfchile.cl/documentos/rfm/rfm_2017060105419.pdf,2017-06-15,2026-08-20
FM171206,2017-06-13,9465,FONDO DE INVERSION LAB DEUDA INMOBILIARIA II,LAB CAPITAL ADMINISTRADORA GENERAL DE FONDOS S.A.,Vigente,,Fondo Inversión No Rescatable,2025120906086,https://www.cmfchile.cl/documentos/rfm/rfm_2025120906086.pdf,2025-12-29,2026-08-20
FM171207,2017-06-13,9466,VOLCOMCAPITAL EUROPE EQUITY FONDO DE INVERSIÓN,VOLCOMCAPITAL ADMINISTRADORA GENERAL DE FONDOS S.A.,No Vigente,Liquidado,Fondo Inversión No Rescatable,2019050089712,https://www.cmfchile.cl/documentos/rfm/rfm_2019050089712.pdf,2019-05-23,2026-08-20
FM171205,2017-06-12,9464,FONDO DE INVERSION CREDICORP CAPITAL ALLIANZ GLOBAL EQUITIES,CREDICORP CAPITAL ASSET MANAGEMENT S.A. ADMINISTRADORA GENERAL DE FONDOS,No Vigente,,Fondo Inversión Rescatable,2017060102780,https://www.cmfchile.cl/documentos/rfm/rfm_2017060102780.pdf,2017-06-12,2026-08-20
FM171204,2017-06-08,9463,FONDO DE INVERSIÓN WEG – 2,LAB CAPITAL ADMINISTRADORA GENERAL DE FONDOS S.A.,No Vigente,,Fondo Inversión No Rescatable,2017060100733,https://www.cmfchile.cl/documentos/rfm/rfm_2017060100733.pdf,2017-06-08,2026-08-20
FM171203,2017-06-08,9462,MONEDA-CARLYLE VII FONDO DE INVERSION,MONEDA S.A. ADMINISTRADORA GENERAL DE FONDOS,Vigente,,Fondo Inversión No Rescatable,2023090380596,https://www.cmfchile.cl/documentos/rfm/rfm_2023090380596.pdf,2023-09-04,2026-08-20
FM171202,2017-06-07,9461,AMERIS NM GUARDIAN II FONDO DE INVERSIÓN,AMERIS CAPITAL ADMINISTRADORA GENERAL DE FONDOS S.A.,Vigente,,Fondo Inversión No Rescatable,2024120709725,https://www.cmfchile.cl/documentos/rfm/rfm_2024120709725.pdf,2024-12-26,2026-08-20
FM171201,2017-06-06,9460,FONDO DE INVERSIÓN ZURICH EQUITIES ARGENTINA,ZURICH CHILE ASSET MANAGEMENT ADMINISTRADORA GENERAL DE FONDOS S.A.,No Vigente,,Fondo Inversión Rescatable,2019100185448,https://www.cmfchile.cl/documentos/rfm/rfm_2019100185448.pdf,2019-10-17,2026-08-20
FM171200,2017-06-05,9459,FONDO DE INVERSION VISION RENTA RESIDENCIAL,FINASSET ADMINISTRADORA GENERAL DE FONDOS S.A.,No Vigente,,Fondo Inversión No Rescatable,2017060098562,https://www.cmfchile.cl/documentos/rfm/rfm_2017060098562.pdf,2017-06-05,2026-08-20
FM171199,2017-06-05,9458,FONDO DE INVERSIÓN DRAKE REAL ESTATE PARTNERS FUND III,LARRAIN VIAL ACTIVOS S.A. ADMINISTRADORA GENERAL DE FONDOS,Vigente,,Fondo Inversión No Rescatable,2025080546204,https://www.cmfchile.cl/documentos/rfm/rfm_2025080546204.pdf,2025-08-05,2026-08-20
FM171198,2017-06-02,9457,FONDO MUTUO BCI ESTRUCTURADO 120 II,BCI ASSET MANAGEMENT ADMINISTRADORA  GENERAL DE FONDOS S.A.,No Vigente,Liquidado,Fondo Mutuo,2017060097676,https://www.cmfchile.cl/documentos/rfm/rfm_2017060097676.pdf,2017-06-02,2026-08-20
FM171197,2017-05-23,9456,FONDO MUTUO BCI PB US HIGH YIELD,BCI ASSET MANAGEMENT ADMINISTRADORA  GENERAL DE FONDOS S.A.,No Vigente,,Fondo Mutuo,2017080148947,https://www.cmfchile.cl/documentos/rfm/rfm_2017080148947.pdf,2017-08-22,2026-08-20
FM171196,2017-05-16,9455,MBI ACCIONES NACIONALES FONDO DE INVERSIÓN,MBI ADMINISTRADORA GENERAL DE FONDOS S.A.,No Vigente,,Fondo Inversión Rescatable,2017060112989,https://www.cmfchile.cl/documentos/rfm/rfm_2017060112989.pdf,2017-06-28,2026-08-20
FM171195,2017-05-15,9454,XLC RENTA FIJA ALTERNATIVA FONDO DE INVERSIÓN,XLC ADMINISTRADORA GENERAL DE FONDOS S.A.,No Vigente,,Fondo Inversión Rescatable,2017050087493,https://www.cmfchile.cl/documentos/rfm/rfm_2017050087493.pdf,2017-05-15,2026-08-20
FM171194,2017-05-15,9453,XLC DEUDA PRIVADA FONDO DE INVERSIÓN,XLC ADMINISTRADORA GENERAL DE FONDOS S.A.,No Vigente,Liquidado,Fondo Inversión No Rescatable,2021050200936,https://www.cmfchile.cl/documentos/rfm/rfm_2021050200936.pdf,2021-05-24,2026-08-20
FM171193,2017-05-10,9452,TOESCA RENTAS INMOBILIARIAS FONDO DE INVERSION,TOESCA S.A.  ADMINISTRADORA GENERAL DE FONDOS,Vigente,,Fondo Inversión No Rescatable,2024110569939,https://www.cmfchile.cl/documentos/rfm/rfm_2024110569939.pdf,2024-11-05,2026-08-20
FM171192,2017-05-10,9451,FONDO DE INVERSION PRINCIPAL DEUDA LOCAL,PRINCIPAL ASSET MANAGEMENT ADMINISTRADORA GENERAL DE FONDOS S.A.,No Vigente,,Fondo Inversión Rescatable,2017050084426,https://www.cmfchile.cl/documentos/rfm/rfm_2017050084426.pdf,2017-05-10,2026-08-20
FM171191,2017-05-04,9450,FONDO MUTUO PRINCIPAL SELECCIÓN INMOBILIARIA,PRINCIPAL ASSET MANAGEMENT ADMINISTRADORA GENERAL DE FONDOS S.A.,No Vigente,,Fondo Mutuo,2022030126739,https://www.cmfchile.cl/documentos/rfm/rfm_2022030126739.pdf,2022-03-31,2026-08-20
FM171190,2017-05-02,9449,FONDO MUTUO BTG PACTUAL RENTA LATINOAMERICANA INVESTMENT GRADE,BTG PACTUAL CHILE S.A. ADMINISTRADORA GENERAL DE FONDOS,No Vigente,Liquidado,Fondo Mutuo,2024080455564,https://www.cmfchile.cl/documentos/rfm/rfm_2024080455564.pdf,2024-08-29,2026-08-20
FM171189,2017-04-27,9448,FONDO DE INVERSION LARRAIN VIAL APOLLO IX,LARRAIN VIAL ACTIVOS S.A. ADMINISTRADORA GENERAL DE FONDOS,Vigente,,Fondo Inversión No Rescatable,2024050254409,https://www.cmfchile.cl/documentos/rfm/rfm_2024050254409.pdf,2024-05-06,2026-08-20
FM171188,2017-04-26,9447,FONDO MUTUO BOOSTER ACCIONES EMERGENTE,BANCHILE ADMINISTRADORA GENERAL DE FONDOS S.A.,No Vigente,,Fondo Mutuo,2017040075081,https://www.cmfchile.cl/documentos/rfm/rfm_2017040075081.pdf,2017-04-26,2026-08-20
FM171187,2017-04-18,9446,FONDO DE INVERSIÓN LARRAÍN VIAL LANDMARK REAL ESTATE VIII,LARRAIN VIAL ACTIVOS S.A. ADMINISTRADORA GENERAL DE FONDOS,Vigente,,Fondo Inversión No Rescatable,2024050297906,https://www.cmfchile.cl/documentos/rfm/rfm_2024050297906.pdf,2024-05-30,2026-08-20
FM171186,2017-04-17,9445,FONDO MUTUO BCI RETORNO DÓLAR IG,BCI ASSET MANAGEMENT ADMINISTRADORA  GENERAL DE FONDOS S.A.,Vigente,,Fondo Mutuo,2025040324247,https://www.cmfchile.cl/documentos/rfm/rfm_2025040324247.pdf,2025-04-30,2026-08-20
FM171185,2017-04-06,9444,FONDO DE INVERSION SURA DEUDA CHILE LARGO PLAZO,ADMINISTRADORA GENERAL DE FONDOS SURA S.A.,No Vigente,,Fondo Inversión Rescatable,2021120505617,https://www.cmfchile.cl/documentos/rfm/rfm_2021120505617.pdf,2021-12-22,2026-08-20
FM171184,2017-04-06,9443,FONDO DE INVERSIÓN LARRAINVIAL ESTADOS UNIDOS,LARRAINVIAL ASSET MANAGEMENT ADMINISTRADORA GENERAL DE FONDOS S.A.,No Vigente,,Fondo Inversión Rescatable,2021070302802,https://www.cmfchile.cl/documentos/rfm/rfm_2021070302802.pdf,2021-07-26,2026-08-20
FM171183,2017-04-04,9442,FONDO DE INVERSION CREDICORP CAPITAL - PG RE SECONDARIES I,CREDICORP CAPITAL ASSET MANAGEMENT S.A. ADMINISTRADORA GENERAL DE FONDOS,Vigente,,Fondo Inversión No Rescatable,2020080371275,https://www.cmfchile.cl/documentos/rfm/rfm_2020080371275.pdf,2020-08-24,2026-08-20
FM171182,2017-04-03,9441,VOLCOMCAPITAL PRIVATE EQUITY IV FONDO DE INVERSION,VOLCOMCAPITAL ADMINISTRADORA GENERAL DE FONDOS S.A.,Vigente,,Fondo Inversión No Rescatable,2024120668184,https://www.cmfchile.cl/documentos/rfm/rfm_2024120668184.pdf,2024-12-03,2026-08-20
FM171181,2017-03-29,9440,FONDO MUTUO BCI ESTRUCTURADO 120,BCI ASSET MANAGEMENT ADMINISTRADORA  GENERAL DE FONDOS S.A.,No Vigente,Liquidado,Fondo Mutuo,2017030055083,https://www.cmfchile.cl/documentos/rfm/rfm_2017030055083.pdf,2017-03-29,2026-08-20
FM171180,2017-03-29,9439,FONDO DE INVERSIÓN SARTOR EMERGING MARKETS DEBT,SARTOR ADMINISTRADORA GENERAL DE FONDOS S.A.,No Vigente,,Fondo Inversión Rescatable,2017030054926,https://www.cmfchile.cl/documentos/rfm/rfm_2017030054926.pdf,2017-03-29,2026-08-20
FM171179,2017-03-23,9438,FONDO DE INVERSION CREDICORP CAPITAL - SLP,CREDICORP CAPITAL ASSET MANAGEMENT S.A. ADMINISTRADORA GENERAL DE FONDOS,Vigente,,Fondo Inversión No Rescatable,2020080371278,https://www.cmfchile.cl/documentos/rfm/rfm_2020080371278.pdf,2020-08-24,2026-08-20
FM171178,2017-03-21,9437,COMPASS FYNSA DEUDA PLUS FONDO DE INVERSIÓN,VINCI COMPASS S.A. ADMINISTRADORA GENERAL DE FONDOS,No Vigente,,Fondo Inversión Rescatable,2017030049462,https://www.cmfchile.cl/documentos/rfm/rfm_2017030049462.pdf,2017-03-21,2026-08-20
FM171177,2017-03-21,9436,FONDO DE INVERSION BCI PSP IV,BCI ASSET MANAGEMENT ADMINISTRADORA  GENERAL DE FONDOS S.A.,No Vigente,,Fondo Inversión No Rescatable,2017030049336,https://www.cmfchile.cl/documentos/rfm/rfm_2017030049336.pdf,2017-03-21,2026-08-20
FM171176,2017-03-21,9435,VINCI COMPASS PRIVATE EQUITY XVIII FONDO DE INVERSIÓN,VINCI COMPASS S.A. ADMINISTRADORA GENERAL DE FONDOS,Vigente,,Fondo Inversión No Rescatable,2026060407589,https://www.cmfchile.cl/documentos/rfm/rfm_2026060407589.pdf,2026-06-18,2026-08-20
FM171175,2017-03-14,9434,TAURUS UBP PRIVATE DEBT FONDO DE INVERSION,TAURUS ADMINISTRADORA GENERAL DE FONDOS S.A.,No Vigente,Liquidado,Fondo Inversión No Rescatable,2022060244146,https://www.cmfchile.cl/documentos/rfm/rfm_2022060244146.pdf,2022-06-23,2026-08-20
FM171174,2017-03-09,9433,FONDO DE INVERSIÓN NEORENTAS NORTH COLONY DOS,NEORENTAS S.A. ADMINISTRADORA GENERAL DE FONDOS,Vigente,,Fondo Inversión No Rescatable,2023020072332,https://www.cmfchile.cl/documentos/rfm/rfm_2023020072332.pdf,2023-02-16,2026-08-20
FM171167,2017-03-02,9426,FONDO MUTUO ZURICH VALOR,ZURICH CHILE ASSET MANAGEMENT ADMINISTRADORA GENERAL DE FONDOS S.A.,No Vigente,,Fondo Mutuo,2018100179549,https://www.cmfchile.cl/documentos/rfm/rfm_2018100179549.pdf,2018-10-25,2026-08-20
FM171168,2017-03-02,9427,TOESCA INFRAESTRUCTURA FONDO DE INVERSION,TOESCA S.A.  ADMINISTRADORA GENERAL DE FONDOS,Vigente,,Fondo Inversión No Rescatable,2026020121010,https://www.cmfchile.cl/documentos/rfm/rfm_2026020121010.pdf,2026-02-18,2026-08-20
FM171169,2017-03-02,9428,FONDO MUTUO CONSORCIO DINÁMICO AGRESIVO,LARRAINVIAL ASSET MANAGEMENT ADMINISTRADORA GENERAL DE FONDOS S.A.,Vigente,,Fondo Mutuo,2023030102712,https://www.cmfchile.cl/documentos/rfm/rfm_2023030102712.pdf,2023-03-10,2026-08-20
FM171171,2017-03-02,9430,FONDO MUTUO CONSORCIO DINÁMICO CONSERVADOR,LARRAINVIAL ASSET MANAGEMENT ADMINISTRADORA GENERAL DE FONDOS S.A.,Vigente,,Fondo Mutuo,2025050335925,https://www.cmfchile.cl/documentos/rfm/rfm_2025050335925.pdf,2025-05-07,2026-08-20
FM171172,2017-03-02,9431,FONDO MUTUO CONSORCIO DINÁMICO CRECIMIENTO,LARRAINVIAL ASSET MANAGEMENT ADMINISTRADORA GENERAL DE FONDOS S.A.,Vigente,,Fondo Mutuo,2023030103519,https://www.cmfchile.cl/documentos/rfm/rfm_2023030103519.pdf,2023-03-10,2026-08-20
FM171170,2017-03-02,9429,FONDO MUTUO CONSORCIO DINÁMICO BALANCEADO,LARRAINVIAL ASSET MANAGEMENT ADMINISTRADORA GENERAL DE FONDOS S.A.,Vigente,,Fondo Mutuo,2025050335940,https://www.cmfchile.cl/documentos/rfm/rfm_2025050335940.pdf,2025-05-07,2026-08-20
FM171173,2017-03-02,9432,FONDO MUTUO CONSORCIO DINÁMICO MODERADO,LARRAINVIAL ASSET MANAGEMENT ADMINISTRADORA GENERAL DE FONDOS S.A.,Vigente,,Fondo Mutuo,2023030103539,https://www.cmfchile.cl/documentos/rfm/rfm_2023030103539.pdf,2023-03-10,2026-08-20
FM171166,2017-02-21,9425,FONDO DE INVERSIÓN SURA AM DESARROLLO INMOBILIARIO PROYECTOS CHILE,ADMINISTRADORA GENERAL DE FONDOS SURA S.A.,Vigente,,Fondo Inversión No Rescatable,2026020078344,https://www.cmfchile.cl/documentos/rfm/rfm_2026020078344.pdf,2026-02-02,2026-08-20
FM171165,2017-02-17,9424,PICTON-KKR ASIA III FONDO DE INVERSION,PICTON ADMINISTRADORA GENERAL DE FONDOS S.A.,Vigente,,Fondo Inversión No Rescatable,2025060404885,https://www.cmfchile.cl/documentos/rfm/rfm_2025060404885.pdf,2025-06-10,2026-08-20
FM171164,2017-02-15,9423,FONDO DE INVERSIÓN FALCOM PORTFOLIO ADVISORS PRIVATE DEBT II,FALCOM ADMINISTRADORA GENERAL DE FONDOS S.A.,Vigente,,Fondo Inversión No Rescatable,2020060273789,https://www.cmfchile.cl/documentos/rfm/rfm_2020060273789.pdf,2020-06-30,2026-08-20
FM171162,2017-02-13,9421,FONDO MUTUO TOESCA MONEY MARKET,TOESCA S.A.  ADMINISTRADORA GENERAL DE FONDOS,No Vigente,Liquidado,Fondo Mutuo,2018110192949,https://www.cmfchile.cl/documentos/rfm/rfm_2018110192949.pdf,2018-11-19,2026-08-20
FM171163,2017-02-13,9422,FONDO MUTUO TOESCA RENTA ACTIVA,TOESCA S.A.  ADMINISTRADORA GENERAL DE FONDOS,No Vigente,Liquidado,Fondo Mutuo,2018110192951,https://www.cmfchile.cl/documentos/rfm/rfm_2018110192951.pdf,2018-11-19,2026-08-20
FM171161,2017-01-23,9420,FONDO DE INVERSIÓN FALCOM SMALL AND MID CAP CHILE,FALCOM ADMINISTRADORA GENERAL DE FONDOS S.A.,Vigente,,Fondo Inversión Rescatable,2025040302893,https://www.cmfchile.cl/documentos/rfm/rfm_2025040302893.pdf,2025-04-22,2026-08-20
FM171160,2017-01-19,9419,FONDO DE INVERSION CAPITAL ADVISORS REAL ESTATE HOTELS US I,CAPITAL ADVISORS ADMINISTRADORA GENERAL DE FONDOS S.A.,No Vigente,,Fondo Inversión No Rescatable,2017010012620,https://www.cmfchile.cl/documentos/rfm/rfm_2017010012620.pdf,2017-01-19,2026-08-20
FM171159,2017-01-16,9418,VOLCOMCAPITAL INFRAESTRUCTURA I FONDO DE INVERSION,VOLCOMCAPITAL ADMINISTRADORA GENERAL DE FONDOS S.A.,Vigente,,Fondo Inversión No Rescatable,2019050089708,https://www.cmfchile.cl/documentos/rfm/rfm_2019050089708.pdf,2019-05-23,2026-08-20
FM171158,2017-01-10,9417,FONDO DE INVERSION ALTAMAR SECONDARIES IX,LARRAIN VIAL ACTIVOS S.A. ADMINISTRADORA GENERAL DE FONDOS,Vigente,,Fondo Inversión No Rescatable,2026070453594,https://www.cmfchile.cl/documentos/rfm/rfm_2026070453594.pdf,2026-07-09,2026-08-20
FM171157,2017-01-04,9416,VINCI COMPASS PRIVATE EQUITY XVII FONDO DE INVERSIÓN,VINCI COMPASS S.A. ADMINISTRADORA GENERAL DE FONDOS,Vigente,,Fondo Inversión No Rescatable,2026060414315,https://www.cmfchile.cl/documentos/rfm/rfm_2026060414315.pdf,2026-06-22,2026-08-20
FM161156,2016-12-26,9415,FONDO DE INVERSION SECURITY HORIZONTE I,ADMINISTRADORA GENERAL DE FONDOS  SECURITY S.A.,No Vigente,,Fondo Inversión No Rescatable,2016120198615,https://www.cmfchile.cl/documentos/rfm/rfm_2016120198615.pdf,2016-12-26,2026-08-20
FM161155,2016-12-26,9414,FONDO MUTUO TOESCA CHILE EQUITIES,TOESCA S.A.  ADMINISTRADORA GENERAL DE FONDOS,Vigente,,Fondo Mutuo,2026080515920,https://www.cmfchile.cl/documentos/rfm/rfm_2026080515920.pdf,2026-08-06,2026-08-20
FM161154,2016-12-20,9413,AMERIS DESARROLLO INMOBILIARIO PERÚ FONDO DE INVERSIÓN,AMERIS CAPITAL ADMINISTRADORA GENERAL DE FONDOS S.A.,Vigente,,Fondo Inversión No Rescatable,2018060103960,https://www.cmfchile.cl/documentos/rfm/rfm_2018060103960.pdf,2018-06-13,2026-08-20
FM161153,2016-12-19,9412,FONDO MUTUO BCI DE NEGOCIOS DOLAR,BCI ASSET MANAGEMENT ADMINISTRADORA  GENERAL DE FONDOS S.A.,No Vigente,,Fondo Mutuo,2016120193498,https://www.cmfchile.cl/documentos/rfm/rfm_2016120193498.pdf,2016-12-19,2026-08-20
FM161152,2016-12-16,9411,XLC CERBERUS FUND VI UNF FONDO DE INVERSIÓN,XLC ADMINISTRADORA GENERAL DE FONDOS S.A.,No Vigente,,Fondo Inversión No Rescatable,2016120192616,https://www.cmfchile.cl/documentos/rfm/rfm_2016120192616.pdf,2016-12-16,2026-08-20
FM161151,2016-12-14,9410,PRIVATE EQUITY II FONDO DE INVERSIÓN,AMERIS CAPITAL ADMINISTRADORA GENERAL DE FONDOS S.A.,Vigente,,Fondo Inversión No Rescatable,2022080320854,https://www.cmfchile.cl/documentos/rfm/rfm_2022080320854.pdf,2022-08-17,2026-08-20
FM161150,2016-12-14,9409,PRIVATE EQUITY I FONDO DE INVERSIÓN,AMERIS CAPITAL ADMINISTRADORA GENERAL DE FONDOS S.A.,Vigente,,Fondo Inversión No Rescatable,2024120718059,https://www.cmfchile.cl/documentos/rfm/rfm_2024120718059.pdf,2024-12-30,2026-08-20
FM161149,2016-12-12,9408,ASSET ATLAS RENEWABLE ENERGY FONDO DE INVERSIÓN,ASSET ADMINISTRADORA GENERAL DE FONDOS S.A.,No Vigente,Liquidado,Fondo Inversión No Rescatable,2021070271221,https://www.cmfchile.cl/documentos/rfm/rfm_2021070271221.pdf,2021-07-07,2026-08-20
FM161148,2016-12-07,9407,VOLCOMCAPITAL REAL ESTATE I FONDO DE INVERSIÓN,VOLCOMCAPITAL ADMINISTRADORA GENERAL DE FONDOS S.A.,Vigente,,Fondo Inversión No Rescatable,2019050093972,https://www.cmfchile.cl/documentos/rfm/rfm_2019050093972.pdf,2019-05-30,2026-08-20
FM161147,2016-12-07,9406,FRONTAL TRUST SURMONTE II FONDO DE INVERSIÓN,FRONTAL TRUST ADMINISTRADORA GENERAL DE FONDOS S.A.,No Vigente,Liquidado,Fondo Inversión No Rescatable,2017040074714,https://www.cmfchile.cl/documentos/rfm/rfm_2017040074714.pdf,2017-04-26,2026-08-20
FM161146,2016-12-05,9405,FONDO MUTUO SANTANDER DEUDA CHILE ESG,SANTANDER ASSET MANAGEMENT S.A. ADMINISTRADORA GENERAL DE FONDOS,No Vigente,,Fondo Mutuo,2024090470715,https://www.cmfchile.cl/documentos/rfm/rfm_2024090470715.pdf,2024-09-05,2026-08-20
FM161145,2016-12-02,9404,FONDO DE INVERSIÓN HMC INMOBILIARIO PERÚ II,HMC S.A. ADMINISTRADORA GENERAL DE FONDOS,Vigente,,Fondo Inversión No Rescatable,2023120522969,https://www.cmfchile.cl/documentos/rfm/rfm_2023120522969.pdf,2023-12-01,2026-08-20
FM161144,2016-12-01,9403,FONDO DE INVERSIÓN ZURICH DESCUENTO,ZURICH CHILE ASSET MANAGEMENT ADMINISTRADORA GENERAL DE FONDOS S.A.,Vigente,,Fondo Inversión Rescatable,2025050340713,https://www.cmfchile.cl/documentos/rfm/rfm_2025050340713.pdf,2025-05-09,2026-08-20
FM161143,2016-12-01,9402,FONDO DE INVERSION NEVASA VISION,HMC S.A. ADMINISTRADORA GENERAL DE FONDOS,Vigente,,Fondo Inversión Rescatable,2023090390059,https://www.cmfchile.cl/documentos/rfm/rfm_2023090390059.pdf,2023-09-11,2026-08-20
FM161142,2016-11-25,9401,AMERIS MULTIFAMILY II FONDO DE INVERSIÓN,AMERIS CAPITAL ADMINISTRADORA GENERAL DE FONDOS S.A.,No Vigente,Liquidado,Fondo Inversión No Rescatable,2017090171478,https://www.cmfchile.cl/documentos/rfm/rfm_2017090171478.pdf,2017-09-27,2026-08-20
FM161141,2016-11-24,9400,FONDO MUTUO ESTRUCTURADO BONOS UF PLUS I,BANCHILE ADMINISTRADORA GENERAL DE FONDOS S.A.,No Vigente,,Fondo Mutuo,2016110179863,https://www.cmfchile.cl/documentos/rfm/rfm_2016110179863.pdf,2016-11-24,2026-08-20
FM161140,2016-11-17,9399,FONDO MUTUO BCI ESTRUCTURADO 108 IV,BCI ASSET MANAGEMENT ADMINISTRADORA  GENERAL DE FONDOS S.A.,No Vigente,,Fondo Mutuo,2016110175088,https://www.cmfchile.cl/documentos/rfm/rfm_2016110175088.pdf,2016-11-17,2026-08-20
FM161139,2016-11-15,9398,FONDO DE INVERSIÓN LARRAINVIAL SERENDIP,LARRAINVIAL ASSET MANAGEMENT ADMINISTRADORA GENERAL DE FONDOS S.A.,No Vigente,Liquidado,Fondo Inversión No Rescatable,2018070114980,https://www.cmfchile.cl/documentos/rfm/rfm_2018070114980.pdf,2018-07-03,2026-08-20
FM161138,2016-11-11,9397,FONDO MUTUO RENTA MENSUAL II BANCOESTADO,BANCOESTADO S.A. ADMINISTRADORA  GENERAL DE FONDOS,No Vigente,,Fondo Mutuo,2016110170777,https://www.cmfchile.cl/documentos/rfm/rfm_2016110170777.pdf,2016-11-11,2026-08-20
FM161137,2016-11-09,9396,FONDO INVERSION RETORNO PREFERENTE FUNDAMENTA PLAZA EGANA,FRONTAL TRUST ADMINISTRADORA GENERAL DE FONDOS S.A.,Vigente,,Fondo Inversión No Rescatable,2024050283642,https://www.cmfchile.cl/documentos/rfm/rfm_2024050283642.pdf,2024-05-23,2026-08-20
FM161136,2016-11-07,9395,COMPASS DVA ALL CAP CHILE FONDO DE INVERSIÓN,VINCI COMPASS S.A. ADMINISTRADORA GENERAL DE FONDOS,No Vigente,,Fondo Inversión Rescatable,2024050262064,https://www.cmfchile.cl/documentos/rfm/rfm_2024050262064.pdf,2024-05-08,2026-08-20
FM161135,2016-10-28,9394,PICTON-APOLLO EPF III FONDO DE INVERSION,PICTON ADMINISTRADORA GENERAL DE FONDOS S.A.,Vigente,,Fondo Inversión No Rescatable,2025060405112,https://www.cmfchile.cl/documentos/rfm/rfm_2025060405112.pdf,2025-06-10,2026-08-20
FM161134,2016-10-17,9393,FONDO DE INVERSIÓN SARTOR ACCIONES GLOBALES,SARTOR ADMINISTRADORA GENERAL DE FONDOS S.A.,No Vigente,,Fondo Inversión Rescatable,2018030054541,https://www.cmfchile.cl/documentos/rfm/rfm_2018030054541.pdf,2018-03-27,2026-08-20
FM161133,2016-10-17,9392,FONDO DE INVERSIÓN SARTOR LEASING,SARTOR ADMINISTRADORA GENERAL DE FONDOS S.A.,Vigente,,Fondo Inversión Rescatable,2023020077160,https://www.cmfchile.cl/documentos/rfm/rfm_2023020077160.pdf,2023-02-20,2026-08-20
FM161132,2016-10-11,9391,FONDO DE INVERSIÓN LARRAINVIAL DEUDA ESTRATÉGICA,LARRAINVIAL ASSET MANAGEMENT ADMINISTRADORA GENERAL DE FONDOS S.A.,No Vigente,,Fondo Inversión No Rescatable,2023070276079,https://www.cmfchile.cl/documentos/rfm/rfm_2023070276079.pdf,2023-07-03,2026-08-20
FM161131,2016-10-07,9390,FONDO DE INVERSIÓN FYNSA RENTA FIJA PRIVADA I,FYNSA ADMINISTRADORA GENERAL DE FONDOS S.A.,No Vigente,,Fondo Inversión No Rescatable,2020050156123,https://www.cmfchile.cl/documentos/rfm/rfm_2020050156123.pdf,2020-05-07,2026-08-20
FM161130,2016-10-04,9389,FONDO DE INVERSIÓN LARRAINVIAL ACCIONARIO GLOBAL,LARRAINVIAL ASSET MANAGEMENT ADMINISTRADORA GENERAL DE FONDOS S.A.,No Vigente,,Fondo Inversión Rescatable,2021070302668,https://www.cmfchile.cl/documentos/rfm/rfm_2021070302668.pdf,2021-07-26,2026-08-20
FM161129,2016-09-30,9388,VOLCOMCAPITAL PRIVATE EQUITY II FONDO DE INVERSIÓN,VOLCOMCAPITAL ADMINISTRADORA GENERAL DE FONDOS S.A.,Vigente,,Fondo Inversión No Rescatable,2019050089710,https://www.cmfchile.cl/documentos/rfm/rfm_2019050089710.pdf,2019-05-23,2026-08-20
FM161128,2016-09-29,9387,FONDO DE INVERSIÓN DESARROLLO INMOBILIARIO ESPAÑA UNO,TOESCA S.A.  ADMINISTRADORA GENERAL DE FONDOS,Vigente,,Fondo Inversión No Rescatable,2025040251500,https://www.cmfchile.cl/documentos/rfm/rfm_2025040251500.pdf,2025-04-01,2026-08-20
FM161126,2016-09-23,9385,MBI PERU FONDO DE INVERSION,MBI ADMINISTRADORA GENERAL DE FONDOS S.A.,No Vigente,,Fondo Inversión Rescatable,2017090162596,https://www.cmfchile.cl/documentos/rfm/rfm_2017090162596.pdf,2017-09-11,2026-08-20
FM161127,2016-09-23,9386,FONDO DE INVERSIÓN LARRAÍN VIAL MARATHON ECO III,LARRAIN VIAL ACTIVOS S.A. ADMINISTRADORA GENERAL DE FONDOS,Vigente,,Fondo Inversión No Rescatable,2025050358970,https://www.cmfchile.cl/documentos/rfm/rfm_2025050358970.pdf,2025-05-19,2026-08-20
FM161124,2016-09-21,9383,AMERIS DEUDA CHILE FONDO DE INVERSION,AMERIS CAPITAL ADMINISTRADORA GENERAL DE FONDOS S.A.,Vigente,,Fondo Inversión Rescatable,2021120500513,https://www.cmfchile.cl/documentos/rfm/rfm_2021120500513.pdf,2021-12-17,2026-08-20
FM161125,2016-09-21,9384,VOLCOMCAPITAL DEUDA PRIVADA FONDO DE INVERSION,VOLCOMCAPITAL ADMINISTRADORA GENERAL DE FONDOS S.A.,Vigente,,Fondo Inversión No Rescatable,2025100754034,https://www.cmfchile.cl/documentos/rfm/rfm_2025100754034.pdf,2025-10-29,2026-08-20
FM161122,2016-09-20,9381,FONDO DE INVERSIÓN NEVASA HMC VISTA,HMC S.A. ADMINISTRADORA GENERAL DE FONDOS,No Vigente,,Fondo Inversión No Rescatable,2017060101250,https://www.cmfchile.cl/documentos/rfm/rfm_2017060101250.pdf,2017-06-09,2026-08-20
FM161123,2016-09-20,9382,FONDO DE INVERSIÓN LARRAINVIAL DEUDA CORPORATIVA LATINOAMERICANA,LARRAINVIAL ASSET MANAGEMENT ADMINISTRADORA GENERAL DE FONDOS S.A.,No Vigente,,Fondo Inversión Rescatable,2016090122210,https://www.cmfchile.cl/documentos/rfm/rfm_2016090122210.pdf,2016-09-20,2026-08-20
FM161121,2016-09-16,9380,FONDO DE INVERSION PRINCIPAL LSX1,PRINCIPAL ASSET MANAGEMENT ADMINISTRADORA GENERAL DE FONDOS S.A.,Vigente,,Fondo Inversión No Rescatable,2024080438008,https://www.cmfchile.cl/documentos/rfm/rfm_2024080438008.pdf,2024-08-21,2026-08-20
FM161120,2016-09-14,9379,ASSET- CRESCENT FONDO DE INVERSIÓN,ASSET ADMINISTRADORA GENERAL DE FONDOS S.A.,No Vigente,,Fondo Inversión No Rescatable,2022060229101,https://www.cmfchile.cl/documentos/rfm/rfm_2022060229101.pdf,2022-06-13,2026-08-20
FM161119,2016-09-13,9378,AMERIS LGT SECONDARIES IV FONDO DE INVERSIÓN,AMERIS CAPITAL ADMINISTRADORA GENERAL DE FONDOS S.A.,Vigente,,Fondo Inversión No Rescatable,2024050267204,https://www.cmfchile.cl/documentos/rfm/rfm_2024050267204.pdf,2024-05-13,2026-08-20
FM161118,2016-09-09,9377,FONDO DE INVERSIÓN CREDICORP CAPITAL RENTA RESIDENCIAL I,CREDICORP CAPITAL ASSET MANAGEMENT S.A. ADMINISTRADORA GENERAL DE FONDOS,Vigente,,Fondo Inversión No Rescatable,2025080565028,https://www.cmfchile.cl/documentos/rfm/rfm_2025080565028.pdf,2025-08-12,2026-08-20
FM161117,2016-09-08,9376,FONDO DE INVERSION ALTAN PRO,VENTURANCE S.A. ADMINISTRADORA GENERAL DE FONDOS,No Vigente,,Fondo Inversión No Rescatable,2016090117104,https://www.cmfchile.cl/documentos/rfm/rfm_2016090117104.pdf,2016-09-08,2026-08-20
FM161116,2016-09-08,9375,BICE DEUDA NACIONAL FONDO DE INVERSION,BICE INVERSIONES ADMINISTRADORA GENERAL DE FONDOS S.A.,No Vigente,,Fondo Inversión Rescatable,2022040163281,https://www.cmfchile.cl/documentos/rfm/rfm_2022040163281.pdf,2022-04-28,2026-08-20
FM161115,2016-09-07,9374,FONDO DE INVERSION DEUDA ENERGÍA COLOMBIANA,LARRAIN VIAL ACTIVOS S.A. ADMINISTRADORA GENERAL DE FONDOS,No Vigente,,Fondo Inversión No Rescatable,2016090116650,https://www.cmfchile.cl/documentos/rfm/rfm_2016090116650.pdf,2016-09-07,2026-08-20
FM161114,2016-09-06,9373,FONDO DE INVERSIÓN SARTOR TACTICO,SARTOR ADMINISTRADORA GENERAL DE FONDOS S.A.,Vigente,,Fondo Inversión Rescatable,2023070275993,https://www.cmfchile.cl/documentos/rfm/rfm_2023070275993.pdf,2023-07-03,2026-08-20
FM161113,2016-09-05,9372,FONDO MUTUO BCI ACCIONES GLOBALES,BCI ASSET MANAGEMENT ADMINISTRADORA  GENERAL DE FONDOS S.A.,Vigente,,Fondo Mutuo,2025070454744,https://www.cmfchile.cl/documentos/rfm/rfm_2025070454744.pdf,2025-07-03,2026-08-20
FM161112,2016-09-05,9371,FONDO MUTUO BCI DEUDA GLOBAL,BCI ASSET MANAGEMENT ADMINISTRADORA  GENERAL DE FONDOS S.A.,Vigente,,Fondo Mutuo,2025070454950,https://www.cmfchile.cl/documentos/rfm/rfm_2025070454950.pdf,2025-07-03,2026-08-20
FM161111,2016-09-01,9370,FONDO DE INVERSIÓN LARRAINVIAL PATRIMONIO,LARRAINVIAL ASSET MANAGEMENT ADMINISTRADORA GENERAL DE FONDOS S.A.,No Vigente,Liquidado,Fondo Inversión Rescatable,2018060100539,https://www.cmfchile.cl/documentos/rfm/rfm_2018060100539.pdf,2018-06-06,2026-08-20
FM161110,2016-08-30,9369,BICE ARGENTINA FONDO DE INVERSION,BICE INVERSIONES ADMINISTRADORA GENERAL DE FONDOS S.A.,No Vigente,,Fondo Inversión Rescatable,2016080112789,https://www.cmfchile.cl/documentos/rfm/rfm_2016080112789.pdf,2016-08-30,2026-08-20
FM161109,2016-08-29,9368,BTG PACTUAL BRASIL INDEX FONDO DE INVERSIÓN,BTG PACTUAL CHILE S.A. ADMINISTRADORA GENERAL DE FONDOS,Vigente,,Fondo Inversión Rescatable,2026050319241,https://www.cmfchile.cl/documentos/rfm/rfm_2026050319241.pdf,2026-05-08,2026-08-20
FM161108,2016-08-25,9367,FONDO DE INVERSION ZURICH ESG INVESTMENT GRADE LATAM,ZURICH CHILE ASSET MANAGEMENT ADMINISTRADORA GENERAL DE FONDOS S.A.,No Vigente,,Fondo Inversión Rescatable,2022080305071,https://www.cmfchile.cl/documentos/rfm/rfm_2022080305071.pdf,2022-08-04,2026-08-20
FM161107,2016-08-23,9366,FONDO DE INVERSIÓN LARRAÍN VIAL DEUDA ESTRUCTURADA I,LARRAIN VIAL ACTIVOS S.A. ADMINISTRADORA GENERAL DE FONDOS,No Vigente,,Fondo Inversión No Rescatable,2016080109075,https://www.cmfchile.cl/documentos/rfm/rfm_2016080109075.pdf,2016-08-23,2026-08-20
FM161106,2016-08-22,9365,FONDO MUTUO CREDICORP CAPITAL DEUDA CORPORATIVA LATAM INVESTMENT GRADE,CREDICORP CAPITAL ASSET MANAGEMENT S.A. ADMINISTRADORA GENERAL DE FONDOS,Vigente,,Fondo Mutuo,2023020051887,https://www.cmfchile.cl/documentos/rfm/rfm_2023020051887.pdf,2023-02-02,2026-08-20
FM161104,2016-08-11,9363,COMPASS GLOBAL CREDIT CLP FONDO DE INVERSION,VINCI COMPASS S.A. ADMINISTRADORA GENERAL DE FONDOS,Vigente,,Fondo Inversión Rescatable,2025030192067,https://www.cmfchile.cl/documentos/rfm/rfm_2025030192067.pdf,2025-03-12,2026-08-20
FM161105,2016-08-11,9364,COMPASS GLOBAL CREDIT USD FONDO DE INVERSION,VINCI COMPASS S.A. ADMINISTRADORA GENERAL DE FONDOS,Vigente,,Fondo Inversión Rescatable,2025030192065,https://www.cmfchile.cl/documentos/rfm/rfm_2025030192065.pdf,2025-03-12,2026-08-20
FM161103,2016-08-11,9362,FONDO MUTUO COMPASS ACCIONES CHILENAS,VINCI COMPASS S.A. ADMINISTRADORA GENERAL DE FONDOS,Vigente,,Fondo Mutuo,2024120693238,https://www.cmfchile.cl/documentos/rfm/rfm_2024120693238.pdf,2024-12-17,2026-08-20
FM161102,2016-08-10,9361,BTG PACTUAL BRASIL SHORT DURATION BRL FONDO DE INVERSIÓN,BTG PACTUAL CHILE S.A. ADMINISTRADORA GENERAL DE FONDOS,No Vigente,Liquidado,Fondo Inversión Rescatable,2018110194114,https://www.cmfchile.cl/documentos/rfm/rfm_2018110194114.pdf,2018-11-21,2026-08-20
FM161101,2016-08-08,9360,BTG PACTUAL LATAM INVESTMENT GRADE FONDO DE INVERSION,BTG PACTUAL CHILE S.A. ADMINISTRADORA GENERAL DE FONDOS,No Vigente,Liquidado,Fondo Inversión Rescatable,2024100514526,https://www.cmfchile.cl/documentos/rfm/rfm_2024100514526.pdf,2024-10-04,2026-08-20
FM161100,2016-08-05,9359,FONDO DE INVERSIÓN CREDICORP CAPITAL – PG DIRECT III,CREDICORP CAPITAL ASSET MANAGEMENT S.A. ADMINISTRADORA GENERAL DE FONDOS,Vigente,,Fondo Inversión No Rescatable,2020080374669,https://www.cmfchile.cl/documentos/rfm/rfm_2020080374669.pdf,2020-08-26,2026-08-20
FM161099,2016-08-05,9358,BTG PACTUAL DEUDA ACTIVA PLUS FONDO DE INVERSIÓN,BTG PACTUAL CHILE S.A. ADMINISTRADORA GENERAL DE FONDOS,Vigente,,Fondo Inversión Rescatable,2026070466797,https://www.cmfchile.cl/documentos/rfm/rfm_2026070466797.pdf,2026-07-17,2026-08-20
FM161098,2016-08-01,9357,VINCI COMPASS PRIVATE EQUITY XVI FONDO DE INVERSION,VINCI COMPASS S.A. ADMINISTRADORA GENERAL DE FONDOS,Vigente,,Fondo Inversión No Rescatable,2026060415856,https://www.cmfchile.cl/documentos/rfm/rfm_2026060415856.pdf,2026-06-23,2026-08-20
FM161096,2016-08-01,9355,AURUS CORE EXPOSURE ASIA EMERGENTE FONDO DE INVERSION,AURUS CAPITAL S.A.,No Vigente,,Fondo Inversión Rescatable,2016080097094,https://www.cmfchile.cl/documentos/rfm/rfm_2016080097094.pdf,2016-08-01,2026-08-20
FM161095,2016-08-01,9354,AURUS CORE EXPOSURE ASIA DESARROLLADO FONDO DE INVERSION,AURUS CAPITAL S.A.,No Vigente,,Fondo Inversión Rescatable,2016080097091,https://www.cmfchile.cl/documentos/rfm/rfm_2016080097091.pdf,2016-08-01,2026-08-20
FM161094,2016-08-01,9353,AURUS CORE EXPOSURE ASIA DESARROLLADO FONDO DE INVERSION,AURUS CAPITAL S.A.,No Vigente,,Fondo Inversión Rescatable,2016080097088,https://www.cmfchile.cl/documentos/rfm/rfm_2016080097088.pdf,2016-08-01,2026-08-20
FM161097,2016-08-01,9356,COMPASS GLOBAL INVESTMENTS IV FONDO DE INVERSION,VINCI COMPASS S.A. ADMINISTRADORA GENERAL DE FONDOS,No Vigente,,Fondo Inversión No Rescatable,2016080097144,https://www.cmfchile.cl/documentos/rfm/rfm_2016080097144.pdf,2016-08-01,2026-08-20
FM161093,2016-07-29,9352,FONDO MUTUO SANTANDER DEUDA LATAM ESG DÓLAR,SANTANDER ASSET MANAGEMENT S.A. ADMINISTRADORA GENERAL DE FONDOS,Vigente,,Fondo Mutuo,2025070527353,https://www.cmfchile.cl/documentos/rfm/rfm_2025070527353.pdf,2025-07-29,2026-08-20
FM161092,2016-07-29,9351,FONDO DE INVERSIÓN ACTIVA DEUDA AUTOMOTRIZ GLOBAL,LARRAIN VIAL ACTIVOS S.A. ADMINISTRADORA GENERAL DE FONDOS,No Vigente,Liquidado,Fondo Inversión No Rescatable,2021070289400,https://www.cmfchile.cl/documentos/rfm/rfm_2021070289400.pdf,2021-07-19,2026-08-20
FM161091,2016-07-28,9350,FONDO DE INVERSIÓN LARRAINVIAL OPORTUNIDAD LATAM,LARRAINVIAL ASSET MANAGEMENT ADMINISTRADORA GENERAL DE FONDOS S.A.,No Vigente,Liquidado,Fondo Inversión Rescatable,2023050210532,https://www.cmfchile.cl/documentos/rfm/rfm_2023050210532.pdf,2023-05-16,2026-08-20
FM161090,2016-07-27,9349,FONDO DE INVERSIÓN CREDICORP CAPITAL NB SECONDARIES IV - FULLY FUNDED,CREDICORP CAPITAL ASSET MANAGEMENT S.A. ADMINISTRADORA GENERAL DE FONDOS,No Vigente,,Fondo Inversión No Rescatable,2016070094944,https://www.cmfchile.cl/documentos/rfm/rfm_2016070094944.pdf,2016-07-27,2026-08-20
FM161088,2016-07-22,9347,CORP INMOBILIARIO V FONDO DE INVERSION,ITAU ADMINISTRADORA GENERAL DE FONDOS S.A.,No Vigente,,Fondo Inversión No Rescatable,2018020025792,https://www.cmfchile.cl/documentos/rfm/rfm_2018020025792.pdf,2018-02-09,2026-08-20
FM161089,2016-07-22,9348,FONDO DE INVERSION SANTANDER DEUDA CORPORATIVA CHILE,SANTANDER ASSET MANAGEMENT S.A. ADMINISTRADORA GENERAL DE FONDOS,Vigente,,Fondo Inversión Rescatable,2018100182842,https://www.cmfchile.cl/documentos/rfm/rfm_2018100182842.pdf,2018-10-29,2026-08-20
FM161087,2016-07-15,9346,FONDO DE INVERSIÓN LARRAINVIAL DEUDA RETORNO ABSOLUTO,LARRAINVIAL ASSET MANAGEMENT ADMINISTRADORA GENERAL DE FONDOS S.A.,Vigente,,Fondo Inversión Rescatable,2024080437829,https://www.cmfchile.cl/documentos/rfm/rfm_2024080437829.pdf,2024-08-21,2026-08-20
FM161086,2016-07-15,9345,FONDO MUTUO COMPASS INVESTMENT GRADE LATAM,VINCI COMPASS S.A. ADMINISTRADORA GENERAL DE FONDOS,No Vigente,,Fondo Mutuo,2020100418626,https://www.cmfchile.cl/documentos/rfm/rfm_2020100418626.pdf,2020-10-01,2026-08-20
FM161085,2016-07-12,9344,FONDO DE INVERSION SECURITY CAPITAL PREFERENTE II,ADMINISTRADORA GENERAL DE FONDOS  SECURITY S.A.,No Vigente,,Fondo Inversión No Rescatable,2018020029940,https://www.cmfchile.cl/documentos/rfm/rfm_2018020029940.pdf,2018-02-16,2026-08-20
FM161084,2016-07-06,9343,MONEDA - CARLYLE V FONDO DE INVERSIÓN,MONEDA S.A. ADMINISTRADORA GENERAL DE FONDOS,No Vigente,Liquidado,Fondo Inversión No Rescatable,2021050201361,https://www.cmfchile.cl/documentos/rfm/rfm_2021050201361.pdf,2021-05-24,2026-08-20
FM161083,2016-07-04,9342,FONDO DE INVERSION FYNSA ALTOS DE COSTA CACHAGUA,FYNSA ADMINISTRADORA GENERAL DE FONDOS S.A.,No Vigente,Liquidado,Fondo Inversión No Rescatable,2019050093196,https://www.cmfchile.cl/documentos/rfm/rfm_2019050093196.pdf,2019-05-29,2026-08-20
FM161082,2016-07-01,9341,FONDO DE INVERSIÓN LARRAINVIAL MULTIESTRATEGIA,LARRAINVIAL ASSET MANAGEMENT ADMINISTRADORA GENERAL DE FONDOS S.A.,No Vigente,,Fondo Inversión No Rescatable,2018070114982,https://www.cmfchile.cl/documentos/rfm/rfm_2018070114982.pdf,2018-07-03,2026-08-20
FM161080,2016-06-24,9339,AURUS CORE EXPOSURE USA FONDO DE INVERSION,AURUS CAPITAL S.A.,No Vigente,Liquidado,Fondo Inversión Rescatable,2017030057281,https://www.cmfchile.cl/documentos/rfm/rfm_2017030057281.pdf,2017-03-31,2026-08-20
FM161081,2016-06-24,9340,MONEDA ALPINVEST SECONDARIES VI FONDO DE INVERSIÓN,MONEDA S.A. ADMINISTRADORA GENERAL DE FONDOS,Vigente,,Fondo Inversión No Rescatable,2022050194551,https://www.cmfchile.cl/documentos/rfm/rfm_2022050194551.pdf,2022-05-18,2026-08-20
FM161079,2016-06-21,9338,AMERIS UPC DESARROLLO INMOBILIARIO FONDO DE INVERSION,AMERIS CAPITAL ADMINISTRADORA GENERAL DE FONDOS S.A.,Vigente,,Fondo Inversión No Rescatable,2026060374772,https://www.cmfchile.cl/documentos/rfm/rfm_2026060374772.pdf,2026-06-04,2026-08-20
FM161078,2016-06-15,9337,VOLCOMCAPITAL PRIVATE EQUITY I FONDO DE INVERSION,VOLCOMCAPITAL ADMINISTRADORA GENERAL DE FONDOS S.A.,Vigente,,Fondo Inversión No Rescatable,2024080406635,https://www.cmfchile.cl/documentos/rfm/rfm_2024080406635.pdf,2024-08-06,2026-08-20
FM161077,2016-06-15,9336,QUEST RENTA GLOBAL HEDGE FONDO DE INVERSIÓN,QUEST ADMINISTRADORA GENERAL DE FONDOS S.A.,Vigente,,Fondo Inversión Rescatable,2022020065242,https://www.cmfchile.cl/documentos/rfm/rfm_2022020065242.pdf,2022-02-15,2026-08-20
FM161076,2016-06-13,9335,FONDO MUTUO VISION BONOS GLOBALES,FINASSET ADMINISTRADORA GENERAL DE FONDOS S.A.,No Vigente,,Fondo Mutuo,2017020037506,https://www.cmfchile.cl/documentos/rfm/rfm_2017020037506.pdf,2017-02-28,2026-08-20
FM161075,2016-06-13,9334,VISION ACCIONES GLOBALES FONDO DE INVERSION,FINASSET ADMINISTRADORA GENERAL DE FONDOS S.A.,No Vigente,,Fondo Inversión Rescatable,2020060178873,https://www.cmfchile.cl/documentos/rfm/rfm_2020060178873.pdf,2020-06-01,2026-08-20
FM161074,2016-06-09,9333,FONDO DE INVERSIÓN BANCHILE MARKETPLUS ESTADOS UNIDOS,BANCHILE ADMINISTRADORA GENERAL DE FONDOS S.A.,Vigente,,Fondo Inversión Rescatable,2025040316050,https://www.cmfchile.cl/documentos/rfm/rfm_2025040316050.pdf,2025-04-28,2026-08-20
FM161072,2016-06-09,9331,MONEDA CARLYLE-ALPINVEST I FONDO DE INVERSION,MONEDA S.A. ADMINISTRADORA GENERAL DE FONDOS,No Vigente,,Fondo Inversión No Rescatable,2016080106448,https://www.cmfchile.cl/documentos/rfm/rfm_2016080106448.pdf,2016-08-17,2026-08-20
FM161073,2016-06-09,9332,FONDO DE INVERSIÓN BANCHILE MARKETPLUS GLOBAL,BANCHILE ADMINISTRADORA GENERAL DE FONDOS S.A.,Vigente,,Fondo Inversión Rescatable,2025090632606,https://www.cmfchile.cl/documentos/rfm/rfm_2025090632606.pdf,2025-09-16,2026-08-20
FM161071,2016-06-06,9330,FONDO MUTUO EUROPEO ESTRUCTURADO NIVEL 90,BANCHILE ADMINISTRADORA GENERAL DE FONDOS S.A.,No Vigente,,Fondo Mutuo,2016060074204,https://www.cmfchile.cl/documentos/rfm/rfm_2016060074204.pdf,2016-06-06,2026-08-20
FM161070,2016-06-02,9329,FONDO MUTUO BCI ESTRUCTURADO 103,BCI ASSET MANAGEMENT ADMINISTRADORA  GENERAL DE FONDOS S.A.,No Vigente,,Fondo Mutuo,2016060073083,https://www.cmfchile.cl/documentos/rfm/rfm_2016060073083.pdf,2016-06-02,2026-08-20
FM161069,2016-06-02,9328,FONDO MUTUO SURA RENTA ALIANZA PACÍFICO EN LIQUIDACIÓN,ADMINISTRADORA GENERAL DE FONDOS SURA S.A.,No Vigente,Liquidado,Fondo Mutuo,2019090165698,https://www.cmfchile.cl/documentos/rfm/rfm_2019090165698.pdf,2019-09-13,2026-08-20
FM161068,2016-06-01,9327,PICTON - HARBOURVEST DOVER IX FULLY FUNDED FONDO DE INVERSION,PICTON ADMINISTRADORA GENERAL DE FONDOS S.A.,Vigente,,Fondo Inversión No Rescatable,2026070495646,https://www.cmfchile.cl/documentos/rfm/rfm_2026070495646.pdf,2026-07-29,2026-08-20
FM161067,2016-05-30,9326,FONDO DE INVERSIÓN CREDICORP CAPITAL PRIVATE EQUITY – PG DIRECT III FULLY FUNDED,CREDICORP CAPITAL ASSET MANAGEMENT S.A. ADMINISTRADORA GENERAL DE FONDOS,No Vigente,,Fondo Inversión No Rescatable,2016050070832,https://www.cmfchile.cl/documentos/rfm/rfm_2016050070832.pdf,2016-05-30,2026-08-20
FM161066,2016-05-25,9325,FONDO DE INVERSION INMOBILIARIO VIII,BANCHILE ADMINISTRADORA GENERAL DE FONDOS S.A.,No Vigente,Liquidado,Fondo Inversión No Rescatable,2024030150964,https://www.cmfchile.cl/documentos/rfm/rfm_2024030150964.pdf,2024-03-07,2026-08-20
FM161064,2016-05-16,9323,FONDO DE INVERSIÓN HMC IFB CAPITAL PREFERENTE II,HMC S.A. ADMINISTRADORA GENERAL DE FONDOS,No Vigente,Liquidado,Fondo Inversión No Rescatable,2020080377393,https://www.cmfchile.cl/documentos/rfm/rfm_2020080377393.pdf,2020-08-28,2026-08-20
FM161065,2016-05-16,9324,VINCI COMPASS PRIVATE DEBT II FONDO DE INVERSION,VINCI COMPASS S.A. ADMINISTRADORA GENERAL DE FONDOS,Vigente,,Fondo Inversión No Rescatable,2026060404211,https://www.cmfchile.cl/documentos/rfm/rfm_2026060404211.pdf,2026-06-17,2026-08-20
FM161063,2016-05-09,9322,FONDO MUTUO USA CUPON PLUS NIVEL 100,BANCHILE ADMINISTRADORA GENERAL DE FONDOS S.A.,No Vigente,,Fondo Mutuo,2016050061320,https://www.cmfchile.cl/documentos/rfm/rfm_2016050061320.pdf,2016-05-09,2026-08-20
FM161062,2016-05-06,9321,FONDO MUTUO BOOSTER ACCIONES JAPÓN,BANCHILE ADMINISTRADORA GENERAL DE FONDOS S.A.,No Vigente,,Fondo Mutuo,2016050060363,https://www.cmfchile.cl/documentos/rfm/rfm_2016050060363.pdf,2016-05-06,2026-08-20
FM161061,2016-05-02,9320,FONDO DE INVERSIÓN LARRAINVIAL ACCIONES GLOBALES,LARRAINVIAL ASSET MANAGEMENT ADMINISTRADORA GENERAL DE FONDOS S.A.,No Vigente,Liquidado,Fondo Inversión Rescatable,2018040059441,https://www.cmfchile.cl/documentos/rfm/rfm_2018040059441.pdf,2018-04-03,2026-08-20
FM161060,2016-04-29,9319,FONDO MUTUO DEPÓSITO PLUS VII,BANCHILE ADMINISTRADORA GENERAL DE FONDOS S.A.,No Vigente,,Fondo Mutuo,2016040056836,https://www.cmfchile.cl/documentos/rfm/rfm_2016040056836.pdf,2016-04-29,2026-08-20
FM161059,2016-04-29,9318,FONDO DE INVERSION BANCHILE DEUDA GLOBAL INVESTMENT GRADE,BANCHILE ADMINISTRADORA GENERAL DE FONDOS S.A.,Vigente,,Fondo Inversión Rescatable,2025050365212,https://www.cmfchile.cl/documentos/rfm/rfm_2025050365212.pdf,2025-05-22,2026-08-20
FM161058,2016-04-22,9317,FONDO DE INVERSION LYXOR MULTI STRATEGY FUND,LARRAIN VIAL ACTIVOS S.A. ADMINISTRADORA GENERAL DE FONDOS,No Vigente,,Fondo Inversión Rescatable,2016040053164,https://www.cmfchile.cl/documentos/rfm/rfm_2016040053164.pdf,2016-04-22,2026-08-20
FM161057,2016-04-22,9316,FONDO DE INVERSION ITAU ACTIVE ASSET ALLOCATION MODERATE,ITAU ADMINISTRADORA GENERAL DE FONDOS S.A.,No Vigente,,Fondo Inversión Rescatable,2016040052839,https://www.cmfchile.cl/documentos/rfm/rfm_2016040052839.pdf,2016-04-22,2026-08-20
FM161056,2016-04-14,9315,FONDO DE INVERSIÓN FYNSA ENERGIA,FYNSA ADMINISTRADORA GENERAL DE FONDOS S.A.,Vigente,,Fondo Inversión No Rescatable,2024060310071,https://www.cmfchile.cl/documentos/rfm/rfm_2024060310071.pdf,2024-06-06,2026-08-20
FM161054,2016-04-11,9313,FONDO DE INVERSIÓN HMC PEARL DIVER V,HMC S.A. ADMINISTRADORA GENERAL DE FONDOS,No Vigente,Liquidado,Fondo Inversión No Rescatable,2021050210388,https://www.cmfchile.cl/documentos/rfm/rfm_2021050210388.pdf,2021-05-28,2026-08-20
FM161055,2016-04-11,9314,FONDO DE INVERSIÓN CREDICORP CAPITAL – AIX FULLY FUNDED,CREDICORP CAPITAL ASSET MANAGEMENT S.A. ADMINISTRADORA GENERAL DE FONDOS,Vigente,,Fondo Inversión No Rescatable,2022080341183,https://www.cmfchile.cl/documentos/rfm/rfm_2022080341183.pdf,2022-08-31,2026-08-20
FM161053,2016-04-08,9312,FONDO MUTUO RENTA MENSUAL BANCOESTADO,BANCOESTADO S.A. ADMINISTRADORA  GENERAL DE FONDOS,No Vigente,,Fondo Mutuo,2016040044762,https://www.cmfchile.cl/documentos/rfm/rfm_2016040044762.pdf,2016-04-08,2026-08-20
FM161052,2016-04-05,9311,COMPASS LATAM HIGH YIELD FONDO DE INVERSION,VINCI COMPASS S.A. ADMINISTRADORA GENERAL DE FONDOS,No Vigente,Liquidado,Fondo Inversión No Rescatable,2021100411393,https://www.cmfchile.cl/documentos/rfm/rfm_2021100411393.pdf,2021-10-08,2026-08-20
FM161051,2016-04-05,9310,FONDO MUTUO CREDICORP CAPITAL MACRO CLP 1.5,CREDICORP CAPITAL ASSET MANAGEMENT S.A. ADMINISTRADORA GENERAL DE FONDOS,No Vigente,Liquidado,Fondo Mutuo,2021020045234,https://www.cmfchile.cl/documentos/rfm/rfm_2021020045234.pdf,2021-02-04,2026-08-20
FM161050,2016-04-01,9309,PICTON-KKR AMERICAS XII FULLY FUNDED FONDO DE INVERSION,PICTON ADMINISTRADORA GENERAL DE FONDOS S.A.,Vigente,,Fondo Inversión No Rescatable,2026070495639,https://www.cmfchile.cl/documentos/rfm/rfm_2026070495639.pdf,2026-07-29,2026-08-20
FM161049,2016-03-23,9308,VINCI COMPASS GLOBAL INVESTMENTS III FONDO DE INVERSION,VINCI COMPASS S.A. ADMINISTRADORA GENERAL DE FONDOS,Vigente,,Fondo Inversión No Rescatable,2026060396921,https://www.cmfchile.cl/documentos/rfm/rfm_2026060396921.pdf,2026-06-15,2026-08-20
FM161048,2016-03-23,9307,VINCI COMPASS PRIVATE EQUITY XV FONDO DE INVERSION,VINCI COMPASS S.A. ADMINISTRADORA GENERAL DE FONDOS,Vigente,,Fondo Inversión No Rescatable,2026060421854,https://www.cmfchile.cl/documentos/rfm/rfm_2026060421854.pdf,2026-06-25,2026-08-20
FM161047,2016-03-22,9306,FONDO DE INVERSIÓN LARRAINVIAL FACTURAS Y FINANCIAMIENTO DE CORTO PLAZO,LARRAINVIAL ASSET MANAGEMENT ADMINISTRADORA GENERAL DE FONDOS S.A.,Vigente,,Fondo Inversión Rescatable,2026040236173,https://www.cmfchile.cl/documentos/rfm/rfm_2026040236173.pdf,2026-04-06,2026-08-20
FM161046,2016-03-16,9305,FONDO DE INVERSION CAPITAL ADVISORS RENTA VARIABLE GLOBAL,CAPITAL ADVISORS ADMINISTRADORA GENERAL DE FONDOS S.A.,No Vigente,Liquidado,Fondo Inversión Rescatable,2022100415369,https://www.cmfchile.cl/documentos/rfm/rfm_2022100415369.pdf,2022-10-28,2026-08-20
FM161045,2016-03-09,9304,MONEDA LATAM EQUITY FONDO DE INVERSIÓN,MONEDA S.A. ADMINISTRADORA GENERAL DE FONDOS,No Vigente,,Fondo Inversión Rescatable,2016070094806,https://www.cmfchile.cl/documentos/rfm/rfm_2016070094806.pdf,2016-07-26,2026-08-20
FM161044,2016-03-08,9303,VISION PATAGONIA DEUDA LOCAL FONDO DE INVERSIÓN,FINASSET ADMINISTRADORA GENERAL DE FONDOS S.A.,No Vigente,,Fondo Inversión Rescatable,2019120215501,https://www.cmfchile.cl/documentos/rfm/rfm_2019120215501.pdf,2019-12-11,2026-08-20
FM161043,2016-03-01,9302,MBI DEUDA LATAM FONDO DE INVERSION,MBI ADMINISTRADORA GENERAL DE FONDOS S.A.,No Vigente,,Fondo Inversión Rescatable,2024050281533,https://www.cmfchile.cl/documentos/rfm/rfm_2024050281533.pdf,2024-05-22,2026-08-20
FM161042,2016-03-01,9301,MBI DEUDA EMERGENTE FONDO DE INVERSION,MBI ADMINISTRADORA GENERAL DE FONDOS S.A.,No Vigente,Liquidado,Fondo Inversión Rescatable,2016070095561,https://www.cmfchile.cl/documentos/rfm/rfm_2016070095561.pdf,2016-07-28,2026-08-20
FM161040,2016-02-18,9299,VOLCOMCAPITAL SPECIAL SITUATIONS II FONDO DE INVERSION,VOLCOMCAPITAL ADMINISTRADORA GENERAL DE FONDOS S.A.,Vigente,,Fondo Inversión No Rescatable,2025100756083,https://www.cmfchile.cl/documentos/rfm/rfm_2025100756083.pdf,2025-10-30,2026-08-20
FM161041,2016-02-18,9300,FONDO DE INVERSION FYNSA DESARROLLO INMOBILIARIO I,FYNSA ADMINISTRADORA GENERAL DE FONDOS S.A.,Vigente,,Fondo Inversión No Rescatable,2022060238221,https://www.cmfchile.cl/documentos/rfm/rfm_2022060238221.pdf,2022-06-17,2026-08-20
FM161039,2016-02-12,9298,FONDO DE INVERSION LARRAINVIAL QUANT LATAM,LARRAINVIAL ASSET MANAGEMENT ADMINISTRADORA GENERAL DE FONDOS S.A.,No Vigente,Liquidado,Fondo Inversión Rescatable,2021050193002,https://www.cmfchile.cl/documentos/rfm/rfm_2021050193002.pdf,2021-05-17,2026-08-20
FM161038,2016-02-10,9297,FONDO DE INVERSIÓN FALCOM GLOBAL STRATEGY FUND,FALCOM ADMINISTRADORA GENERAL DE FONDOS S.A.,Vigente,,Fondo Inversión Rescatable,2023070297075,https://www.cmfchile.cl/documentos/rfm/rfm_2023070297075.pdf,2023-07-17,2026-08-20
FM161037,2016-02-08,9296,FONDO DE INVERSION DVA EMERGENTE,AMERIS CAPITAL ADMINISTRADORA GENERAL DE FONDOS S.A.,No Vigente,,Fondo Inversión Rescatable,2016020016514,https://www.cmfchile.cl/documentos/rfm/rfm_2016020016514.pdf,2016-02-08,2026-08-20
FM161036,2016-02-04,9295,FONDO DE INVERSIÓN ADV VIII,LARRAIN VIAL ACTIVOS S.A. ADMINISTRADORA GENERAL DE FONDOS,Vigente,,Fondo Inversión No Rescatable,2024060311298,https://www.cmfchile.cl/documentos/rfm/rfm_2024060311298.pdf,2024-06-07,2026-08-20
FM161035,2016-02-04,9294,FONDO MUTUO BANCHILE INVERSIONES ALTERNATIVAS,BANCHILE ADMINISTRADORA GENERAL DE FONDOS S.A.,No Vigente,,Fondo Mutuo,2022100407702,https://www.cmfchile.cl/documentos/rfm/rfm_2022100407702.pdf,2022-10-24,2026-08-20
FM161034,2016-02-03,9293,FONDO MUTUO LARRAINVIAL PORTFOLIO ALTERNATIVO,LARRAINVIAL ASSET MANAGEMENT ADMINISTRADORA GENERAL DE FONDOS S.A.,No Vigente,,Fondo Mutuo,2016020025431,https://www.cmfchile.cl/documentos/rfm/rfm_2016020025431.pdf,2016-02-26,2026-08-20
FM161033,2016-01-29,9292,AMERIS MULTIFAMILY I FONDO DE INVERSION,AMERIS CAPITAL ADMINISTRADORA GENERAL DE FONDOS S.A.,No Vigente,Liquidado,Fondo Inversión No Rescatable,2020070289798,https://www.cmfchile.cl/documentos/rfm/rfm_2020070289798.pdf,2020-07-08,2026-08-20
FM161032,2016-01-28,9291,FONDO MUTUO BANCOESTADO AHORRO CORTO PLAZO,BANCOESTADO S.A. ADMINISTRADORA  GENERAL DE FONDOS,Vigente,,Fondo Mutuo,2021040154234,https://www.cmfchile.cl/documentos/rfm/rfm_2021040154234.pdf,2021-04-22,2026-08-20
FM161031,2016-01-27,9290,CCLA DESARROLLO Y RENTAS FONDO DE INVERSION,VINCI COMPASS S.A. ADMINISTRADORA GENERAL DE FONDOS,Vigente,,Fondo Inversión No Rescatable,2025120896391,https://www.cmfchile.cl/documentos/rfm/rfm_2025120896391.pdf,2025-12-22,2026-08-20
FM161030,2016-01-22,9289,FONDO DE INVERSION FALCOM CHILEAN FIXED INCOME,FALCOM ADMINISTRADORA GENERAL DE FONDOS S.A.,Vigente,,Fondo Inversión Rescatable,2025090635049,https://www.cmfchile.cl/documentos/rfm/rfm_2025090635049.pdf,2026-08-05,2026-08-20
FM161029,2016-01-20,9288,VINCI COMPASS PRIVATE EQUITY XIV FONDO DE INVERSION,VINCI COMPASS S.A. ADMINISTRADORA GENERAL DE FONDOS,Vigente,,Fondo Inversión No Rescatable,2026060415852,https://www.cmfchile.cl/documentos/rfm/rfm_2026060415852.pdf,2026-06-23,2026-08-20
FM161028,2016-01-18,9287,PICTON - KKR AMERICAS XII FONDO DE INVERSION,PICTON ADMINISTRADORA GENERAL DE FONDOS S.A.,Vigente,,Fondo Inversión No Rescatable,2025060405133,https://www.cmfchile.cl/documentos/rfm/rfm_2025060405133.pdf,2025-06-10,2026-08-20
FM161025,2016-01-15,9284,COMPASS PRIVATE DEBT FONDO DE INVERSION,VINCI COMPASS S.A. ADMINISTRADORA GENERAL DE FONDOS,No Vigente,,Fondo Inversión No Rescatable,2016010006320,https://www.cmfchile.cl/documentos/rfm/rfm_2016010006320.pdf,2016-01-15,2026-08-20
FM161027,2016-01-15,9286,FONDO MUTUO BOOSTER ACCIONES EUROPA,BANCHILE ADMINISTRADORA GENERAL DE FONDOS S.A.,No Vigente,,Fondo Mutuo,2016010006566,https://www.cmfchile.cl/documentos/rfm/rfm_2016010006566.pdf,2016-01-15,2026-08-20
FM161026,2016-01-15,9285,FONDO MUTUO BOOSTER ACCIONES ESTADOS UNIDOS,BANCHILE ADMINISTRADORA GENERAL DE FONDOS S.A.,No Vigente,,Fondo Mutuo,2016010006561,https://www.cmfchile.cl/documentos/rfm/rfm_2016010006561.pdf,2016-01-15,2026-08-20
FM161024,2016-01-12,9283,FONDO DE INVERSIÓN FYNSA RENTA INMOBILIARIA I,FYNSA ADMINISTRADORA GENERAL DE FONDOS S.A.,Vigente,,Fondo Inversión No Rescatable,2021060252629,https://www.cmfchile.cl/documentos/rfm/rfm_2021060252629.pdf,2021-06-24,2026-08-20
FM161023,2016-01-11,9282,CORP PETRÓLEO FONDO DE INVERSION,CORPBANCA  ADMINISTRADORA GENERAL DE FONDOS S.A.,No Vigente,,Fondo Inversión No Rescatable,2016030029954,https://www.cmfchile.cl/documentos/rfm/rfm_2016030029954.pdf,2016-03-09,2026-08-20
FM161022,2016-01-06,9281,AMERIS DEUDA CORPORATIVA CHILE HIGH GRADE FONDO DE INVERSION,AMERIS CAPITAL ADMINISTRADORA GENERAL DE FONDOS S.A.,No Vigente,,Fondo Inversión Rescatable,2018070132864,https://www.cmfchile.cl/documentos/rfm/rfm_2018070132864.pdf,2018-07-31,2026-08-20
FM161021,2016-01-04,9280,FONDO DE INVERSIÓN BCI OPORTUNIDADES DEUDA,BCI ASSET MANAGEMENT ADMINISTRADORA  GENERAL DE FONDOS S.A.,Vigente,,Fondo Inversión No Rescatable,2026060422045,https://www.cmfchile.cl/documentos/rfm/rfm_2026060422045.pdf,2026-06-25,2026-08-20
FM151020,2015-12-30,9279,FONDO DE INVERSIÓN LARRAINVIAL DEUDA LOCAL,LARRAINVIAL ASSET MANAGEMENT ADMINISTRADORA GENERAL DE FONDOS S.A.,No Vigente,,Fondo Inversión Rescatable,2021080316468,https://www.cmfchile.cl/documentos/rfm/rfm_2021080316468.pdf,2021-08-03,2026-08-20
FM151019,2015-12-29,9278,AINA FONDO DE INVERSION,BICE INVERSIONES ADMINISTRADORA GENERAL DE FONDOS S.A.,Vigente,,Fondo Inversión No Rescatable,2019070112007,https://www.cmfchile.cl/documentos/rfm/rfm_2019070112007.pdf,2019-07-01,2026-08-20
FM151018,2015-12-28,9277,MONEDA LATAM CORPORATE CREDIT FEEDER FONDO DE INVERSIÓN,MONEDA S.A. ADMINISTRADORA GENERAL DE FONDOS,Vigente,,Fondo Inversión Rescatable,2023030098257,https://www.cmfchile.cl/documentos/rfm/rfm_2023030098257.pdf,2023-03-07,2026-08-20
FM151017,2015-12-21,9276,FONDO DE INVERSIÓN ZURICH AHORRO DINÁMICO,ZURICH CHILE ASSET MANAGEMENT ADMINISTRADORA GENERAL DE FONDOS S.A.,No Vigente,,Fondo Inversión Rescatable,2022010006845,https://www.cmfchile.cl/documentos/rfm/rfm_2022010006845.pdf,2022-01-06,2026-08-20
FM151016,2015-12-17,9275,VINCI COMPASS GLOBAL INVESTMENTS II FONDO DE INVERSION,VINCI COMPASS S.A. ADMINISTRADORA GENERAL DE FONDOS,Vigente,,Fondo Inversión No Rescatable,2026060396922,https://www.cmfchile.cl/documentos/rfm/rfm_2026060396922.pdf,2026-06-15,2026-08-20
FM151015,2015-12-16,9274,QUEST RENTA GLOBAL FONDO DE INVERSION,QUEST ADMINISTRADORA GENERAL DE FONDOS S.A.,Vigente,,Fondo Inversión Rescatable,2021120510406,https://www.cmfchile.cl/documentos/rfm/rfm_2021120510406.pdf,2021-12-27,2026-08-20
FM151014,2015-12-15,9273,FONDO DE INVERSIÓN LAB DEUDA INMOBILIARIA I,LAB CAPITAL ADMINISTRADORA GENERAL DE FONDOS S.A.,Vigente,,Fondo Inversión No Rescatable,2026050339289,https://www.cmfchile.cl/documentos/rfm/rfm_2026050339289.pdf,2026-05-19,2026-08-20
FM151013,2015-12-14,9272,COMMONFUND FONDO DE INVERSION,BICE INVERSIONES ADMINISTRADORA GENERAL DE FONDOS S.A.,No Vigente,,Fondo Inversión No Rescatable,2015120149945,https://www.cmfchile.cl/documentos/rfm/rfm_2015120149945.pdf,2015-12-14,2026-08-20
FM151012,2015-12-14,9271,BTG PACTUAL DEUDA DIRECTA FONDO DE INVERSIÓN,BTG PACTUAL CHILE S.A. ADMINISTRADORA GENERAL DE FONDOS,No Vigente,Liquidado,Fondo Inversión No Rescatable,2016050067344,https://www.cmfchile.cl/documentos/rfm/rfm_2016050067344.pdf,2016-05-20,2026-08-20
FM151011,2015-12-14,9270,MONEDA RENTA VARIABLE USA FONDO DE INVERSION,MONEDA S.A. ADMINISTRADORA GENERAL DE FONDOS,No Vigente,,Fondo Inversión Rescatable,2022030112752,https://www.cmfchile.cl/documentos/rfm/rfm_2022030112752.pdf,2022-03-23,2026-08-20
FM151010,2015-12-14,9269,MONEDA RENTA VARIABLE INTERNACIONAL FONDO DE INVERSION,MONEDA S.A. ADMINISTRADORA GENERAL DE FONDOS,Vigente,,Fondo Inversión Rescatable,2023080329880,https://www.cmfchile.cl/documentos/rfm/rfm_2023080329880.pdf,2023-08-04,2026-08-20
FM151009,2015-12-14,9268,MONEDA RENTA FIJA INTERNACIONAL FONDO DE INVERSIÓN,MONEDA S.A. ADMINISTRADORA GENERAL DE FONDOS,Vigente,,Fondo Inversión Rescatable,2023070289091,https://www.cmfchile.cl/documentos/rfm/rfm_2023070289091.pdf,2023-07-11,2026-08-20
FM151008,2015-12-14,9267,MONEDA RENTA FIJA INTERNACIONAL HIGH-YIELD FONDO DE INVERSION,MONEDA S.A. ADMINISTRADORA GENERAL DE FONDOS,No Vigente,,Fondo Inversión Rescatable,2022030112755,https://www.cmfchile.cl/documentos/rfm/rfm_2022030112755.pdf,2022-03-23,2026-08-20
FM151007,2015-12-01,9266,FONDO DE INVERSIÓN SECURITY OAKTREE OPPORTUNITIES II B,ADMINISTRADORA GENERAL DE FONDOS  SECURITY S.A.,Vigente,,Fondo Inversión No Rescatable,2020100454333,https://www.cmfchile.cl/documentos/rfm/rfm_2020100454333.pdf,2020-10-30,2026-08-20
FM151006,2015-12-01,9265,BICE LATAM HY FONDO DE INVERSION,BICE INVERSIONES ADMINISTRADORA GENERAL DE FONDOS S.A.,No Vigente,,Fondo Inversión No Rescatable,2015120145267,https://www.cmfchile.cl/documentos/rfm/rfm_2015120145267.pdf,2015-12-01,2026-08-20
FM151005,2015-11-26,9264,PICTON-TPG VII FONDO DE INVERSION,PICTON ADMINISTRADORA GENERAL DE FONDOS S.A.,Vigente,,Fondo Inversión No Rescatable,2025060404887,https://www.cmfchile.cl/documentos/rfm/rfm_2025060404887.pdf,2025-06-10,2026-08-20
FM151003,2015-11-25,9262,FONDO MUTUO BCI ESTRUCTURADO 108 III,BCI ASSET MANAGEMENT ADMINISTRADORA  GENERAL DE FONDOS S.A.,No Vigente,,Fondo Mutuo,2015110142337,https://www.cmfchile.cl/documentos/rfm/rfm_2015110142337.pdf,2015-11-25,2026-08-20
FM151004,2015-11-25,9263,VOLCOMCAPITAL PE SECONDARY II FONDO DE INVERSION,VOLCOMCAPITAL ADMINISTRADORA GENERAL DE FONDOS S.A.,Vigente,,Fondo Inversión No Rescatable,2024070384646,https://www.cmfchile.cl/documentos/rfm/rfm_2024070384646.pdf,2024-07-25,2026-08-20
FM151000,2015-11-24,9259,FONDO MUTUO ZURICH REFUGIO NOMINAL,ZURICH CHILE ASSET MANAGEMENT ADMINISTRADORA GENERAL DE FONDOS S.A.,No Vigente,,Fondo Mutuo,2018100179542,https://www.cmfchile.cl/documentos/rfm/rfm_2018100179542.pdf,2018-10-25,2026-08-20
FM151002,2015-11-24,9261,FONDO MUTUO ZURICH DINAMICO,ZURICH CHILE ASSET MANAGEMENT ADMINISTRADORA GENERAL DE FONDOS S.A.,No Vigente,,Fondo Mutuo,2018080144592,https://www.cmfchile.cl/documentos/rfm/rfm_2018080144592.pdf,2018-08-21,2026-08-20
FM151001,2015-11-24,9260,FONDO MUTUO ZURICH REFUGIO UF,ZURICH CHILE ASSET MANAGEMENT ADMINISTRADORA GENERAL DE FONDOS S.A.,No Vigente,,Fondo Mutuo,2018100179547,https://www.cmfchile.cl/documentos/rfm/rfm_2018100179547.pdf,2018-10-25,2026-08-20
FM150999,2015-11-11,9258,COMPASS BRAZIL CORPORATE DEBT FONDO DE INVERSION,VINCI COMPASS S.A. ADMINISTRADORA GENERAL DE FONDOS,No Vigente,,Fondo Inversión No Rescatable,2016010007014,https://www.cmfchile.cl/documentos/rfm/rfm_2016010007014.pdf,2016-01-18,2026-08-20
FM150998,2015-11-11,9257,VINCI COMPASS PRIVATE EQUITY XIII FONDO DE INVERSIÓN,VINCI COMPASS S.A. ADMINISTRADORA GENERAL DE FONDOS,Vigente,,Fondo Inversión No Rescatable,2026060418283,https://www.cmfchile.cl/documentos/rfm/rfm_2026060418283.pdf,2026-06-24,2026-08-20
FM150997,2015-11-10,9256,FONDO DE INVERSIÓN CREDICORP CAPITAL RENTA INMOBILIARIA,CREDICORP CAPITAL ASSET MANAGEMENT S.A. ADMINISTRADORA GENERAL DE FONDOS,No Vigente,Liquidado,Fondo Inversión No Rescatable,2016110183113,https://www.cmfchile.cl/documentos/rfm/rfm_2016110183113.pdf,2016-11-30,2026-08-20
FM150996,2015-11-09,9255,FONDO MUTUO BANCHILE JAPÓN ACCIONARIO,BANCHILE ADMINISTRADORA GENERAL DE FONDOS S.A.,No Vigente,,Fondo Mutuo,2022100401123,https://www.cmfchile.cl/documentos/rfm/rfm_2022100401123.pdf,2022-10-19,2026-08-20
FM150995,2015-11-02,9254,FONDO MUTUO SANTANDER ACCIONES EUROPA,SANTANDER ASSET MANAGEMENT S.A. ADMINISTRADORA GENERAL DE FONDOS,Vigente,,Fondo Mutuo,2025060418484,https://www.cmfchile.cl/documentos/rfm/rfm_2025060418484.pdf,2025-06-16,2026-08-20
FM150994,2015-10-29,9253,FONDO MUTUO SCOTIA MONETARIO XX,SCOTIA  ADMINISTRADORA GENERAL DE FONDOS CHILE S.A.,No Vigente,,Fondo Mutuo,2018120204438,https://www.cmfchile.cl/documentos/rfm/rfm_2018120204438.pdf,2018-12-10,2026-08-20
FM150993,2015-10-28,9252,FONDO DE INVERSIÓN BANCHILE DEUDA CHILENA,BANCHILE ADMINISTRADORA GENERAL DE FONDOS S.A.,Vigente,,Fondo Inversión Rescatable,2025040305965,https://www.cmfchile.cl/documentos/rfm/rfm_2025040305965.pdf,2025-04-23,2026-08-20
FM150992,2015-10-27,9251,FONDO DE INVERSIÓN CREDICORP CAPITAL DEUDA CORPORATIVA INVESTMENT GRADE,CREDICORP CAPITAL ASSET MANAGEMENT S.A. ADMINISTRADORA GENERAL DE FONDOS,Vigente,,Fondo Inversión Rescatable,2026060407948,https://www.cmfchile.cl/documentos/rfm/rfm_2026060407948.pdf,2026-08-04,2026-08-20
FM150991,2015-10-27,9250,FONDO DE INVERSIÓN CREDICORP CAPITAL ACCIONES US,CREDICORP CAPITAL ASSET MANAGEMENT S.A. ADMINISTRADORA GENERAL DE FONDOS,No Vigente,Liquidado,Fondo Inversión Rescatable,2019060100088,https://www.cmfchile.cl/documentos/rfm/rfm_2019060100088.pdf,2019-06-10,2026-08-20
FM150990,2015-10-22,9249,FONDO DE INVERSIÓN NEVASA HMC WP XII GLOBAL GROWTH,HMC S.A. ADMINISTRADORA GENERAL DE FONDOS,No Vigente,,Fondo Inversión No Rescatable,2015110137665,https://www.cmfchile.cl/documentos/rfm/rfm_2015110137665.pdf,2015-11-12,2026-08-20
FM150989,2015-10-15,9248,FONDO MUTUO ITAU DEUDA CORPORATIVA CHILE,ITAU ADMINISTRADORA GENERAL DE FONDOS S.A.,Vigente,,Fondo Mutuo,2024060338989,https://www.cmfchile.cl/documentos/rfm/rfm_2024060338989.pdf,2024-06-27,2026-08-20
FM150988,2015-10-14,9247,NEORENTAS DEUDA PRIVADA FONDO DE INVERSION,NEORENTAS S.A. ADMINISTRADORA GENERAL DE FONDOS,No Vigente,Liquidado,Fondo Inversión No Rescatable,2015110135272,https://www.cmfchile.cl/documentos/rfm/rfm_2015110135272.pdf,2015-11-06,2026-08-20
FM150987,2015-10-08,9246,CORP DEUDA ULTRA II FONDO DE INVERSION,CORPBANCA  ADMINISTRADORA GENERAL DE FONDOS S.A.,No Vigente,Liquidado,Fondo Inversión No Rescatable,2016050058826,https://www.cmfchile.cl/documentos/rfm/rfm_2016050058826.pdf,2016-05-04,2026-08-20
FM150984,2015-10-07,9243,FONDO DE INVERSION COMPASS SC CHILE II,VINCI COMPASS S.A. ADMINISTRADORA GENERAL DE FONDOS,No Vigente,,Fondo Inversión No Rescatable,2015110133145,https://www.cmfchile.cl/documentos/rfm/rfm_2015110133145.pdf,2015-11-03,2026-08-20
FM150985,2015-10-07,9244,FONDO DE INVERSION BCI SMALL CAP CHILE II,BCI ASSET MANAGEMENT ADMINISTRADORA  GENERAL DE FONDOS S.A.,No Vigente,,Fondo Inversión No Rescatable,2015110133153,https://www.cmfchile.cl/documentos/rfm/rfm_2015110133153.pdf,2015-11-03,2026-08-20
FM150986,2015-10-07,9245,FONDO DE INVERSION BTG PACTUAL SMALL CAP CHILE II,BTG PACTUAL CHILE S.A. ADMINISTRADORA GENERAL DE FONDOS,No Vigente,,Fondo Inversión No Rescatable,2015110133148,https://www.cmfchile.cl/documentos/rfm/rfm_2015110133148.pdf,2015-11-03,2026-08-20
FM150983,2015-10-06,9242,FONDO DE INVERSIÓN SECURITY SPECIAL SITUATIONS,ADMINISTRADORA GENERAL DE FONDOS  SECURITY S.A.,Vigente,,Fondo Inversión No Rescatable,2019090167643,https://www.cmfchile.cl/documentos/rfm/rfm_2019090167643.pdf,2019-09-17,2026-08-20
FM150982,2015-10-06,9241,FONDO DE INVERSIÓN SECURITY DEBT OPPORTUNITIES,ADMINISTRADORA GENERAL DE FONDOS  SECURITY S.A.,Vigente,,Fondo Inversión No Rescatable,2025070480154,https://www.cmfchile.cl/documentos/rfm/rfm_2025070480154.pdf,2025-07-11,2026-08-20
FM150981,2015-10-02,9240,VOLCOMCAPITAL PE SECONDARY I FONDO DE INVERSION,VOLCOMCAPITAL ADMINISTRADORA GENERAL DE FONDOS S.A.,Vigente,,Fondo Inversión No Rescatable,2019050089706,https://www.cmfchile.cl/documentos/rfm/rfm_2019050089706.pdf,2019-05-23,2026-08-20
FM150980,2015-09-21,9239,BTG PACTUAL PRIVATE EQUITY – NB CIP III FONDO DE INVERSIÓN,BTG PACTUAL CHILE S.A. ADMINISTRADORA GENERAL DE FONDOS,No Vigente,,Fondo Inversión No Rescatable,2015090114451,https://www.cmfchile.cl/documentos/rfm/rfm_2015090114451.pdf,2015-09-21,2026-08-20
FM150979,2015-09-21,9238,FONDO MUTUO BICE RENTA LARGO PLAZO,BICE INVERSIONES ADMINISTRADORA GENERAL DE FONDOS S.A.,Vigente,,Fondo Mutuo,2025080540017,https://www.cmfchile.cl/documentos/rfm/rfm_2025080540017.pdf,2025-08-04,2026-08-20
FM150978,2015-09-21,9237,AURUS GLOBAL FONDO DE INVERSION,AURUS CAPITAL S.A.,No Vigente,Liquidado,Fondo Inversión Rescatable,2017030053233,https://www.cmfchile.cl/documentos/rfm/rfm_2017030053233.pdf,2017-03-27,2026-08-20
FM150977,2015-09-17,9236,FONDO DE INVERSIÓN HPH I,LARRAIN VIAL ACTIVOS S.A. ADMINISTRADORA GENERAL DE FONDOS,No Vigente,Liquidado,Fondo Inversión No Rescatable,2021070291255,https://www.cmfchile.cl/documentos/rfm/rfm_2021070291255.pdf,2021-07-20,2026-08-20
FM150976,2015-09-16,9235,VOLCOMCAPITAL CAPITAL ESTRUCTURADO INMOBILIARIO FONDO DE INVERSION,VOLCOMCAPITAL ADMINISTRADORA GENERAL DE FONDOS S.A.,No Vigente,Liquidado,Fondo Inversión No Rescatable,2018050088441,https://www.cmfchile.cl/documentos/rfm/rfm_2018050088441.pdf,2018-05-16,2026-08-20
FM150974,2015-09-15,9233,FONDO MUTUO ESTRUCTURADO SMALL - MID CAP USA NIVEL 90,BANCHILE ADMINISTRADORA GENERAL DE FONDOS S.A.,No Vigente,,Fondo Mutuo,2015090112597,https://www.cmfchile.cl/documentos/rfm/rfm_2015090112597.pdf,2015-09-15,2026-08-20
FM150973,2015-09-15,9232,FONDO MUTUO ESTRUCTURADO JAPÓN NIVEL 100,BANCHILE ADMINISTRADORA GENERAL DE FONDOS S.A.,No Vigente,,Fondo Mutuo,2015090112591,https://www.cmfchile.cl/documentos/rfm/rfm_2015090112591.pdf,2015-09-15,2026-08-20
FM150972,2015-09-15,9231,FONDO MUTUO BCI DEUDA LATAM IG,BCI ASSET MANAGEMENT ADMINISTRADORA  GENERAL DE FONDOS S.A.,Vigente,,Fondo Mutuo,2025110830367,https://www.cmfchile.cl/documentos/rfm/rfm_2025110830367.pdf,2025-11-26,2026-08-20
FM150971,2015-09-15,9230,FONDO DE INVERSION HMC CIP VII GLOBAL SECONDARIES II,HMC S.A. ADMINISTRADORA GENERAL DE FONDOS,Vigente,,Fondo Inversión No Rescatable,2025050360485,https://www.cmfchile.cl/documentos/rfm/rfm_2025050360485.pdf,2025-05-20,2026-08-20
FM150975,2015-09-15,9234,FONDO MUTUO BOOSTER REAL ESTATE EUROPE,BANCHILE ADMINISTRADORA GENERAL DE FONDOS S.A.,No Vigente,,Fondo Mutuo,2015090112598,https://www.cmfchile.cl/documentos/rfm/rfm_2015090112598.pdf,2015-09-15,2026-08-20
FM150970,2015-09-04,9229,PRINCIPAL REAL ESTATE USA FONDO DE INVERSION,PRINCIPAL ASSET MANAGEMENT ADMINISTRADORA GENERAL DE FONDOS S.A.,Vigente,,Fondo Inversión No Rescatable,2023070292393,https://www.cmfchile.cl/documentos/rfm/rfm_2023070292393.pdf,2023-06-30,2026-08-20
FM150969,2015-08-25,9228,FONDO MUTUO BCI CARTERA DINÁMICA AHORRO,BCI ASSET MANAGEMENT ADMINISTRADORA  GENERAL DE FONDOS S.A.,Vigente,,Fondo Mutuo,2023060242311,https://www.cmfchile.cl/documentos/rfm/rfm_2023060242311.pdf,2023-06-06,2026-08-20
FM150968,2015-08-21,9227,FONDO DE INVERSIÓN SECURITY OAKTREE REAL ESTATE OPPORTUNITIES FUND VII,ADMINISTRADORA GENERAL DE FONDOS  SECURITY S.A.,Vigente,,Fondo Inversión No Rescatable,2022070266911,https://www.cmfchile.cl/documentos/rfm/rfm_2022070266911.pdf,2022-07-08,2026-08-20
FM150967,2015-08-20,9226,FONDO MUTUO BCI DEUDA CORPORATIVA ESTRATÉGICA,BCI ASSET MANAGEMENT ADMINISTRADORA  GENERAL DE FONDOS S.A.,Vigente,,Fondo Mutuo,2025030158030,https://www.cmfchile.cl/documentos/rfm/rfm_2025030158030.pdf,2025-03-03,2026-08-20
FM150965,2015-08-12,9224,FONDO MUTUO RETORNO EFICIENTE,BANCHILE ADMINISTRADORA GENERAL DE FONDOS S.A.,No Vigente,,Fondo Mutuo,2015080096528,https://www.cmfchile.cl/documentos/rfm/rfm_2015080096528.pdf,2015-08-12,2026-08-20
FM150966,2015-08-12,9225,FONDO DE INVERSIÓN ESTRATEGIAS ALTERNATIVAS,BANCHILE ADMINISTRADORA GENERAL DE FONDOS S.A.,No Vigente,,Fondo Inversión Rescatable,2015080096531,https://www.cmfchile.cl/documentos/rfm/rfm_2015080096531.pdf,2015-08-12,2026-08-20
FM150964,2015-08-10,9223,FONDO MUTUO BICE ACCIONES INDIA,BICE INVERSIONES ADMINISTRADORA GENERAL DE FONDOS S.A.,No Vigente,,Fondo Mutuo,2022110449063,https://www.cmfchile.cl/documentos/rfm/rfm_2022110449063.pdf,2022-11-25,2026-08-20
FM150962,2015-08-05,9221,FONDO MUTUO LARRAINVIAL AHORRO DÓLAR,LARRAINVIAL ASSET MANAGEMENT ADMINISTRADORA GENERAL DE FONDOS S.A.,Vigente,,Fondo Mutuo,2023110457965,https://www.cmfchile.cl/documentos/rfm/rfm_2023110457965.pdf,2023-11-02,2026-08-20
FM150963,2015-08-05,9222,FONDO MUTUO SANTANDER AHORRO MEDIANO PLAZO,SANTANDER ASSET MANAGEMENT S.A. ADMINISTRADORA GENERAL DE FONDOS,Vigente,,Fondo Mutuo,2026050316073,https://www.cmfchile.cl/documentos/rfm/rfm_2026050316073.pdf,2026-05-07,2026-08-20
FM150961,2015-07-30,9220,NEORENTAS OCHO FONDO DE INVERSION,NEORENTAS S.A. ADMINISTRADORA GENERAL DE FONDOS,Vigente,,Fondo Inversión No Rescatable,2015100127419,https://www.cmfchile.cl/documentos/rfm/rfm_2015100127419.pdf,2015-10-20,2026-08-20
FM150960,2015-07-30,9219,FONDO DE INVERSIÓN ACTIVA FINANCIAMIENTO ESTRUCTURADO,LARRAIN VIAL ACTIVOS S.A. ADMINISTRADORA GENERAL DE FONDOS,Vigente,,Fondo Inversión No Rescatable,2026070433351,https://www.cmfchile.cl/documentos/rfm/rfm_2026070433351.pdf,2026-07-01,2026-08-20
FM150959,2015-07-29,9218,FONDO MUTUO BOOSTER USA PESOS,BANCHILE ADMINISTRADORA GENERAL DE FONDOS S.A.,No Vigente,,Fondo Mutuo,2015070090629,https://www.cmfchile.cl/documentos/rfm/rfm_2015070090629.pdf,2015-07-29,2026-08-20
FM150958,2015-07-29,9217,CORP ESPAÑA FONDO DE INVERSION,CORPBANCA  ADMINISTRADORA GENERAL DE FONDOS S.A.,No Vigente,Liquidado,Fondo Inversión No Rescatable,2016040051400,https://www.cmfchile.cl/documentos/rfm/rfm_2016040051400.pdf,2016-04-20,2026-08-20
FM150957,2015-07-28,9216,FONDO DE INVERSIÓN CREDICORP CAPITAL PRIVATE DEBT I,CREDICORP CAPITAL ASSET MANAGEMENT S.A. ADMINISTRADORA GENERAL DE FONDOS,Vigente,,Fondo Inversión No Rescatable,2026050354812,https://www.cmfchile.cl/documentos/rfm/rfm_2026050354812.pdf,2026-05-27,2026-08-20
FM150956,2015-07-17,9215,FONDO DE INVERSION ECUS AGRI-FOOD,AMICORP ADMINISTRADORA GENERAL DE FONDOS S.A.,Vigente,,Fondo Inversión No Rescatable,2025010043598,https://www.cmfchile.cl/documentos/rfm/rfm_2025010043598.pdf,2025-01-21,2026-08-20
FM150955,2015-07-15,9214,FONDO DE INVERSION HMC CIP VII GLOBAL SECONDARIES,HMC S.A. ADMINISTRADORA GENERAL DE FONDOS,Vigente,,Fondo Inversión No Rescatable,2025050360472,https://www.cmfchile.cl/documentos/rfm/rfm_2025050360472.pdf,2025-05-20,2026-08-20
FM150954,2015-07-13,9213,MONEDA-CARLYLE IV FONDO DE INVERSIÓN,MONEDA S.A. ADMINISTRADORA GENERAL DE FONDOS,Vigente,,Fondo Inversión No Rescatable,2022050196098,https://www.cmfchile.cl/documentos/rfm/rfm_2022050196098.pdf,2022-05-19,2026-08-20
FM150953,2015-07-02,9212,MONEDA DEUDA CHILE FONDO DE INVERSIÓN,MONEDA S.A. ADMINISTRADORA GENERAL DE FONDOS,Vigente,,Fondo Inversión Rescatable,2025080555447,https://www.cmfchile.cl/documentos/rfm/rfm_2025080555447.pdf,2025-08-08,2026-08-20
FM150952,2015-06-30,9211,FONDO DE INVERSIÓN BCI REVERSE CONVERTIBLE USA,BCI ASSET MANAGEMENT ADMINISTRADORA  GENERAL DE FONDOS S.A.,No Vigente,,Fondo Inversión Rescatable,2015060078384,https://www.cmfchile.cl/documentos/rfm/rfm_2015060078384.pdf,2015-06-30,2026-08-20
FM150951,2015-06-30,9210,FONDO MUTUO BANCOESTADO EMPRESAS EUROPEAS,BANCOESTADO S.A. ADMINISTRADORA  GENERAL DE FONDOS,No Vigente,Liquidado,Fondo Mutuo,2015070078696,https://www.cmfchile.cl/documentos/rfm/rfm_2015070078696.pdf,2015-07-01,2026-08-20
FM150950,2015-06-30,9209,FONDO MUTUO BTG PACTUAL RENTA INTERNACIONAL,BTG PACTUAL CHILE S.A. ADMINISTRADORA GENERAL DE FONDOS,Vigente,,Fondo Mutuo,2026060424579,https://www.cmfchile.cl/documentos/rfm/rfm_2026060424579.pdf,2026-06-26,2026-08-20
FM150949,2015-06-26,9208,COMPASS ACCIONES CHILENAS FONDO DE INVERSION,VINCI COMPASS S.A. ADMINISTRADORA GENERAL DE FONDOS,No Vigente,,Fondo Inversión Rescatable,2015060077917,https://www.cmfchile.cl/documentos/rfm/rfm_2015060077917.pdf,2015-06-26,2026-08-20
FM150948,2015-06-24,9207,PICTON-EQT VII RV FONDO DE INVERSION,PICTON ADMINISTRADORA GENERAL DE FONDOS S.A.,Vigente,,Fondo Inversión No Rescatable,2025060404861,https://www.cmfchile.cl/documentos/rfm/rfm_2025060404861.pdf,2025-06-10,2026-08-20
FM150947,2015-06-22,9206,FONDO MUTUO ESTRUCTURADO EUROPA DESARROLLADA NIVEL 90,BANCHILE ADMINISTRADORA GENERAL DE FONDOS S.A.,No Vigente,,Fondo Mutuo,2015060075829,https://www.cmfchile.cl/documentos/rfm/rfm_2015060075829.pdf,2015-06-22,2026-08-20
FM150946,2015-06-22,9205,FONDO MUTUO ESTRUCTURADO EUROPA DESARROLLADA NIVEL 100,BANCHILE ADMINISTRADORA GENERAL DE FONDOS S.A.,No Vigente,,Fondo Mutuo,2015060075827,https://www.cmfchile.cl/documentos/rfm/rfm_2015060075827.pdf,2015-06-22,2026-08-20
FM150943,2015-06-18,9202,MBI DEUDA TOTAL FONDO DE INVERSIÓN,MBI ADMINISTRADORA GENERAL DE FONDOS S.A.,Vigente,,Fondo Inversión Rescatable,2025080552791,https://www.cmfchile.cl/documentos/rfm/rfm_2025080552791.pdf,2025-08-07,2026-08-20
FM150945,2015-06-18,9204,FONDO MUTUO BTG PACTUAL ACCIONES EUROPEAS,BTG PACTUAL CHILE S.A. ADMINISTRADORA GENERAL DE FONDOS,No Vigente,,Fondo Mutuo,2015060074194,https://www.cmfchile.cl/documentos/rfm/rfm_2015060074194.pdf,2015-06-18,2026-08-20
FM150944,2015-06-18,9203,MBI DEUDA ALTERNATIVA FONDO DE INVERSIÓN,MBI ADMINISTRADORA GENERAL DE FONDOS S.A.,Vigente,,Fondo Inversión Rescatable,2026060377333,https://www.cmfchile.cl/documentos/rfm/rfm_2026060377333.pdf,2026-06-05,2026-08-20
FM150942,2015-06-16,9201,FONDO MUTUO ITAU UF PLUS,ITAU ADMINISTRADORA GENERAL DE FONDOS S.A.,Vigente,,Fondo Mutuo,2024100531075,https://www.cmfchile.cl/documentos/rfm/rfm_2024100531075.pdf,2024-10-14,2026-08-20
FM150941,2015-06-03,9200,FONDO MUTUO BCI GARANTIZADO DEPÓSITO 110,BCI ASSET MANAGEMENT ADMINISTRADORA  GENERAL DE FONDOS S.A.,No Vigente,,Fondo Mutuo,2015060067992,https://www.cmfchile.cl/documentos/rfm/rfm_2015060067992.pdf,2015-06-03,2026-08-20
FM150939,2015-06-03,9198,FONDO DE INVERSIÓN ZURICH RENTA VARIABLE GLOBAL,ZURICH CHILE ASSET MANAGEMENT ADMINISTRADORA GENERAL DE FONDOS S.A.,No Vigente,,Fondo Inversión Rescatable,2019100185392,https://www.cmfchile.cl/documentos/rfm/rfm_2019100185392.pdf,2019-10-17,2026-08-20
FM150938,2015-06-03,9197,FONDO MUTUO BCI EUROPA GARANTIZADO II,BCI ASSET MANAGEMENT ADMINISTRADORA  GENERAL DE FONDOS S.A.,No Vigente,,Fondo Mutuo,2015060067975,https://www.cmfchile.cl/documentos/rfm/rfm_2015060067975.pdf,2015-06-03,2026-08-20
FM150940,2015-06-03,9199,FONDO DE INVERSIÓN ZURICH DEUDA GLOBAL,ZURICH CHILE ASSET MANAGEMENT ADMINISTRADORA GENERAL DE FONDOS S.A.,Vigente,,Fondo Inversión Rescatable,2025060387908,https://www.cmfchile.cl/documentos/rfm/rfm_2025060387908.pdf,2025-06-02,2026-08-20
FM150937,2015-06-02,9196,FONDO MUTUO RENDIMIENTO CORTO PLAZO,BANCHILE ADMINISTRADORA GENERAL DE FONDOS S.A.,No Vigente,,Fondo Mutuo,2016050070090,https://www.cmfchile.cl/documentos/rfm/rfm_2016050070090.pdf,2016-05-27,2026-08-20
FM150936,2015-06-02,9195,VISION ACONCAGUA FONDO DE INVERSIÓN,FINASSET ADMINISTRADORA GENERAL DE FONDOS S.A.,No Vigente,,Fondo Inversión Rescatable,2019020023232,https://www.cmfchile.cl/documentos/rfm/rfm_2019020023232.pdf,2019-02-06,2026-08-20
FM150935,2015-05-29,9194,FONDO DE INVERSIÓN FALCOM TACTICAL CHILEAN EQUITIES,FALCOM ADMINISTRADORA GENERAL DE FONDOS S.A.,Vigente,,Fondo Inversión Rescatable,2023010014278,https://www.cmfchile.cl/documentos/rfm/rfm_2023010014278.pdf,2023-01-11,2026-08-20
FM150931,2015-05-26,9190,FONDO MUTUO LARRAINVIAL CUENTA ACTIVA MODERADA,LARRAINVIAL ASSET MANAGEMENT ADMINISTRADORA GENERAL DE FONDOS S.A.,Vigente,,Fondo Mutuo,2023030103645,https://www.cmfchile.cl/documentos/rfm/rfm_2023030103645.pdf,2023-03-10,2026-08-20
FM150930,2015-05-26,9189,FONDO MUTUO ITAU RENTA ESTRATEGICA,ITAU ADMINISTRADORA GENERAL DE FONDOS S.A.,No Vigente,,Fondo Mutuo,2018040073701,https://www.cmfchile.cl/documentos/rfm/rfm_2018040073701.pdf,2018-04-23,2026-08-20
FM150933,2015-05-26,9192,FONDO MUTUO LARRAINVIAL CUENTA ACTIVA CONSERVADORA,LARRAINVIAL ASSET MANAGEMENT ADMINISTRADORA GENERAL DE FONDOS S.A.,Vigente,,Fondo Mutuo,2023030103614,https://www.cmfchile.cl/documentos/rfm/rfm_2023030103614.pdf,2023-03-10,2026-08-20
FM150932,2015-05-26,9191,FONDO MUTUO LARRAINVIAL CUENTA ACTIVA DEFENSIVA,LARRAINVIAL ASSET MANAGEMENT ADMINISTRADORA GENERAL DE FONDOS S.A.,No Vigente,,Fondo Mutuo,2023030103640,https://www.cmfchile.cl/documentos/rfm/rfm_2023030103640.pdf,2023-03-10,2026-08-20
FM150934,2015-05-26,9193,FONDO MUTUO LARRAINVIAL CUENTA ACTIVA AGRESIVA,LARRAINVIAL ASSET MANAGEMENT ADMINISTRADORA GENERAL DE FONDOS S.A.,Vigente,,Fondo Mutuo,2023030103595,https://www.cmfchile.cl/documentos/rfm/rfm_2023030103595.pdf,2023-03-10,2026-08-20
FM150929,2015-05-22,9188,FONDO DE INVERSION RENTAS HABITACIONALES,BANCHILE ADMINISTRADORA GENERAL DE FONDOS S.A.,Vigente,,Fondo Inversión No Rescatable,2019060108896,https://www.cmfchile.cl/documentos/rfm/rfm_2019060108896.pdf,2019-06-26,2026-08-20
FM150928,2015-05-22,9187,FONDO MUTUO SECURITY EUROPA ESTRATÉGICO,ADMINISTRADORA GENERAL DE FONDOS  SECURITY S.A.,Vigente,,Fondo Mutuo,2025120895683,https://www.cmfchile.cl/documentos/rfm/rfm_2025120895683.pdf,2025-12-22,2026-08-20
FM150927,2015-05-13,9186,MONEDA - CARLYLE III FONDO DE INVERSIÓN,MONEDA S.A. ADMINISTRADORA GENERAL DE FONDOS,Vigente,,Fondo Inversión No Rescatable,2022050200431,https://www.cmfchile.cl/documentos/rfm/rfm_2022050200431.pdf,2022-05-23,2026-08-20
FM150926,2015-05-06,9185,FONDO DE INVERSIÓN CREDICORP CAPITAL PRIVATE EQUITY – PG SECONDARIES II FULLY FUNDED,CREDICORP CAPITAL ASSET MANAGEMENT S.A. ADMINISTRADORA GENERAL DE FONDOS,Vigente,,Fondo Inversión No Rescatable,2023060274632,https://www.cmfchile.cl/documentos/rfm/rfm_2023060274632.pdf,2023-06-30,2026-08-20
FM150925,2015-05-05,9184,PICTON-HAMILTON LANE SMID FONDO DE INVERSION,PICTON ADMINISTRADORA GENERAL DE FONDOS S.A.,Vigente,,Fondo Inversión No Rescatable,2026070495641,https://www.cmfchile.cl/documentos/rfm/rfm_2026070495641.pdf,2026-07-29,2026-08-20
FM150923,2015-04-30,9182,OFFICE CINCO FONDO DE INVERSION,NEORENTAS S.A. ADMINISTRADORA GENERAL DE FONDOS,No Vigente,Liquidado,Fondo Inversión No Rescatable,2017100173857,https://www.cmfchile.cl/documentos/rfm/rfm_2017100173857.pdf,2017-10-02,2026-08-20
FM150917,2015-04-30,9176,NEORENTAS UNO FONDO DE INVERSION,NEORENTAS S.A. ADMINISTRADORA GENERAL DE FONDOS,No Vigente,Liquidado,Fondo Inversión No Rescatable,2016120186759,https://www.cmfchile.cl/documentos/rfm/rfm_2016120186759.pdf,2016-12-06,2026-08-20
FM150922,2015-04-30,9181,OFFICE CUATRO FONDO DE INVERSION,NEORENTAS S.A. ADMINISTRADORA GENERAL DE FONDOS,No Vigente,,Fondo Inversión No Rescatable,2017100173834,https://www.cmfchile.cl/documentos/rfm/rfm_2017100173834.pdf,2017-10-02,2026-08-20
FM150915,2015-04-30,9174,COMPASS PERÚ FONDO DE INVERSION,VINCI COMPASS S.A. ADMINISTRADORA GENERAL DE FONDOS,No Vigente,,Fondo Inversión Rescatable,2020100418560,https://www.cmfchile.cl/documentos/rfm/rfm_2020100418560.pdf,2020-10-01,2026-08-20
FM150916,2015-04-30,9175,COMPASS MÉXICO I FONDO DE INVERSION,VINCI COMPASS S.A. ADMINISTRADORA GENERAL DE FONDOS,No Vigente,,Fondo Inversión No Rescatable,2022060235918,https://www.cmfchile.cl/documentos/rfm/rfm_2022060235918.pdf,2022-06-16,2026-08-20
FM150914,2015-04-30,9173,COMPASS COLOMBIA FONDO DE INVERSION,VINCI COMPASS S.A. ADMINISTRADORA GENERAL DE FONDOS,No Vigente,,Fondo Inversión Rescatable,2015040054137,https://www.cmfchile.cl/documentos/rfm/rfm_2015040054137.pdf,2015-04-30,2026-08-20
FM150918,2015-04-30,9177,NEORENTAS TRES FONDO DE INVERSION,NEORENTAS S.A. ADMINISTRADORA GENERAL DE FONDOS,No Vigente,Liquidado,Fondo Inversión No Rescatable,2015040054241,https://www.cmfchile.cl/documentos/rfm/rfm_2015040054241.pdf,2015-04-30,2026-08-20
FM150919,2015-04-30,9178,NEORENTAS CINCO FONDO DE INVERSION,NEORENTAS S.A. ADMINISTRADORA GENERAL DE FONDOS,No Vigente,Liquidado,Fondo Inversión No Rescatable,2015040054243,https://www.cmfchile.cl/documentos/rfm/rfm_2015040054243.pdf,2015-04-30,2026-08-20
FM150920,2015-04-30,9179,NEORENTAS SEIS FONDO DE INVERSION,NEORENTAS S.A. ADMINISTRADORA GENERAL DE FONDOS,Vigente,,Fondo Inversión No Rescatable,2016050062977,https://www.cmfchile.cl/documentos/rfm/rfm_2016050062977.pdf,2016-05-12,2026-08-20
FM150921,2015-04-30,9180,NEORENTAS SIETE FONDO DE INVERSION,NEORENTAS S.A. ADMINISTRADORA GENERAL DE FONDOS,No Vigente,Liquidado,Fondo Inversión No Rescatable,2016050062974,https://www.cmfchile.cl/documentos/rfm/rfm_2016050062974.pdf,2016-05-12,2026-08-20
FM150924,2015-04-30,9183,OFFICE SEIS FONDO DE INVERSION,NEORENTAS S.A. ADMINISTRADORA GENERAL DE FONDOS,Vigente,,Fondo Inversión No Rescatable,2024060308789,https://www.cmfchile.cl/documentos/rfm/rfm_2024060308789.pdf,2024-06-06,2026-08-20
FM150913,2015-04-28,9172,CORP EUROPA III FONDO DE INVERSION,CORPBANCA  ADMINISTRADORA GENERAL DE FONDOS S.A.,No Vigente,Liquidado,Fondo Inversión No Rescatable,2016040051392,https://www.cmfchile.cl/documentos/rfm/rfm_2016040051392.pdf,2016-04-20,2026-08-20
FM150912,2015-04-28,9171,FONDO DE INVERSIÓN LARRAINVIAL PERÚ EQUITY,LARRAINVIAL ASSET MANAGEMENT ADMINISTRADORA GENERAL DE FONDOS S.A.,No Vigente,Liquidado,Fondo Inversión Rescatable,2019090172967,https://www.cmfchile.cl/documentos/rfm/rfm_2019090172967.pdf,2019-09-30,2026-08-20
FM150911,2015-04-27,9170,FONDO DE INVERSIÓN CREDICORP CAPITAL PRIVATE EQUITY – PG SECONDARIES II,CREDICORP CAPITAL ASSET MANAGEMENT S.A. ADMINISTRADORA GENERAL DE FONDOS,Vigente,,Fondo Inversión No Rescatable,2020080374673,https://www.cmfchile.cl/documentos/rfm/rfm_2020080374673.pdf,2020-08-26,2026-08-20
FM150910,2015-04-16,9169,FONDO DE INVERSIÓN LARRAINVIAL CAPITAL PRIVADO LATAM I,LARRAINVIAL ASSET MANAGEMENT ADMINISTRADORA GENERAL DE FONDOS S.A.,Vigente,,Fondo Inversión No Rescatable,2023080334189,https://www.cmfchile.cl/documentos/rfm/rfm_2023080334189.pdf,2023-08-08,2026-08-20
FM150909,2015-04-15,9168,FONDO DE INVERSIÓN CAPITAL ADVISORS REAL ESTATE OFFICE US II,CAPITAL ADVISORS ADMINISTRADORA GENERAL DE FONDOS S.A.,No Vigente,,Fondo Inversión No Rescatable,2022010037884,https://www.cmfchile.cl/documentos/rfm/rfm_2022010037884.pdf,2022-01-27,2026-08-20
FM150908,2015-04-14,9167,VINCI COMPASS PRIVATE EQUITY XII FONDO DE INVERSIÓN,VINCI COMPASS S.A. ADMINISTRADORA GENERAL DE FONDOS,Vigente,,Fondo Inversión No Rescatable,2026060418286,https://www.cmfchile.cl/documentos/rfm/rfm_2026060418286.pdf,2026-06-24,2026-08-20
FM150907,2015-04-01,9166,FONDO MUTUO SCOTIA MONETARIO XIX,SCOTIA  ADMINISTRADORA GENERAL DE FONDOS CHILE S.A.,No Vigente,,Fondo Mutuo,2018120204428,https://www.cmfchile.cl/documentos/rfm/rfm_2018120204428.pdf,2018-12-10,2026-08-20
FM150906,2015-03-27,9165,VINCI COMPASS GLOBAL INVESTMENTS FONDO DE INVERSION,VINCI COMPASS S.A. ADMINISTRADORA GENERAL DE FONDOS,Vigente,,Fondo Inversión No Rescatable,2026060396925,https://www.cmfchile.cl/documentos/rfm/rfm_2026060396925.pdf,2026-06-15,2026-08-20
FM150904,2015-03-25,9163,FONDO DE INVERSIÓN TPL INVESTMENT CHILE,LARRAIN VIAL ACTIVOS S.A. ADMINISTRADORA GENERAL DE FONDOS,Vigente,,Fondo Inversión No Rescatable,2024050267488,https://www.cmfchile.cl/documentos/rfm/rfm_2024050267488.pdf,2024-05-13,2026-08-20
FM150905,2015-03-25,9164,FONDO DE INVERSIÓN ALTAMAR PRIVATE EQUITY VIII,LARRAIN VIAL ACTIVOS S.A. ADMINISTRADORA GENERAL DE FONDOS,Vigente,,Fondo Inversión No Rescatable,2026070433352,https://www.cmfchile.cl/documentos/rfm/rfm_2026070433352.pdf,2026-07-01,2026-08-20
FM150903,2015-03-24,9162,FONDO MUTUO ZURICH LATAM LOCAL CURRENCY DEBT,ZURICH CHILE ASSET MANAGEMENT ADMINISTRADORA GENERAL DE FONDOS S.A.,No Vigente,,Fondo Mutuo,2019100183162,https://www.cmfchile.cl/documentos/rfm/rfm_2019100183162.pdf,2019-10-14,2026-08-20
FM150902,2015-03-12,9161,VISION ATACAMA FONDO DE INVERSION,FINASSET ADMINISTRADORA GENERAL DE FONDOS S.A.,No Vigente,Liquidado,Fondo Inversión Rescatable,2018080146557,https://www.cmfchile.cl/documentos/rfm/rfm_2018080146557.pdf,2018-08-24,2026-08-20
FM150901,2015-03-11,9160,FONDO DE INVERSIÓN LARRAINVIAL OPPORTUNITIES,LARRAINVIAL ASSET MANAGEMENT ADMINISTRADORA GENERAL DE FONDOS S.A.,No Vigente,,Fondo Inversión Rescatable,2015120156687,https://www.cmfchile.cl/documentos/rfm/rfm_2015120156687.pdf,2015-12-29,2026-08-20
FM150900,2015-03-11,9159,FONDO DE INVERSIÓN LARRAINVIAL GLOBAL,LARRAINVIAL ASSET MANAGEMENT ADMINISTRADORA GENERAL DE FONDOS S.A.,No Vigente,,Fondo Inversión Rescatable,2015120156679,https://www.cmfchile.cl/documentos/rfm/rfm_2015120156679.pdf,2015-12-29,2026-08-20
FM150899,2015-03-09,7111,FONDO DE INVERSION LARRAIN VIAL - BRAZIL SMALL CAP,LARRAIN VIAL ACTIVOS S.A. ADMINISTRADORA GENERAL DE FONDOS,No Vigente,Liquidado,Fondo Inversión Rescatable,2015060070670,https://www.cmfchile.cl/documentos/rfm/rfm_2015060070670.pdf,2015-06-10,2026-08-20
FM150892,2015-03-06,7200,VINCI COMPASS DEUDA PLUS FONDO DE INVERSION,VINCI COMPASS S.A. ADMINISTRADORA GENERAL DE FONDOS,Vigente,,Fondo Inversión Rescatable,2026050307577,https://www.cmfchile.cl/documentos/rfm/rfm_2026050307577.pdf,2026-05-05,2026-08-20
FM150889,2015-03-06,9156,FONDO MUTUO SCOTIA PROGRESO,SCOTIA  ADMINISTRADORA GENERAL DE FONDOS CHILE S.A.,No Vigente,,Fondo Mutuo,2015030027252,https://www.cmfchile.cl/documentos/rfm/rfm_2015030027252.pdf,2015-03-06,2026-08-20
FM150890,2015-03-06,9157,FONDO DEL INVERSIÓN CREDICORP CAPITAL TIERRAS DEL SUR,CREDICORP CAPITAL ASSET MANAGEMENT S.A. ADMINISTRADORA GENERAL DE FONDOS,Vigente,,Fondo Inversión No Rescatable,2016080110877,https://www.cmfchile.cl/documentos/rfm/rfm_2016080110877.pdf,2016-08-25,2026-08-20
FM150891,2015-03-06,7270,FONDO DE INVERSIÓN SURA RENTA INMOBILIARIA EN LIQUIDACIÓN,ADMINISTRADORA GENERAL DE FONDOS SURA S.A.,Vigente,,Fondo Inversión No Rescatable,2026060392338,https://www.cmfchile.cl/documentos/rfm/rfm_2026060392338.pdf,2026-06-11,2026-08-20
FM150893,2015-03-06,7195,FONDO DE INVERSION BANCHILE LATAM EQUITY,BANCHILE ADMINISTRADORA GENERAL DE FONDOS S.A.,No Vigente,,Fondo Inversión Rescatable,2023030123649,https://www.cmfchile.cl/documentos/rfm/rfm_2023030123649.pdf,2023-03-23,2026-08-20
FM150894,2015-03-06,7237,FONDO DE INVERSION ECUS PRIVATE EQUITY INTERNACIONAL,AMICORP ADMINISTRADORA GENERAL DE FONDOS S.A.,No Vigente,,Fondo Inversión No Rescatable,2015030027764,https://www.cmfchile.cl/documentos/rfm/rfm_2015030027764.pdf,2015-03-06,2026-08-20
FM150895,2015-03-06,7252,FONDO DE INVERSION SECURITY OAKTREE OPPORTUNITIES-DEBT,ADMINISTRADORA GENERAL DE FONDOS  SECURITY S.A.,Vigente,,Fondo Inversión No Rescatable,2025070480075,https://www.cmfchile.cl/documentos/rfm/rfm_2025070480075.pdf,2025-07-11,2026-08-20
FM150896,2015-03-06,7131,FONDO DE INVERSION IFUND MSCI BRAZIL SMALL CAP INDEX,ADMINISTRADORA GENERAL DE FONDOS  SECURITY S.A.,No Vigente,,Fondo Inversión No Rescatable,2021080348799,https://www.cmfchile.cl/documentos/rfm/rfm_2021080348799.pdf,2021-08-25,2026-08-20
FM150897,2015-03-06,9158,FONDO MUTUO SCOTIA CONFIANZA,SCOTIA  ADMINISTRADORA GENERAL DE FONDOS CHILE S.A.,No Vigente,,Fondo Mutuo,2015090116819,https://www.cmfchile.cl/documentos/rfm/rfm_2015090116819.pdf,2015-09-28,2026-08-20
FM150888,2015-03-05,9155,FONDO DE INVERSIÓN CREDICORP CAPITAL PACIFIC ALLIANCE EQUITY,CREDICORP CAPITAL ASSET MANAGEMENT S.A. ADMINISTRADORA GENERAL DE FONDOS,No Vigente,,Fondo Inversión Rescatable,2018070129195,https://www.cmfchile.cl/documentos/rfm/rfm_2018070129195.pdf,2018-07-26,2026-08-20
FM150887,2015-03-05,7173,BTG PACTUAL DEUDA LATAM DÓLAR FONDO DE INVERSIÓN,BTG PACTUAL CHILE S.A. ADMINISTRADORA GENERAL DE FONDOS,Vigente,,Fondo Inversión Rescatable,2025080562957,https://www.cmfchile.cl/documentos/rfm/rfm_2025080562957.pdf,2025-08-11,2026-08-20
FM150886,2015-03-05,7138,BTG PACTUAL DEUDA TOTAL FONDO DE INVERSION,BTG PACTUAL CHILE S.A. ADMINISTRADORA GENERAL DE FONDOS,No Vigente,Liquidado,Fondo Inversión Rescatable,2015030027014,https://www.cmfchile.cl/documentos/rfm/rfm_2015030027014.pdf,2015-03-05,2026-08-20
FM150881,2015-03-04,7171,MBI GLOBAL FONDO DE INVERSION,MBI ADMINISTRADORA GENERAL DE FONDOS S.A.,Vigente,,Fondo Inversión Rescatable,2024090500379,https://www.cmfchile.cl/documentos/rfm/rfm_2024090500379.pdf,2024-09-26,2026-08-20
FM150882,2015-03-04,7278,MBI BEST IDEAS LATAM FONDO DE INVERSION,MBI ADMINISTRADORA GENERAL DE FONDOS S.A.,Vigente,,Fondo Inversión Rescatable,2023020087819,https://www.cmfchile.cl/documentos/rfm/rfm_2023020087819.pdf,2023-02-28,2026-08-20
FM150884,2015-03-04,7089,MBI ARBITRAGE FONDO DE INVERSIÓN,MBI ADMINISTRADORA GENERAL DE FONDOS S.A.,No Vigente,,Fondo Inversión Rescatable,2026070458853,https://www.cmfchile.cl/documentos/rfm/rfm_2026070458853.pdf,2026-07-13,2026-08-20
FM150885,2015-03-04,7258,BTG PACTUAL PRIVATE EQUITY - KKR  NAXI FONDO DE INVERSION,BTG PACTUAL CHILE S.A. ADMINISTRADORA GENERAL DE FONDOS,Vigente,,Fondo Inversión No Rescatable,2025050363613,https://www.cmfchile.cl/documentos/rfm/rfm_2025050363613.pdf,2025-05-22,2026-08-20
FM150879,2015-03-03,9154,FONDO MUTUO SCOTIA DEUDA LARGO PLAZO UF,SCOTIA  ADMINISTRADORA GENERAL DE FONDOS CHILE S.A.,Vigente,,Fondo Mutuo,2024120678994,https://www.cmfchile.cl/documentos/rfm/rfm_2024120678994.pdf,2024-12-10,2026-08-20
FM150878,2015-02-26,7182,FONDO DE INVERSIÓN ACTIVA DEUDA HIPOTECARIA CON SUBSIDIO HABITACIONAL I,LARRAIN VIAL ACTIVOS S.A. ADMINISTRADORA GENERAL DE FONDOS,Vigente,,Fondo Inversión No Rescatable,2026050339701,https://www.cmfchile.cl/documentos/rfm/rfm_2026050339701.pdf,2026-05-19,2026-08-20
FM150877,2015-02-25,9153,MBIQ RENTA LOCAL FONDO DE INVERSIÓN,QUEST ADMINISTRADORA GENERAL DE FONDOS S.A.,Vigente,,Fondo Inversión Rescatable,2026080518193,https://www.cmfchile.cl/documentos/rfm/rfm_2026080518193.pdf,2026-08-07,2026-08-20
FM150875,2015-02-25,7141,BTG PACTUAL DEUDA LATINOAMERICANA FONDO DE INVERSION,BTG PACTUAL CHILE S.A. ADMINISTRADORA GENERAL DE FONDOS,Vigente,,Fondo Inversión Rescatable,2026050335001,https://www.cmfchile.cl/documentos/rfm/rfm_2026050335001.pdf,2026-05-18,2026-08-20
FM150874,2015-02-25,9151,BANCHILE FONDO DE INVERSION MINERO ASSET CHILE,BANCHILE ADMINISTRADORA GENERAL DE FONDOS S.A.,No Vigente,Liquidado,Fondo Inversión No Rescatable,2019070113885,https://www.cmfchile.cl/documentos/rfm/rfm_2019070113885.pdf,2019-07-03,2026-08-20
FM150876,2015-02-25,9152,MBIQ ACCIONES CHILE FONDO DE INVERSION,QUEST ADMINISTRADORA GENERAL DE FONDOS S.A.,Vigente,,Fondo Inversión Rescatable,2026070464539,https://www.cmfchile.cl/documentos/rfm/rfm_2026070464539.pdf,2026-08-06,2026-08-20
FM150873,2015-02-18,9150,FONDO DE INVERSIÓN LARRAINVIAL DEUDA LATAM UF,LARRAINVIAL ASSET MANAGEMENT ADMINISTRADORA GENERAL DE FONDOS S.A.,Vigente,,Fondo Inversión Rescatable,2023080363336,https://www.cmfchile.cl/documentos/rfm/rfm_2023080363336.pdf,2023-08-25,2026-08-20
FM150872,2015-02-18,9149,FONDO DE INVERSIÓN LARRAINVIAL LATAM EQUITY,LARRAINVIAL ASSET MANAGEMENT ADMINISTRADORA GENERAL DE FONDOS S.A.,No Vigente,Liquidado,Fondo Inversión Rescatable,2018110191324,https://www.cmfchile.cl/documentos/rfm/rfm_2018110191324.pdf,2018-11-16,2026-08-20
FM150868,2015-02-17,7276,FONDO DE INVERSIÓN CREDICORP CAPITAL PRIVATE EQUITY – PG DIRECT II,CREDICORP CAPITAL ASSET MANAGEMENT S.A. ADMINISTRADORA GENERAL DE FONDOS,Vigente,,Fondo Inversión No Rescatable,2023060274636,https://www.cmfchile.cl/documentos/rfm/rfm_2023060274636.pdf,2023-06-30,2026-08-20
FM150867,2015-02-17,7039,BTG PACTUAL GLOBAL OPTIMIZATION FONDO DE INVERSION,BTG PACTUAL CHILE S.A. ADMINISTRADORA GENERAL DE FONDOS,No Vigente,Liquidado,Fondo Inversión No Rescatable,2016090138336,https://www.cmfchile.cl/documentos/rfm/rfm_2016090138336.pdf,2016-09-28,2026-08-20
FM150869,2015-02-17,7248,FONDO DE INVERSIÓN CREDICORP CAPITAL PRIVATE EQUITY AP I,CREDICORP CAPITAL ASSET MANAGEMENT S.A. ADMINISTRADORA GENERAL DE FONDOS,Vigente,,Fondo Inversión No Rescatable,2026050354811,https://www.cmfchile.cl/documentos/rfm/rfm_2026050354811.pdf,2026-05-27,2026-08-20
FM150871,2015-02-17,7183,FONDO DE INVERSIÓN CREDICORP CAPITAL PRIVATE EQUITY – PG DIRECT I,CREDICORP CAPITAL ASSET MANAGEMENT S.A. ADMINISTRADORA GENERAL DE FONDOS,Vigente,,Fondo Inversión No Rescatable,2026050357250,https://www.cmfchile.cl/documentos/rfm/rfm_2026050357250.pdf,2026-05-28,2026-08-20
FM150870,2015-02-17,7216,FONDO DE INVERSIÓN CREDICORP CAPITAL PRIVATE EQUITY – PG SECONDARIES I,CREDICORP CAPITAL ASSET MANAGEMENT S.A. ADMINISTRADORA GENERAL DE FONDOS,Vigente,,Fondo Inversión No Rescatable,2026050352882,https://www.cmfchile.cl/documentos/rfm/rfm_2026050352882.pdf,2026-05-26,2026-08-20
FM150866,2015-02-12,7256,FONDO DE INVERSION BANCHILE INMOBILIARIO VI,BANCHILE ADMINISTRADORA GENERAL DE FONDOS S.A.,No Vigente,Liquidado,Fondo Inversión No Rescatable,2015020019048,https://www.cmfchile.cl/documentos/rfm/rfm_2015020019048.pdf,2015-02-12,2026-08-20
FM150865,2015-02-12,7205,FONDO DE INVERSION BANCHILE PLUSVALIA EFICIENTE,BANCHILE ADMINISTRADORA GENERAL DE FONDOS S.A.,Vigente,,Fondo Inversión No Rescatable,2022120477734,https://www.cmfchile.cl/documentos/rfm/rfm_2022120477734.pdf,2022-12-16,2026-08-20
FM150864,2015-02-12,9148,FONDO MUTUO BANCOESTADO AHORRO MEDIANO Y LARGO PLAZO,BANCOESTADO S.A. ADMINISTRADORA  GENERAL DE FONDOS,No Vigente,,Fondo Mutuo,2015060076762,https://www.cmfchile.cl/documentos/rfm/rfm_2015060076762.pdf,2015-06-24,2026-08-20
FM150863,2015-02-12,9147,FONDO MUTUO BANCOESTADO AHORRO BALANCEADO,BANCOESTADO S.A. ADMINISTRADORA  GENERAL DE FONDOS,No Vigente,,Fondo Mutuo,2015060076758,https://www.cmfchile.cl/documentos/rfm/rfm_2015060076758.pdf,2015-06-24,2026-08-20
FM150862,2015-02-12,7221,FONDO DE INVERSION PÚBLICO PENTA LAS AMÉRICAS INFRAESTRUCTURA TRES,PENTA LAS AMERICAS ADMINISTRADORA GENERAL DE FONDOS S.A.,Vigente,,Fondo Inversión No Rescatable,2022030109430,https://www.cmfchile.cl/documentos/rfm/rfm_2022030109430.pdf,2022-03-21,2026-08-20
FM150861,2015-02-11,7209,FONDO DE INVERSION BANCHILE INMOBILIARIO V,BANCHILE ADMINISTRADORA GENERAL DE FONDOS S.A.,No Vigente,Liquidado,Fondo Inversión No Rescatable,2015020018607,https://www.cmfchile.cl/documentos/rfm/rfm_2015020018607.pdf,2015-02-11,2026-08-20
FM150860,2015-02-11,7188,FONDO DE INVERSION BANCHILE INMOBILIARIO IV,BANCHILE ADMINISTRADORA GENERAL DE FONDOS S.A.,No Vigente,Liquidado,Fondo Inversión No Rescatable,2015020018603,https://www.cmfchile.cl/documentos/rfm/rfm_2015020018603.pdf,2015-02-11,2026-08-20
FM150859,2015-02-10,7249,AURUS INSIGNIA FONDO DE INVERSION,AURUS CAPITAL S.A.,No Vigente,Liquidado,Fondo Inversión Rescatable,2017030053228,https://www.cmfchile.cl/documentos/rfm/rfm_2017030053228.pdf,2017-03-27,2026-08-20
FM150858,2015-02-10,7014,FONDO DE INVERSION INDEPENDENCIA RENTAS INMOBILIARIAS,INDEPENDENCIA ADMINISTRADORA GENERAL DE FONDOS S.A.,Vigente,,Fondo Inversión No Rescatable,2025110827178,https://www.cmfchile.cl/documentos/rfm/rfm_2025110827178.pdf,2025-11-24,2026-08-20
FM150857,2015-02-09,7271,BTG PACTUAL PRIVATE EQUITY – NB CRXX FONDO DE INVERSION,BTG PACTUAL CHILE S.A. ADMINISTRADORA GENERAL DE FONDOS,Vigente,,Fondo Inversión No Rescatable,2025050365495,https://www.cmfchile.cl/documentos/rfm/rfm_2025050365495.pdf,2025-05-22,2026-08-20
FM150853,2015-02-09,7281,VINCI COMPASS PRIVATE EQUITY VII FONDO DE INVERSION,VINCI COMPASS S.A. ADMINISTRADORA GENERAL DE FONDOS,Vigente,,Fondo Inversión No Rescatable,2026060404204,https://www.cmfchile.cl/documentos/rfm/rfm_2026060404204.pdf,2026-06-17,2026-08-20
FM150852,2015-02-05,9146,FONDO DE INVERSIÓN SECURITY OAKTREE OPPORTUNITIES - DEBT II,ADMINISTRADORA GENERAL DE FONDOS  SECURITY S.A.,Vigente,,Fondo Inversión No Rescatable,2025070480142,https://www.cmfchile.cl/documentos/rfm/rfm_2025070480142.pdf,2025-07-11,2026-08-20
FM150851,2015-02-03,7179,BTG PACTUAL PRIVATE EQUITY - KKR FONDO DE INVERSION,BTG PACTUAL CHILE S.A. ADMINISTRADORA GENERAL DE FONDOS,Vigente,,Fondo Inversión No Rescatable,2025050351759,https://www.cmfchile.cl/documentos/rfm/rfm_2025050351759.pdf,2025-05-15,2026-08-20
FM150850,2015-02-03,7255,FONDO DE INVERSION INVERSIONES HOTELERAS,LARRAIN VIAL ACTIVOS S.A. ADMINISTRADORA GENERAL DE FONDOS,No Vigente,Liquidado,Fondo Inversión No Rescatable,2022120465376,https://www.cmfchile.cl/documentos/rfm/rfm_2022120465376.pdf,2022-12-06,2026-08-20
FM150849,2015-02-02,9145,FONDO MUTUO SURA RENTA NOMINAL CHILE,ADMINISTRADORA GENERAL DE FONDOS SURA S.A.,No Vigente,,Fondo Mutuo,2017070117081,https://www.cmfchile.cl/documentos/rfm/rfm_2017070117081.pdf,2017-07-04,2026-08-20
FM150848,2015-01-30,7074,FONDO DE INVERSIÓN BICE CHILE SMALL CAP,BICE INVERSIONES ADMINISTRADORA GENERAL DE FONDOS S.A.,No Vigente,,Fondo Inversión No Rescatable,2015100122057,https://www.cmfchile.cl/documentos/rfm/rfm_2015100122057.pdf,2015-10-07,2026-08-20
FM150847,2015-01-30,7031,VINCI COMPASS SMALL CAP CHILE FONDO DE INVERSIÓN,VINCI COMPASS S.A. ADMINISTRADORA GENERAL DE FONDOS,Vigente,,Fondo Inversión No Rescatable,2026060396930,https://www.cmfchile.cl/documentos/rfm/rfm_2026060396930.pdf,2026-06-15,2026-08-20
FM150841,2015-01-29,7015,SIGLO XXI FONDO DE INVERSION,BICE INVERSIONES ADMINISTRADORA GENERAL DE FONDOS S.A.,Vigente,,Fondo Inversión No Rescatable,2026060400590,https://www.cmfchile.cl/documentos/rfm/rfm_2026060400590.pdf,2026-06-16,2026-08-20
FM150846,2015-01-29,7290,FONDO DE INVERSION BANCHILE INMOBILIARIO VII,BANCHILE ADMINISTRADORA GENERAL DE FONDOS S.A.,No Vigente,Liquidado,Fondo Inversión No Rescatable,2019070111950,https://www.cmfchile.cl/documentos/rfm/rfm_2019070111950.pdf,2019-07-01,2026-08-20
FM150845,2015-01-29,7234,FONDO DE INVERSION BANCHILE RENTAS INMOBILIARIAS,BANCHILE ADMINISTRADORA GENERAL DE FONDOS S.A.,Vigente,,Fondo Inversión No Rescatable,2024100537274,https://www.cmfchile.cl/documentos/rfm/rfm_2024100537274.pdf,2024-10-16,2026-08-20
FM150844,2015-01-29,9144,FONDO DE INVERSIÓN ZURICH GESTIÓN PATRIMONIAL C,ZURICH CHILE ASSET MANAGEMENT ADMINISTRADORA GENERAL DE FONDOS S.A.,No Vigente,,Fondo Inversión Rescatable,2022010013562,https://www.cmfchile.cl/documentos/rfm/rfm_2022010013562.pdf,2022-01-12,2026-08-20
FM150843,2015-01-29,7086,BTG PACTUAL PRIVATE EQUITY FONDO DE INVERSION,BTG PACTUAL CHILE S.A. ADMINISTRADORA GENERAL DE FONDOS,No Vigente,Liquidado,Fondo Inversión No Rescatable,2020060189506,https://www.cmfchile.cl/documentos/rfm/rfm_2020060189506.pdf,2020-06-11,2026-08-20
FM150842,2015-01-29,7104,BTG PACTUAL PRIVATE EQUITY II FONDO DE INVERSION,BTG PACTUAL CHILE S.A. ADMINISTRADORA GENERAL DE FONDOS,Vigente,,Fondo Inversión No Rescatable,2020060189780,https://www.cmfchile.cl/documentos/rfm/rfm_2020060189780.pdf,2020-06-11,2026-08-20
FM150839,2015-01-28,7018,BTG PACTUAL SMALL CAP CHILE FONDO DE INVERSION,BTG PACTUAL CHILE S.A. ADMINISTRADORA GENERAL DE FONDOS,Vigente,,Fondo Inversión Rescatable,2026070481928,https://www.cmfchile.cl/documentos/rfm/rfm_2026070481928.pdf,2026-07-22,2026-08-20
FM150840,2015-01-28,7022,CHILE FONDO DE INVERSION SMALL CAP,BANCHILE ADMINISTRADORA GENERAL DE FONDOS S.A.,Vigente,,Fondo Inversión No Rescatable,2026020141072,https://www.cmfchile.cl/documentos/rfm/rfm_2026020141072.pdf,2026-02-27,2026-08-20
FM150838,2015-01-26,7075,FONDO DE INVERSION PRIME- INFRAESTRUCTURA,CMB-PRIME ADMINISTRADORA GENERAL DE FONDOS S.A.,Vigente,,Fondo Inversión No Rescatable,2024060308328,https://www.cmfchile.cl/documentos/rfm/rfm_2024060308328.pdf,2024-06-06,2026-08-20
FM150836,2015-01-22,7197,FONDO DE INVERSION LARRAIN VIAL HARBOURVEST-US,LARRAIN VIAL ACTIVOS S.A. ADMINISTRADORA GENERAL DE FONDOS,Vigente,,Fondo Inversión No Rescatable,2026070453593,https://www.cmfchile.cl/documentos/rfm/rfm_2026070453593.pdf,2026-07-09,2026-08-20
FM150835,2015-01-22,7239,FONDO DE INVERSION LARRAIN VIAL DOVER,LARRAIN VIAL ACTIVOS S.A. ADMINISTRADORA GENERAL DE FONDOS,Vigente,,Fondo Inversión No Rescatable,2026020125908,https://www.cmfchile.cl/documentos/rfm/rfm_2026020125908.pdf,2026-02-20,2026-08-20
FM150834,2015-01-22,7196,FONDO DE INVERSION LARRAIN VIAL HARBOURVEST EX-US,LARRAIN VIAL ACTIVOS S.A. ADMINISTRADORA GENERAL DE FONDOS,Vigente,,Fondo Inversión No Rescatable,2026070453596,https://www.cmfchile.cl/documentos/rfm/rfm_2026070453596.pdf,2026-07-09,2026-08-20
FM150833,2015-01-22,7174,FONDO DE INVERSION LARRAIN VIAL - BCP,LARRAIN VIAL ACTIVOS S.A. ADMINISTRADORA GENERAL DE FONDOS,Vigente,,Fondo Inversión No Rescatable,2026060394791,https://www.cmfchile.cl/documentos/rfm/rfm_2026060394791.pdf,2026-06-12,2026-08-20
FM150832,2015-01-21,7261,PENTA RETORNO LATINOAMERICA FONDO DE INVERSION,PENTA ADMINISTRADORA GENERAL DE FONDOS S.A.,No Vigente,,Fondo Inversión Rescatable,2015010009259,https://www.cmfchile.cl/documentos/rfm/rfm_2015010009259.pdf,2015-01-21,2026-08-20
FM150830,2015-01-20,7254,BTG PACTUAL DESARROLLO INMOBILIARIO I FONDO DE INVERSION,BTG PACTUAL CHILE S.A. ADMINISTRADORA GENERAL DE FONDOS,Vigente,,Fondo Inversión No Rescatable,2017050085770,https://www.cmfchile.cl/documentos/rfm/rfm_2017050085770.pdf,2017-05-12,2026-08-20
FM150831,2015-01-20,7259,BTG PACTUAL DESARROLLO INMOBILIARIO II FONDO DE INVERSION,BTG PACTUAL CHILE S.A. ADMINISTRADORA GENERAL DE FONDOS,Vigente,,Fondo Inversión No Rescatable,2020060186112,https://www.cmfchile.cl/documentos/rfm/rfm_2020060186112.pdf,2020-06-08,2026-08-20
FM150828,2015-01-19,7008,BTG PACTUAL INFRAESTRUCTURA FONDO DE INVERSIÓN,BTG PACTUAL CHILE S.A. ADMINISTRADORA GENERAL DE FONDOS,Vigente,,Fondo Inversión No Rescatable,2021060229857,https://www.cmfchile.cl/documentos/rfm/rfm_2021060229857.pdf,2021-06-10,2026-08-20
FM150829,2015-01-19,7016,FONDO DE INVERSION INMOBILIARIA CAPITAL ADVISORS FUNDACION PARQUES CEMENTERIOS,CAPITAL ADVISORS ADMINISTRADORA GENERAL DE FONDOS S.A.,Vigente,,Fondo Inversión No Rescatable,2022070278180,https://www.cmfchile.cl/documentos/rfm/rfm_2022070278180.pdf,2022-07-18,2026-08-20
FM150825,2015-01-19,7007,FONDO DE INVERSIÓN INMOBILIARIA CREDICORP CAPITAL RAÍCES,CREDICORP CAPITAL ASSET MANAGEMENT S.A. ADMINISTRADORA GENERAL DE FONDOS,Vigente,,Fondo Inversión No Rescatable,2023050189114,https://www.cmfchile.cl/documentos/rfm/rfm_2023050189114.pdf,2023-05-02,2026-08-20
FM150823,2015-01-15,7163,BTG PACTUAL PRIVATE EQUITY III FONDO DE INVERSION,BTG PACTUAL CHILE S.A. ADMINISTRADORA GENERAL DE FONDOS,Vigente,,Fondo Inversión No Rescatable,2020060189826,https://www.cmfchile.cl/documentos/rfm/rfm_2020060189826.pdf,2020-06-11,2026-08-20
FM150822,2015-01-13,7225,FONDO DE INVERSIÓN CREDICORP CAPITAL RF LATAM,CREDICORP CAPITAL ASSET MANAGEMENT S.A. ADMINISTRADORA GENERAL DE FONDOS,Vigente,,Fondo Inversión Rescatable,2023080351994,https://www.cmfchile.cl/documentos/rfm/rfm_2023080351994.pdf,2023-08-18,2026-08-20
FM150821,2015-01-13,7176,FONDO DE INVERSIÓN CREDICORP CAPITAL SMALL CAP CHILE,CREDICORP CAPITAL ASSET MANAGEMENT S.A. ADMINISTRADORA GENERAL DE FONDOS,No Vigente,,Fondo Inversión No Rescatable,2020110471901,https://www.cmfchile.cl/documentos/rfm/rfm_2020110471901.pdf,2020-11-13,2026-08-20
FM150819,2015-01-12,7260,VINCI COMPASS PRIVATE EQUITY IV FONDO DE INVERSION,VINCI COMPASS S.A. ADMINISTRADORA GENERAL DE FONDOS,Vigente,,Fondo Inversión No Rescatable,2026060400614,https://www.cmfchile.cl/documentos/rfm/rfm_2026060400614.pdf,2026-06-16,2026-08-20
FM150816,2015-01-12,7010,PIONERO FONDO DE INVERSION,MONEDA S.A. ADMINISTRADORA GENERAL DE FONDOS,Vigente,,Fondo Inversión No Rescatable,2025060410844,https://www.cmfchile.cl/documentos/rfm/rfm_2025060410844.pdf,2025-06-12,2026-08-20
FM150818,2015-01-12,7251,VINCI COMPASS PRIVATE EQUITY III FONDO DE INVERSION,VINCI COMPASS S.A. ADMINISTRADORA GENERAL DE FONDOS,Vigente,,Fondo Inversión No Rescatable,2026060396929,https://www.cmfchile.cl/documentos/rfm/rfm_2026060396929.pdf,2026-06-15,2026-08-20
FM150817,2015-01-12,7202,FONDO DE INVERSIÓN VINCI COMPASS PRIVATE EQUITY  PARTNERS,VINCI COMPASS S.A. ADMINISTRADORA GENERAL DE FONDOS,Vigente,,Fondo Inversión No Rescatable,2026060418285,https://www.cmfchile.cl/documentos/rfm/rfm_2026060418285.pdf,2026-06-24,2026-08-20
FM150820,2015-01-12,7269,VINCI COMPASS PRIVATE EQUITY V FONDO DE INVERSIÓN,VINCI COMPASS S.A. ADMINISTRADORA GENERAL DE FONDOS,Vigente,,Fondo Inversión No Rescatable,2026060418284,https://www.cmfchile.cl/documentos/rfm/rfm_2026060418284.pdf,2026-06-24,2026-08-20
FM150809,2015-01-07,9137,FONDO DE INVERSIÓN BCI DESARROLLO INMOBILIARIO VII,BCI ASSET MANAGEMENT ADMINISTRADORA  GENERAL DE FONDOS S.A.,No Vigente,Liquidado,Fondo Inversión No Rescatable,2015110135260,https://www.cmfchile.cl/documentos/rfm/rfm_2015110135260.pdf,2015-11-06,2026-08-20
FM150802,2015-01-07,7147,MONEDA LATINOAMERICA DEUDA LOCAL FONDO DE INVERSION,MONEDA S.A. ADMINISTRADORA GENERAL DE FONDOS,Vigente,,Fondo Inversión No Rescatable,2025070470779,https://www.cmfchile.cl/documentos/rfm/rfm_2025070470779.pdf,2025-07-08,2026-08-20
FM150796,2015-01-07,9131,FONDO DE INVERSIÓN PROVEEDORES COPEVAL,LARRAIN VIAL ACTIVOS S.A. ADMINISTRADORA GENERAL DE FONDOS,No Vigente,Liquidado,Fondo Inversión No Rescatable,2017080146671,https://www.cmfchile.cl/documentos/rfm/rfm_2017080146671.pdf,2017-08-17,2026-08-20
FM150804,2015-01-07,9132,CORP EUROPA I FONDO DE INVERSION,CORPBANCA  ADMINISTRADORA GENERAL DE FONDOS S.A.,No Vigente,Liquidado,Fondo Inversión No Rescatable,2015010002054,https://www.cmfchile.cl/documentos/rfm/rfm_2015010002054.pdf,2015-01-07,2026-08-20
FM150805,2015-01-07,9133,CORP EUROPA II FONDO DE INVERSION,CORPBANCA  ADMINISTRADORA GENERAL DE FONDOS S.A.,No Vigente,Liquidado,Fondo Inversión No Rescatable,2015010002062,https://www.cmfchile.cl/documentos/rfm/rfm_2015010002062.pdf,2015-01-07,2026-08-20
FM150806,2015-01-07,9134,CORP UK FONDO DE INVERSION,CORPBANCA  ADMINISTRADORA GENERAL DE FONDOS S.A.,No Vigente,Liquidado,Fondo Inversión No Rescatable,2015010002063,https://www.cmfchile.cl/documentos/rfm/rfm_2015010002063.pdf,2015-01-07,2026-08-20
FM150807,2015-01-07,9135,CORP CHILE FONDO DE INVERSION,CORPBANCA  ADMINISTRADORA GENERAL DE FONDOS S.A.,No Vigente,Liquidado,Fondo Inversión No Rescatable,2015010002075,https://www.cmfchile.cl/documentos/rfm/rfm_2015010002075.pdf,2015-01-07,2026-08-20
FM150808,2015-01-07,9136,FONDO DE INVERSIÓN BCI DESARROLLO INMOBILIARIO X,BCI ASSET MANAGEMENT ADMINISTRADORA  GENERAL DE FONDOS S.A.,Vigente,,Fondo Inversión No Rescatable,2023120530354,https://www.cmfchile.cl/documentos/rfm/rfm_2023120530354.pdf,2023-12-05,2026-08-20
FM150795,2015-01-07,9130,"CORP INMOBILIARIO II FONDO DE INVERSION, EN LIQUIDACION",ITAU ADMINISTRADORA GENERAL DE FONDOS S.A.,No Vigente,Liquidado,Fondo Inversión No Rescatable,2018020025789,https://www.cmfchile.cl/documentos/rfm/rfm_2018020025789.pdf,2018-02-09,2026-08-20
FM150810,2015-01-07,9138,FONDO DE INVERSIÓN BCI RENTAS III,BCI ASSET MANAGEMENT ADMINISTRADORA  GENERAL DE FONDOS S.A.,No Vigente,Liquidado,Fondo Inversión No Rescatable,2022060233439,https://www.cmfchile.cl/documentos/rfm/rfm_2022060233439.pdf,2022-06-15,2026-08-20
FM150811,2015-01-07,9139,FONDO DE INVERSIÓN BCI PATIO APOQUINDO,BCI ASSET MANAGEMENT ADMINISTRADORA  GENERAL DE FONDOS S.A.,No Vigente,Liquidado,Fondo Inversión No Rescatable,2018010002652,https://www.cmfchile.cl/documentos/rfm/rfm_2018010002652.pdf,2018-01-05,2026-08-20
FM150812,2015-01-07,9140,FONDO DE INVERSIÓN COMERCIALIZADOR DE ERNC I,BCI ASSET MANAGEMENT ADMINISTRADORA  GENERAL DE FONDOS S.A.,No Vigente,Liquidado,Fondo Inversión No Rescatable,2016070086741,https://www.cmfchile.cl/documentos/rfm/rfm_2016070086741.pdf,2016-07-07,2026-08-20
FM150813,2015-01-07,9141,FONDO DE INVERSIÓN BCI DESARROLLO INMOBILIARIO IX,BCI ASSET MANAGEMENT ADMINISTRADORA  GENERAL DE FONDOS S.A.,No Vigente,Liquidado,Fondo Inversión No Rescatable,2022120484618,https://www.cmfchile.cl/documentos/rfm/rfm_2022120484618.pdf,2022-12-21,2026-08-20
FM150814,2015-01-07,9142,FONDO DE INVERSIÓN VIZCACHITAS,BCI ASSET MANAGEMENT ADMINISTRADORA  GENERAL DE FONDOS S.A.,Vigente,,Fondo Inversión No Rescatable,2023010024538,https://www.cmfchile.cl/documentos/rfm/rfm_2023010024538.pdf,2023-01-18,2026-08-20
FM150815,2015-01-07,9143,FONDO DE INVERSIÓN BCI SOCIEDAD MATRIZ,BCI ASSET MANAGEMENT ADMINISTRADORA  GENERAL DE FONDOS S.A.,No Vigente,Liquidado,Fondo Inversión Rescatable,2019040065458,https://www.cmfchile.cl/documentos/rfm/rfm_2019040065458.pdf,2019-04-16,2026-08-20
FM150790,2015-01-06,9127,FONDO DE INVERSION SECURITY HY CHILE,ADMINISTRADORA GENERAL DE FONDOS  SECURITY S.A.,No Vigente,,Fondo Inversión No Rescatable,2019120226981,https://www.cmfchile.cl/documentos/rfm/rfm_2019120226981.pdf,2019-12-30,2026-08-20
FM150784,2015-01-06,9121,FONDO DE INVERSION PENTA DESARROLLO INMOBILIARIO,PENTA ADMINISTRADORA GENERAL DE FONDOS S.A.,No Vigente,,Fondo Inversión No Rescatable,2015020019410,https://www.cmfchile.cl/documentos/rfm/rfm_2015020019410.pdf,2015-02-13,2026-08-20
FM150785,2015-01-06,9122,FONDO DE INVERSIÓN SECURITY INMOBILIARIO II,PENTA ADMINISTRADORA GENERAL DE FONDOS S.A.,No Vigente,Liquidado,Fondo Inversión No Rescatable,2017120219645,https://www.cmfchile.cl/documentos/rfm/rfm_2017120219645.pdf,2017-12-22,2026-08-20
FM150786,2015-01-06,9123,FONDO DE INVERSIÓN SECURITY INMOBILIARIO III,PENTA ADMINISTRADORA GENERAL DE FONDOS S.A.,No Vigente,Liquidado,Fondo Inversión No Rescatable,2018010007091,https://www.cmfchile.cl/documentos/rfm/rfm_2018010007091.pdf,2018-01-12,2026-08-20
FM150787,2015-01-06,9124,FONDO DE INVERSIÓN SECURITY EUROPA PROTEGIDO,ADMINISTRADORA GENERAL DE FONDOS  SECURITY S.A.,No Vigente,Liquidado,Fondo Inversión Rescatable,2016020019948,https://www.cmfchile.cl/documentos/rfm/rfm_2016020019948.pdf,2016-02-16,2026-08-20
FM150788,2015-01-06,9125,FONDO DE INVERSION PENTA USA PROTEGIDO,PENTA ADMINISTRADORA GENERAL DE FONDOS S.A.,No Vigente,,Fondo Inversión Rescatable,2015010001237,https://www.cmfchile.cl/documentos/rfm/rfm_2015010001237.pdf,2015-01-06,2026-08-20
FM150789,2015-01-06,9126,FONDO DE INVERSIÓN SECURITY EMERGENTE PROTEGIDO,ADMINISTRADORA GENERAL DE FONDOS  SECURITY S.A.,No Vigente,Liquidado,Fondo Inversión Rescatable,2016020019937,https://www.cmfchile.cl/documentos/rfm/rfm_2016020019937.pdf,2016-02-16,2026-08-20
FM150792,2015-01-06,9129,FONDO DE INVERSION SECURITY PAGARÉS AUTOMOTRICES I,PENTA ADMINISTRADORA GENERAL DE FONDOS S.A.,No Vigente,Liquidado,Fondo Inversión No Rescatable,2016070087935,https://www.cmfchile.cl/documentos/rfm/rfm_2016070087935.pdf,2016-07-11,2026-08-20
FM150791,2015-01-06,9128,FONDO DE INVERSIÓN SECURITY DEUDA LATAM EN UF,ADMINISTRADORA GENERAL DE FONDOS  SECURITY S.A.,No Vigente,,Fondo Inversión Rescatable,2017010009583,https://www.cmfchile.cl/documentos/rfm/rfm_2017010009583.pdf,2017-01-16,2026-08-20
FM150793,2015-01-06,7199,FONDO DE INVERSIÓN CREDICORP CAPITAL INMOBILIARIO – ACONCAGUA I,CREDICORP CAPITAL ASSET MANAGEMENT S.A. ADMINISTRADORA GENERAL DE FONDOS,No Vigente,Liquidado,Fondo Inversión No Rescatable,2016070085754,https://www.cmfchile.cl/documentos/rfm/rfm_2016070085754.pdf,2016-07-05,2026-08-20
FM150794,2015-01-06,7264,FONDO DE INVERSIÓN CREDICORP CAPITAL INMOBILIARIO – ACONCAGUA II,CREDICORP CAPITAL ASSET MANAGEMENT S.A. ADMINISTRADORA GENERAL DE FONDOS,No Vigente,Liquidado,Fondo Inversión No Rescatable,2021060260632,https://www.cmfchile.cl/documentos/rfm/rfm_2021060260632.pdf,2021-06-30,2026-08-20
FM150782,2015-01-05,9120,MBI-BP DEUDA FONDO DE INVERSION,MBI ADMINISTRADORA GENERAL DE FONDOS S.A.,No Vigente,Liquidado,Fondo Inversión No Rescatable,2020060223416,https://www.cmfchile.cl/documentos/rfm/rfm_2020060223416.pdf,2020-06-15,2026-08-20
FM150781,2015-01-05,9119,MBI OPORTUNIDADES FONDO DE INVERSION,MBI ADMINISTRADORA GENERAL DE FONDOS S.A.,No Vigente,,Fondo Inversión Rescatable,2018080143167,https://www.cmfchile.cl/documentos/rfm/rfm_2018080143167.pdf,2018-08-20,2026-08-20
FM150780,2015-01-02,9118,COMPASS DVA MULTIAXIS FONDO DE INVERSIÓN,VINCI COMPASS S.A. ADMINISTRADORA GENERAL DE FONDOS,Vigente,,Fondo Inversión Rescatable,2024040245628,https://www.cmfchile.cl/documentos/rfm/rfm_2024040245628.pdf,2024-04-29,2026-08-20
FM140778,2014-12-30,7136,MONEDA RENTA VARIABLE CHILE FONDO DE INVERSION,MONEDA S.A. ADMINISTRADORA GENERAL DE FONDOS,Vigente,,Fondo Inversión No Rescatable,2025070470803,https://www.cmfchile.cl/documentos/rfm/rfm_2025070470803.pdf,2025-07-08,2026-08-20
FM140777,2014-12-30,7055,MONEDA DEUDA LATINOAMERICANA FONDO DE INVERSION,MONEDA S.A. ADMINISTRADORA GENERAL DE FONDOS,Vigente,,Fondo Inversión No Rescatable,2025070470751,https://www.cmfchile.cl/documentos/rfm/rfm_2025070470751.pdf,2025-07-08,2026-08-20
FM140779,2014-12-30,9117,FONDO DE INVERSIÓN RENTA DINÁMICA,CRUZ DEL SUR ADMINISTRADORA GENERAL DE FONDOS S.A.,Vigente,,Fondo Inversión Rescatable,2025110830718,https://www.cmfchile.cl/documentos/rfm/rfm_2025110830718.pdf,2025-11-26,2026-08-20
FM140775,2014-12-29,9116,FONDO MUTUO BTG PACTUAL GESTION CONSERVADORA,BTG PACTUAL CHILE S.A. ADMINISTRADORA GENERAL DE FONDOS,No Vigente,,Fondo Mutuo,2017060103625,https://www.cmfchile.cl/documentos/rfm/rfm_2017060103625.pdf,2017-06-14,2026-08-20
FM140776,2014-12-29,7135,MONEDA ALL CAPS LATAM FONDO DE INVERSIÓN,MONEDA S.A. ADMINISTRADORA GENERAL DE FONDOS,Vigente,,Fondo Inversión Rescatable,2024050256957,https://www.cmfchile.cl/documentos/rfm/rfm_2024050256957.pdf,2024-05-06,2026-08-20
FM140774,2014-12-29,9115,VINCI COMPASS PRIVATE EQUITY XI FONDO DE INVERSIÓN,VINCI COMPASS S.A. ADMINISTRADORA GENERAL DE FONDOS,Vigente,,Fondo Inversión No Rescatable,2026060415853,https://www.cmfchile.cl/documentos/rfm/rfm_2026060415853.pdf,2026-06-23,2026-08-20
FM140773,2014-12-24,9114,MONEDA-CARLYLE II FONDO DE INVERSIÓN,MONEDA S.A. ADMINISTRADORA GENERAL DE FONDOS,Vigente,,Fondo Inversión No Rescatable,2022050196100,https://www.cmfchile.cl/documentos/rfm/rfm_2022050196100.pdf,2022-05-19,2026-08-20
FM140772,2014-12-24,9113,BCI SMALL CAP CHILE FONDO DE INVERSION,BCI ASSET MANAGEMENT ADMINISTRADORA  GENERAL DE FONDOS S.A.,No Vigente,,Fondo Inversión No Rescatable,2022080340629,https://www.cmfchile.cl/documentos/rfm/rfm_2022080340629.pdf,2022-08-31,2026-08-20
FM140771,2014-12-22,7099,MONEDA RENTA CLP FONDO DE INVERSION,MONEDA S.A. ADMINISTRADORA GENERAL DE FONDOS,Vigente,,Fondo Inversión No Rescatable,2025050356402,https://www.cmfchile.cl/documentos/rfm/rfm_2025050356402.pdf,2025-05-16,2026-08-20
FM140768,2014-12-19,9110,FONDO MUTUO SANTANDER EUROPA OBJETIVO 2017 II,SANTANDER ASSET MANAGEMENT S.A. ADMINISTRADORA GENERAL DE FONDOS,No Vigente,,Fondo Mutuo,2014120146352,https://www.cmfchile.cl/documentos/rfm/rfm_2014120146352.pdf,2014-12-19,2026-08-20
FM140770,2014-12-19,9112,FONDO MUTUO SANTANDER OBJETIVO EUROPA 2017 II,SANTANDER ASSET MANAGEMENT S.A. ADMINISTRADORA GENERAL DE FONDOS,No Vigente,,Fondo Mutuo,2014120146445,https://www.cmfchile.cl/documentos/rfm/rfm_2014120146445.pdf,2014-12-19,2026-08-20
FM140769,2014-12-19,9111,FONDO MUTUO SANTANDER OBJETIVO EUROPA 2017 I,SANTANDER ASSET MANAGEMENT S.A. ADMINISTRADORA GENERAL DE FONDOS,No Vigente,,Fondo Mutuo,2014120146444,https://www.cmfchile.cl/documentos/rfm/rfm_2014120146444.pdf,2014-12-19,2026-08-20
FM140767,2014-12-19,9109,FONDO MUTUO SANTANDER EUROPA OBJETIVO 2017 I,SANTANDER ASSET MANAGEMENT S.A. ADMINISTRADORA GENERAL DE FONDOS,No Vigente,,Fondo Mutuo,2014120146341,https://www.cmfchile.cl/documentos/rfm/rfm_2014120146341.pdf,2014-12-19,2026-08-20
FM140766,2014-12-18,9108,FONDO MUTUO CREDICORP CAPITAL MEDIANO PLAZO,CREDICORP CAPITAL ASSET MANAGEMENT S.A. ADMINISTRADORA GENERAL DE FONDOS,Vigente,,Fondo Mutuo,2026040236537,https://www.cmfchile.cl/documentos/rfm/rfm_2026040236537.pdf,2026-04-06,2026-08-20
FM140765,2014-12-18,9107,FONDO MUTUO CREDICORP CAPITAL RETORNO ABSOLUTO,CREDICORP CAPITAL ASSET MANAGEMENT S.A. ADMINISTRADORA GENERAL DE FONDOS,No Vigente,,Fondo Mutuo,2023060238611,https://www.cmfchile.cl/documentos/rfm/rfm_2023060238611.pdf,2023-06-02,2026-08-20
FM140764,2014-12-18,9106,FONDO MUTUO SURA RENTA CORTO PLAZO CHILE,ADMINISTRADORA GENERAL DE FONDOS SURA S.A.,Vigente,,Fondo Mutuo,2026010023724,https://www.cmfchile.cl/documentos/rfm/rfm_2026010023724.pdf,2026-01-12,2026-08-20
FM140763,2014-12-16,7235,MONEDA- CARLYLE FONDO DE INVERSION,MONEDA S.A. ADMINISTRADORA GENERAL DE FONDOS,Vigente,,Fondo Inversión No Rescatable,2022050196089,https://www.cmfchile.cl/documentos/rfm/rfm_2022050196089.pdf,2022-05-19,2026-08-20
FM140761,2014-12-12,7295,FONDO DE INVERSION ZURICH HIGH YIELD UF,ZURICH CHILE ASSET MANAGEMENT ADMINISTRADORA GENERAL DE FONDOS S.A.,Vigente,,Fondo Inversión Rescatable,2025050340742,https://www.cmfchile.cl/documentos/rfm/rfm_2025050340742.pdf,2025-05-09,2026-08-20
FM140762,2014-12-12,9105,MONEDA PATAGONIA FONDO DE INVERSIÓN EN LIQUIDACIÓN,MONEDA S.A. ADMINISTRADORA GENERAL DE FONDOS,No Vigente,Liquidado,Fondo Inversión No Rescatable,2020090385365,https://www.cmfchile.cl/documentos/rfm/rfm_2020090385365.pdf,2020-09-03,2026-08-20
FM140760,2014-12-10,9104,FONDO MUTUO BANCOESTADO DOLAR DISPONIBLE,BANCOESTADO S.A. ADMINISTRADORA  GENERAL DE FONDOS,Vigente,,Fondo Mutuo,2023030113946,https://www.cmfchile.cl/documentos/rfm/rfm_2023030113946.pdf,2023-03-17,2026-08-20
FM140759,2014-12-09,9103,PICTON - AMERICAN SECURITIES PARTNERS VII FONDO DE INVERSION,PICTON ADMINISTRADORA GENERAL DE FONDOS S.A.,Vigente,,Fondo Inversión No Rescatable,2025060405105,https://www.cmfchile.cl/documentos/rfm/rfm_2025060405105.pdf,2025-06-10,2026-08-20
FM140758,2014-12-05,9102,COMPASS LATAM CORPORATE DEBT FONDO DE INVERSION,VINCI COMPASS S.A. ADMINISTRADORA GENERAL DE FONDOS,Vigente,,Fondo Inversión Rescatable,2025010007710,https://www.cmfchile.cl/documentos/rfm/rfm_2025010007710.pdf,2025-01-07,2026-08-20
FM140757,2014-12-05,9101,FONDO DE INVERSION NEVASA AHORRO,HMC S.A. ADMINISTRADORA GENERAL DE FONDOS,Vigente,,Fondo Inversión Rescatable,2024040236560,https://www.cmfchile.cl/documentos/rfm/rfm_2024040236560.pdf,2024-04-24,2026-08-20
FM140755,2014-12-03,9099,PRINCIPAL-ECONSULT GLOBAL PESOS FONDO DE INVERSION,PRINCIPAL ASSET MANAGEMENT ADMINISTRADORA GENERAL DE FONDOS S.A.,Vigente,,Fondo Inversión Rescatable,2025040306194,https://www.cmfchile.cl/documentos/rfm/rfm_2025040306194.pdf,2025-04-23,2026-08-20
FM140756,2014-12-03,9100,PRINCIPAL-ECONSULT GLOBAL DOLAR FONDO DE INVERSION,PRINCIPAL ASSET MANAGEMENT ADMINISTRADORA GENERAL DE FONDOS S.A.,Vigente,,Fondo Inversión Rescatable,2025040310982,https://www.cmfchile.cl/documentos/rfm/rfm_2025040310982.pdf,2025-04-23,2026-08-20
FM140754,2014-12-03,7169,BTG PACTUAL RENTAS INMOBILIARIAS FONDO DE INVERSION,BTG PACTUAL CHILE S.A. ADMINISTRADORA GENERAL DE FONDOS,No Vigente,,Fondo Inversión No Rescatable,2017050085765,https://www.cmfchile.cl/documentos/rfm/rfm_2017050085765.pdf,2017-05-12,2026-08-20
FM140753,2014-12-02,9098,FONDO DE INVERSION SECURITY CAPITAL PREFERENTE,PENTA ADMINISTRADORA GENERAL DE FONDOS S.A.,No Vigente,Liquidado,Fondo Inversión No Rescatable,2017010007753,https://www.cmfchile.cl/documentos/rfm/rfm_2017010007753.pdf,2017-01-13,2026-08-20
FM140751,2014-12-01,9096,FONDO MUTUO COMPASS SMALL CAP LATAM,VINCI COMPASS S.A. ADMINISTRADORA GENERAL DE FONDOS,No Vigente,,Fondo Mutuo,2014120137840,https://www.cmfchile.cl/documentos/rfm/rfm_2014120137840.pdf,2014-12-02,2026-08-20
FM140752,2014-12-01,9097,FONDO MUTUO COMPASS MEXICAN EQUITY,VINCI COMPASS S.A. ADMINISTRADORA GENERAL DE FONDOS,No Vigente,,Fondo Mutuo,2014120137845,https://www.cmfchile.cl/documentos/rfm/rfm_2014120137845.pdf,2014-12-02,2026-08-20
FM140749,2014-12-01,9094,COMPASS GLOBAL DEBT FONDO DE INVERSIÓN,VINCI COMPASS S.A. ADMINISTRADORA GENERAL DE FONDOS,No Vigente,,Fondo Inversión Rescatable,2022020048945,https://www.cmfchile.cl/documentos/rfm/rfm_2022020048945.pdf,2022-02-03,2026-08-20
FM140750,2014-12-01,9095,COMPASS GLOBAL EQUITY FONDO DE INVERSION,VINCI COMPASS S.A. ADMINISTRADORA GENERAL DE FONDOS,Vigente,,Fondo Inversión Rescatable,2024090462797,https://www.cmfchile.cl/documentos/rfm/rfm_2024090462797.pdf,2024-09-03,2026-08-20
FM140748,2014-11-21,7119,FONDO DE INVERSION SANTANDER HIGH CONVICTION CHILEAN EQUITIES,SANTANDER ASSET MANAGEMENT S.A. ADMINISTRADORA GENERAL DE FONDOS,Vigente,,Fondo Inversión Rescatable,2025030176621,https://www.cmfchile.cl/documentos/rfm/rfm_2025030176621.pdf,2025-03-07,2026-08-20
FM140747,2014-11-21,7213,FONDO DE INVERSION BANCHILE CHILE BLEND.,BANCHILE ADMINISTRADORA GENERAL DE FONDOS S.A.,Vigente,,Fondo Inversión Rescatable,2025040315954,https://www.cmfchile.cl/documentos/rfm/rfm_2025040315954.pdf,2025-04-28,2026-08-20
FM140746,2014-11-20,9093,FONDO MUTUO COMPASS LATAM INVESTMENT GRADE,VINCI COMPASS S.A. ADMINISTRADORA GENERAL DE FONDOS,No Vigente,,Fondo Mutuo,2014110133767,https://www.cmfchile.cl/documentos/rfm/rfm_2014110133767.pdf,2014-11-20,2026-08-20
FM140745,2014-11-20,9092,VISION ROGGE GLOBAL INCOME FONDO DE INVERSION,FINASSET ADMINISTRADORA GENERAL DE FONDOS S.A.,No Vigente,Liquidado,Fondo Inversión Rescatable,2015100124168,https://www.cmfchile.cl/documentos/rfm/rfm_2015100124168.pdf,2015-10-13,2026-08-20
FM140744,2014-11-20,9091,MBI DEUDA PLUS HEDGE FONDO DE INVERSIÓN,MBI ADMINISTRADORA GENERAL DE FONDOS S.A.,Vigente,,Fondo Inversión Rescatable,2026050307573,https://www.cmfchile.cl/documentos/rfm/rfm_2026050307573.pdf,2026-05-05,2026-08-20
FM140743,2014-11-18,7193,LINZOR BICE PRIVATE EQUITY II FONDO DE INVERSION,BICE INVERSIONES ADMINISTRADORA GENERAL DE FONDOS S.A.,Vigente,,Fondo Inversión No Rescatable,2025050379017,https://www.cmfchile.cl/documentos/rfm/rfm_2025050379017.pdf,2025-05-28,2026-08-20
FM140742,2014-11-14,7263,EUROAMERICA SMALL CAP CHILE FONDO DE INVERSION,ZURICH CHILE ASSET MANAGEMENT ADMINISTRADORA GENERAL DE FONDOS S.A.,No Vigente,Liquidado,Fondo Inversión No Rescatable,2015040040003,https://www.cmfchile.cl/documentos/rfm/rfm_2015040040003.pdf,2015-04-02,2026-08-20
FM140741,2014-11-14,9090,FONDO DE INVERSION HMC ARES SPECIAL SITUATIONS IV-GLOBAL DISTRESSED DEBT,HMC S.A. ADMINISTRADORA GENERAL DE FONDOS,Vigente,,Fondo Inversión No Rescatable,2024090504481,https://www.cmfchile.cl/documentos/rfm/rfm_2024090504481.pdf,2024-09-30,2026-08-20
FM140740,2014-11-11,9089,FONDO DE INVERSIÓN BANCHILE LATAM CORPORATE HIGH YIELD,BANCHILE ADMINISTRADORA GENERAL DE FONDOS S.A.,No Vigente,,Fondo Inversión Rescatable,2021100422995,https://www.cmfchile.cl/documentos/rfm/rfm_2021100422995.pdf,2021-10-19,2026-08-20
FM140738,2014-11-07,7280,FONDO DE INVERSION HMC CVC,HMC S.A. ADMINISTRADORA GENERAL DE FONDOS,Vigente,,Fondo Inversión No Rescatable,2025100728361,https://www.cmfchile.cl/documentos/rfm/rfm_2025100728361.pdf,2025-10-20,2026-08-20
FM140737,2014-11-07,7228,FONDO DE INVERSION HMC PNTN,HMC S.A. ADMINISTRADORA GENERAL DE FONDOS,Vigente,,Fondo Inversión No Rescatable,2026050339646,https://www.cmfchile.cl/documentos/rfm/rfm_2026050339646.pdf,2026-05-19,2026-08-20
FM140739,2014-11-07,7244,FONDO DE INVERSION HMC CIP VI - EN LIQUIDACIÓN,HMC S.A. ADMINISTRADORA GENERAL DE FONDOS,Vigente,,Fondo Inversión No Rescatable,2026060415993,https://www.cmfchile.cl/documentos/rfm/rfm_2026060415993.pdf,2026-06-23,2026-08-20
FM140736,2014-11-07,7275,FONDO DE INVERSION CREDICORP CAPITAL SPREAD CORPORATIVO LOCAL,CREDICORP CAPITAL ASSET MANAGEMENT S.A. ADMINISTRADORA GENERAL DE FONDOS,Vigente,,Fondo Inversión Rescatable,2026070455780,https://www.cmfchile.cl/documentos/rfm/rfm_2026070455780.pdf,2026-07-10,2026-08-20
FM140733,2014-11-06,9087,BICE ENERGIAS RENOVABLES FONDO DE INVERSION,BICE INVERSIONES ADMINISTRADORA GENERAL DE FONDOS S.A.,Vigente,,Fondo Inversión No Rescatable,2019070112042,https://www.cmfchile.cl/documentos/rfm/rfm_2019070112042.pdf,2019-07-01,2026-08-20
FM140734,2014-11-06,7224,BTG PACTUAL RENTA COMERCIAL FONDO DE INVERSION,BTG PACTUAL CHILE S.A. ADMINISTRADORA GENERAL DE FONDOS,Vigente,,Fondo Inversión No Rescatable,2026060369435,https://www.cmfchile.cl/documentos/rfm/rfm_2026060369435.pdf,2026-06-03,2026-08-20
FM140735,2014-11-06,9088,FONDO DE INVERSIÓN NUEVA ENERGÍA I,LARRAIN VIAL ACTIVOS S.A. ADMINISTRADORA GENERAL DE FONDOS,No Vigente,,Fondo Inversión No Rescatable,2024050276122,https://www.cmfchile.cl/documentos/rfm/rfm_2024050276122.pdf,2024-05-16,2026-08-20
FM140732,2014-11-05,9086,FONDO MUTUO BICE TENDENCIAS DEUDA,BICE INVERSIONES ADMINISTRADORA GENERAL DE FONDOS S.A.,No Vigente,Liquidado,Fondo Mutuo,2018060105698,https://www.cmfchile.cl/documentos/rfm/rfm_2018060105698.pdf,2018-06-18,2026-08-20
FM140731,2014-11-03,7184,BTG PACTUAL DEUDA CORPORATIVA CHILE FONDO DE INVERSION,BTG PACTUAL CHILE S.A. ADMINISTRADORA GENERAL DE FONDOS,Vigente,,Fondo Inversión Rescatable,2026070466796,https://www.cmfchile.cl/documentos/rfm/rfm_2026070466796.pdf,2026-07-17,2026-08-20
FM140730,2014-10-23,7253,BICE INMOBILIARIO III FONDO DE INVERSION,BICE INVERSIONES ADMINISTRADORA GENERAL DE FONDOS S.A.,No Vigente,,Fondo Inversión No Rescatable,2019070123267,https://www.cmfchile.cl/documentos/rfm/rfm_2019070123267.pdf,2019-07-17,2026-08-20
FM140729,2014-10-23,7236,BICE INMOBILIARIO II FONDO DE INVERSION,BICE INVERSIONES ADMINISTRADORA GENERAL DE FONDOS S.A.,No Vigente,,Fondo Inversión No Rescatable,2019070111970,https://www.cmfchile.cl/documentos/rfm/rfm_2019070111970.pdf,2019-07-01,2026-08-20
FM140728,2014-10-23,7194,BICE INMOBILIARIO I FONDO DE INVERSION,BICE INVERSIONES ADMINISTRADORA GENERAL DE FONDOS S.A.,No Vigente,Liquidado,Fondo Inversión No Rescatable,2014100120683,https://www.cmfchile.cl/documentos/rfm/rfm_2014100120683.pdf,2014-10-23,2026-08-20
FM140727,2014-10-17,9085,FONDO DE INVERSIÓN FALCOM LATINOAMERICA DEUDA LOCAL,FALCOM ADMINISTRADORA GENERAL DE FONDOS S.A.,No Vigente,,Fondo Inversión Rescatable,2019060104509,https://www.cmfchile.cl/documentos/rfm/rfm_2019060104509.pdf,2019-06-18,2026-08-20
FM140726,2014-10-14,9084,FONDO MUTUO SURA RENTA LOCAL UF,ADMINISTRADORA GENERAL DE FONDOS SURA S.A.,Vigente,,Fondo Mutuo,2026010023725,https://www.cmfchile.cl/documentos/rfm/rfm_2026010023725.pdf,2026-01-12,2026-08-20
FM140725,2014-10-14,9083,FONDO MUTUO BOOSTER CHINA STOCKS II,BANCHILE ADMINISTRADORA GENERAL DE FONDOS S.A.,No Vigente,,Fondo Mutuo,2014100115738,https://www.cmfchile.cl/documentos/rfm/rfm_2014100115738.pdf,2014-10-14,2026-08-20
FM140724,2014-10-10,9082,FONDO DE INVERSIÓN ACTIVA DEUDA HIPOTECARIA CON SUBSIDIO HABITACIONAL II,LARRAIN VIAL ACTIVOS S.A. ADMINISTRADORA GENERAL DE FONDOS,Vigente,,Fondo Inversión No Rescatable,2023050224229,https://www.cmfchile.cl/documentos/rfm/rfm_2023050224229.pdf,2023-05-24,2026-08-20
FM140722,2014-10-03,9081,VINCI COMPASS PRIVATE EQUITY X FONDO DE INVERSIÓN,VINCI COMPASS S.A. ADMINISTRADORA GENERAL DE FONDOS,Vigente,,Fondo Inversión No Rescatable,2026060407587,https://www.cmfchile.cl/documentos/rfm/rfm_2026060407587.pdf,2026-06-18,2026-08-20
FM140721,2014-10-01,9080,FONDO DE INVERSIÓN PÚBLICO PENTA LAS AMÉRICAS INFRAESTRUCTURA DOS,PENTA LAS AMERICAS ADMINISTRADORA GENERAL DE FONDOS S.A.,Vigente,,Fondo Inversión No Rescatable,2025060441445,https://www.cmfchile.cl/documentos/rfm/rfm_2025060441445.pdf,2025-06-26,2026-08-20
FM140720,2014-09-24,9079,FONDO MUTUO SCOTIA BALANCEADO CONSERVADOR AMÉRICA,SCOTIA  ADMINISTRADORA GENERAL DE FONDOS CHILE S.A.,No Vigente,,Fondo Mutuo,2018120204530,https://www.cmfchile.cl/documentos/rfm/rfm_2018120204530.pdf,2018-12-10,2026-08-20
FM140719,2014-09-15,9078,FONDO DE INVERSIÓN CREDICORP CAPITAL – PATIO COMERCIAL I,CREDICORP CAPITAL ASSET MANAGEMENT S.A. ADMINISTRADORA GENERAL DE FONDOS,No Vigente,,Fondo Inversión No Rescatable,2016060078315,https://www.cmfchile.cl/documentos/rfm/rfm_2016060078315.pdf,2016-06-15,2026-08-20
FM140718,2014-09-10,9077,MBI DEUDA PLUS FONDO DE INVERSION,MBI ADMINISTRADORA GENERAL DE FONDOS S.A.,Vigente,,Fondo Inversión Rescatable,2025080575506,https://www.cmfchile.cl/documentos/rfm/rfm_2025080575506.pdf,2025-08-19,2026-08-20
FM140717,2014-09-04,7127,FONDO DE INVERSIÓN LARRAINVIAL SMALL CAP LATAM,LARRAINVIAL ASSET MANAGEMENT ADMINISTRADORA GENERAL DE FONDOS S.A.,Vigente,,Fondo Inversión Rescatable,2026020103181,https://www.cmfchile.cl/documentos/rfm/rfm_2026020103181.pdf,2026-02-10,2026-08-20
FM140715,2014-09-04,7210,FONDO DE INVERSIÓN LARRAINVIAL DEUDA CHILE,LARRAINVIAL ASSET MANAGEMENT ADMINISTRADORA GENERAL DE FONDOS S.A.,Vigente,,Fondo Inversión Rescatable,2023080363614,https://www.cmfchile.cl/documentos/rfm/rfm_2023080363614.pdf,2023-08-25,2026-08-20
FM140716,2014-09-04,7185,FONDO DE INVERSIÓN LARRAINVIAL LATAM LOCAL CURRENCY DEBT,LARRAINVIAL ASSET MANAGEMENT ADMINISTRADORA GENERAL DE FONDOS S.A.,No Vigente,Liquidado,Fondo Inversión Rescatable,2021040150053,https://www.cmfchile.cl/documentos/rfm/rfm_2021040150053.pdf,2021-04-19,2026-08-20
FM140714,2014-09-01,9076,BTG PACTUAL CRÉDITO Y FACTURAS FONDO DE INVERSIÓN,BTG PACTUAL CHILE S.A. ADMINISTRADORA GENERAL DE FONDOS,Vigente,,Fondo Inversión No Rescatable,2020070303710,https://www.cmfchile.cl/documentos/rfm/rfm_2020070303710.pdf,2020-07-15,2026-08-20
FM140713,2014-08-21,9075,COMPASS PRIVATE EQUITY IX FONDO DE INVERSIÓN,VINCI COMPASS S.A. ADMINISTRADORA GENERAL DE FONDOS,No Vigente,,Fondo Inversión No Rescatable,2014080091700,https://www.cmfchile.cl/documentos/rfm/rfm_2014080091700.pdf,2014-08-21,2026-08-20
FM140712,2014-08-08,9074,FONDO MUTUO BANCOESTADO RENTA FUTURA,BANCOESTADO S.A. ADMINISTRADORA  GENERAL DE FONDOS,Vigente,,Fondo Mutuo,2021040154274,https://www.cmfchile.cl/documentos/rfm/rfm_2021040154274.pdf,2021-04-22,2026-08-20
FM140711,2014-08-08,7219,FONDO DE INVERSION LV - PATIO RENTA INMOBILIARIA I,LARRAIN VIAL ACTIVOS S.A. ADMINISTRADORA GENERAL DE FONDOS,Vigente,,Fondo Inversión No Rescatable,2026070453598,https://www.cmfchile.cl/documentos/rfm/rfm_2026070453598.pdf,2026-07-09,2026-08-20
FM140710,2014-08-05,9073,FONDO MUTUO SECURITY DEUDA CORPORATIVA LATINOAMERICANA I.G.,ADMINISTRADORA GENERAL DE FONDOS  SECURITY S.A.,No Vigente,,Fondo Mutuo,2020070333557,https://www.cmfchile.cl/documentos/rfm/rfm_2020070333557.pdf,2020-07-24,2026-08-20
FM140709,2014-08-01,9072,FONDO MUTUO COMPASS DEUDA CHILENA,VINCI COMPASS S.A. ADMINISTRADORA GENERAL DE FONDOS,No Vigente,,Fondo Mutuo,2025030197370,https://www.cmfchile.cl/documentos/rfm/rfm_2025030197370.pdf,2025-03-13,2026-08-20
FM140708,2014-07-25,9071,FONDO MUTUO LARRAINVIAL OPORTUNIDAD CHILE,LARRAINVIAL ASSET MANAGEMENT ADMINISTRADORA GENERAL DE FONDOS S.A.,No Vigente,Liquidado,Fondo Mutuo,2016100150788,https://www.cmfchile.cl/documentos/rfm/rfm_2016100150788.pdf,2016-10-07,2026-08-20
FM140706,2014-07-23,9070,FONDO MUTUO BOOSTER EUROPA II,BANCHILE ADMINISTRADORA GENERAL DE FONDOS S.A.,No Vigente,,Fondo Mutuo,2014070079886,https://www.cmfchile.cl/documentos/rfm/rfm_2014070079886.pdf,2014-07-23,2026-08-20
FM140704,2014-06-30,9069,FONDO DE INVERSION ASSET RENTAS RESIDENCIALES,ASSET ADMINISTRADORA GENERAL DE FONDOS S.A.,Vigente,,Fondo Inversión No Rescatable,2024050266150,https://www.cmfchile.cl/documentos/rfm/rfm_2024050266150.pdf,2026-08-10,2026-08-20
FM140702,2014-06-13,9068,FONDO MUTUO LARRAINVIAL ESPAÑA,LARRAINVIAL ASSET MANAGEMENT ADMINISTRADORA GENERAL DE FONDOS S.A.,No Vigente,,Fondo Mutuo,2016020025419,https://www.cmfchile.cl/documentos/rfm/rfm_2016020025419.pdf,2016-02-26,2026-08-20
FM140703,2014-06-11,7284,SECURITY FIXED INCOME LATAM FONDO DE INVERSIÓN,ADMINISTRADORA GENERAL DE FONDOS  SECURITY S.A.,No Vigente,,Fondo Inversión Rescatable,2016020019985,https://www.cmfchile.cl/documentos/rfm/rfm_2016020019985.pdf,2016-02-16,2026-08-20
FM140701,2014-04-29,9067,FONDO MUTUO BANCHILE PORTAFOLIO ACTIVO MODERADO,BANCHILE ADMINISTRADORA GENERAL DE FONDOS S.A.,No Vigente,,Fondo Mutuo,2022110430462,https://www.cmfchile.cl/documentos/rfm/rfm_2022110430462.pdf,2022-11-11,2026-08-20
FM150856,2014-04-29,7294,PICTON-APOLLO COF III FONDO DE INVERSION,PICTON ADMINISTRADORA GENERAL DE FONDOS S.A.,Vigente,,Fondo Inversión No Rescatable,2025060404852,https://www.cmfchile.cl/documentos/rfm/rfm_2025060404852.pdf,2025-06-10,2026-08-20
FM140700,2014-04-22,9066,FONDO MUTUO BCI MERCADOS DESARROLLADOS GARANTIZADO,BCI ASSET MANAGEMENT ADMINISTRADORA  GENERAL DE FONDOS S.A.,No Vigente,,Fondo Mutuo,2016070092787,https://www.cmfchile.cl/documentos/rfm/rfm_2016070092787.pdf,2016-07-20,2026-08-20
FM140699,2014-03-31,9065,FONDO MUTUO SCOTIA MONETARIO XVIII,SCOTIA  ADMINISTRADORA GENERAL DE FONDOS CHILE S.A.,No Vigente,,Fondo Mutuo,2018120204432,https://www.cmfchile.cl/documentos/rfm/rfm_2018120204432.pdf,2018-12-10,2026-08-20
FM140698,2014-03-26,9064,FONDO MUTUO LARRAINVIAL AHORRO LARGO NOMINAL,LARRAINVIAL ASSET MANAGEMENT ADMINISTRADORA GENERAL DE FONDOS S.A.,No Vigente,,Fondo Mutuo,2016020025417,https://www.cmfchile.cl/documentos/rfm/rfm_2016020025417.pdf,2016-02-26,2026-08-20
FM140694,2014-03-19,9060,FONDO MUTUO BCI CARTERA PATRIMONIAL ACTIVA,BCI ASSET MANAGEMENT ADMINISTRADORA  GENERAL DE FONDOS S.A.,Vigente,,Fondo Mutuo,2020110455704,https://www.cmfchile.cl/documentos/rfm/rfm_2020110455704.pdf,2020-11-02,2026-08-20
FM140697,2014-03-19,9063,FONDO MUTUO BCI CARTERA PATRIMONIAL CONSERVADORA,BCI ASSET MANAGEMENT ADMINISTRADORA  GENERAL DE FONDOS S.A.,Vigente,,Fondo Mutuo,2020110455601,https://www.cmfchile.cl/documentos/rfm/rfm_2020110455601.pdf,2020-11-02,2026-08-20
FM140696,2014-03-19,9062,FONDO MUTUO BCI CARTERA PATRIMONIAL BALANCEADA,BCI ASSET MANAGEMENT ADMINISTRADORA  GENERAL DE FONDOS S.A.,Vigente,,Fondo Mutuo,2022080328818,https://www.cmfchile.cl/documentos/rfm/rfm_2022080328818.pdf,2022-08-23,2026-08-20
FM140695,2014-03-19,9061,FONDO MUTUO BCI CARTERA PATRIMONIAL AHORRO,BCI ASSET MANAGEMENT ADMINISTRADORA  GENERAL DE FONDOS S.A.,Vigente,,Fondo Mutuo,2022120474262,https://www.cmfchile.cl/documentos/rfm/rfm_2022120474262.pdf,2022-12-14,2026-08-20
FM140691,2014-03-14,9057,FONDO DE INVERSIÓN BANCHILE DEUDA CORPORATIVA 3-5 AÑOS,BANCHILE ADMINISTRADORA GENERAL DE FONDOS S.A.,No Vigente,,Fondo Inversión Rescatable,2020070288331,https://www.cmfchile.cl/documentos/rfm/rfm_2020070288331.pdf,2020-07-07,2026-08-20
FM140693,2014-03-14,9059,FONDO MUTUO BOOSTER JAPON,BANCHILE ADMINISTRADORA GENERAL DE FONDOS S.A.,No Vigente,,Fondo Mutuo,2015030027685,https://www.cmfchile.cl/documentos/rfm/rfm_2015030027685.pdf,2015-03-06,2026-08-20
FM140692,2014-03-14,9058,FONDO MUTUO DEPOSITO PLUS VI GARANTIZADO,BANCHILE ADMINISTRADORA GENERAL DE FONDOS S.A.,No Vigente,,Fondo Mutuo,2015030027713,https://www.cmfchile.cl/documentos/rfm/rfm_2015030027713.pdf,2015-03-06,2026-08-20
FM140689,2014-03-05,9055,FONDO MUTUO CREDICORP CAPITAL US ALPHA +,CREDICORP CAPITAL ASSET MANAGEMENT S.A. ADMINISTRADORA GENERAL DE FONDOS,No Vigente,Liquidado,Fondo Mutuo,2016110170569,https://www.cmfchile.cl/documentos/rfm/rfm_2016110170569.pdf,2016-11-11,2026-08-20
FM140690,2014-03-05,9056,FONDO MUTUO CREDICORP CAPITAL DEUDA 360,CREDICORP CAPITAL ASSET MANAGEMENT S.A. ADMINISTRADORA GENERAL DE FONDOS,Vigente,,Fondo Mutuo,2023060257000,https://www.cmfchile.cl/documentos/rfm/rfm_2023060257000.pdf,2023-06-16,2026-08-20
FM140688,2014-02-04,9054,FONDO MUTUO ZURICH DEUDA CORPORATIVA CHILENA,ZURICH CHILE ASSET MANAGEMENT ADMINISTRADORA GENERAL DE FONDOS S.A.,Vigente,,Fondo Mutuo,2025030175600,https://www.cmfchile.cl/documentos/rfm/rfm_2025030175600.pdf,2025-03-07,2026-08-20
FM140687,2014-01-31,9053,FONDO MUTUO DEPOSITO PLUS V GARANTIZADO,BANCHILE ADMINISTRADORA GENERAL DE FONDOS S.A.,No Vigente,,Fondo Mutuo,2015030027689,https://www.cmfchile.cl/documentos/rfm/rfm_2015030027689.pdf,2015-03-06,2026-08-20
FM140683,2014-01-31,9049,FONDO MUTUO DEPÃSITO PLUS GARANTIZADO,BANCHILE ADMINISTRADORA GENERAL DE FONDOS S.A.,No Vigente,,Fondo Mutuo,2014020016471,https://www.cmfchile.cl/documentos/rfm/rfm_2014020016471.pdf,2014-02-14,2026-08-20
FM140685,2014-01-31,9051,FONDO MUTUO DEPOSITO PLUS III GARANTIZADO,BANCHILE ADMINISTRADORA GENERAL DE FONDOS S.A.,No Vigente,,Fondo Mutuo,2014010011418,https://www.cmfchile.cl/documentos/rfm/rfm_2014010011418.pdf,2014-01-31,2026-08-20
FM140684,2014-01-31,9050,FONDO MUTUO DEPOSITO PLUS II GARANTIZADO,BANCHILE ADMINISTRADORA GENERAL DE FONDOS S.A.,No Vigente,,Fondo Mutuo,2014020016475,https://www.cmfchile.cl/documentos/rfm/rfm_2014020016475.pdf,2014-02-14,2026-08-20
FM140686,2014-01-31,9052,FONDO MUTUO DEPOSITO PLUS IV GARANTIZADO,BANCHILE ADMINISTRADORA GENERAL DE FONDOS S.A.,No Vigente,,Fondo Mutuo,2014010011422,https://www.cmfchile.cl/documentos/rfm/rfm_2014010011422.pdf,2014-01-31,2026-08-20
FM140681,2014-01-07,9047,FONDO MUTUO BOOSTER ASIA EMERGENTE,BANCHILE ADMINISTRADORA GENERAL DE FONDOS S.A.,No Vigente,,Fondo Mutuo,2015030027680,https://www.cmfchile.cl/documentos/rfm/rfm_2015030027680.pdf,2015-03-06,2026-08-20
FM140682,2013-12-30,9048,FONDO MUTUO ZURICH USA,ZURICH CHILE ASSET MANAGEMENT ADMINISTRADORA GENERAL DE FONDOS S.A.,No Vigente,,Fondo Mutuo,2020030057899,https://www.cmfchile.cl/documentos/rfm/rfm_2020030057899.pdf,2020-03-19,2026-08-20
FM130679,2013-12-27,9046,FONDO MUTUO DEPOSITO PLUS V GARANTIZADO,BANCHILE ADMINISTRADORA GENERAL DE FONDOS S.A.,No Vigente,,Fondo Mutuo,2014010011426,https://www.cmfchile.cl/documentos/rfm/rfm_2014010011426.pdf,2014-01-31,2026-08-20
FM130678,2013-12-17,9045,FONDO MUTUO ZURICH USA,ZURICH ADMINISTRADORA GENERAL DE FONDOS S.A.,No Vigente,,Fondo Mutuo,2014010002269,https://www.cmfchile.cl/documentos/rfm/rfm_2014010002269.pdf,2013-12-30,2026-08-20
FM130677,2013-12-13,9044,FONDO MUTUO EUROAMERICA  SELECCIÓN CHILENA,ZURICH CHILE ASSET MANAGEMENT ADMINISTRADORA GENERAL DE FONDOS S.A.,No Vigente,,Fondo Mutuo,2014110129179,https://www.cmfchile.cl/documentos/rfm/rfm_2014110129179.pdf,2014-11-12,2026-08-20
FM130676,2013-12-09,9043,FONDO MUTUO BANCHILE PORTAFOLIO MODERADO LARGO PLAZO,BANCHILE ADMINISTRADORA GENERAL DE FONDOS S.A.,Vigente,,Fondo Mutuo,2024100541819,https://www.cmfchile.cl/documentos/rfm/rfm_2024100541819.pdf,2024-10-18,2026-08-20
FM130674,2013-12-09,9041,FONDO MUTUO BANCHILE ESTRATEGIA CONSERVADORA,BANCHILE ADMINISTRADORA GENERAL DE FONDOS S.A.,No Vigente,,Fondo Mutuo,2022110426517,https://www.cmfchile.cl/documentos/rfm/rfm_2022110426517.pdf,2022-11-09,2026-08-20
FM130675,2013-12-09,9042,FONDO MUTUO BANCHILE ESTRATEGIA AGRESIVA,BANCHILE ADMINISTRADORA GENERAL DE FONDOS S.A.,No Vigente,,Fondo Mutuo,2022110426562,https://www.cmfchile.cl/documentos/rfm/rfm_2022110426562.pdf,2022-11-09,2026-08-20
FM130673,2013-12-03,9040,FONDO MUTUO BCI LIQUIDEZ III,BCI ASSET MANAGEMENT ADMINISTRADORA  GENERAL DE FONDOS S.A.,No Vigente,,Fondo Mutuo,2013120114101,https://www.cmfchile.cl/documentos/rfm/rfm_2013120114101.pdf,2013-12-03,2026-08-20
FM130672,2013-12-02,9039,FONDO MUTUO ITAU LATAM INVESTMENT GRADE,ITAU ADMINISTRADORA GENERAL DE FONDOS S.A.,No Vigente,,Fondo Mutuo,2014020013207,https://www.cmfchile.cl/documentos/rfm/rfm_2014020013207.pdf,2014-02-05,2026-08-20
FM130671,2013-11-28,9038,FONDO MUTUO BANCHILE QUANT GLOBAL STRATEGY,BANCHILE ADMINISTRADORA GENERAL DE FONDOS S.A.,No Vigente,,Fondo Mutuo,2020010015445,https://www.cmfchile.cl/documentos/rfm/rfm_2020010015445.pdf,2020-01-22,2026-08-20
FM130670,2013-11-19,9037,FONDO MUTUO TWIN WIN EUROPE EQUITY,BANCHILE ADMINISTRADORA GENERAL DE FONDOS S.A.,No Vigente,,Fondo Mutuo,2015030027722,https://www.cmfchile.cl/documentos/rfm/rfm_2015030027722.pdf,2015-03-06,2026-08-20
FM130669,2013-11-11,9036,FONDO MUTUO EUROAMERICA INVESTMENTS PROYECCIÓN ACTIVO.,ZURICH CHILE ASSET MANAGEMENT ADMINISTRADORA GENERAL DE FONDOS S.A.,No Vigente,,Fondo Mutuo,2014030027301,https://www.cmfchile.cl/documentos/rfm/rfm_2014030027301.pdf,2014-03-19,2026-08-20
FM130668,2013-11-08,9035,FONDO MUTUO BCI GARANTIZADO DEPOSITO 107 III,BCI ASSET MANAGEMENT ADMINISTRADORA  GENERAL DE FONDOS S.A.,No Vigente,,Fondo Mutuo,2015070091341,https://www.cmfchile.cl/documentos/rfm/rfm_2015070091341.pdf,2015-07-30,2026-08-20
FM130667,2013-11-06,9034,FONDO MUTUO SANTANDER RENTA SELECTA CHILE,SANTANDER ASSET MANAGEMENT S.A. ADMINISTRADORA GENERAL DE FONDOS,Vigente,,Fondo Mutuo,2026060410788,https://www.cmfchile.cl/documentos/rfm/rfm_2026060410788.pdf,2026-06-19,2026-08-20
FM130666,2013-11-04,9033,FONDO MUTUO PRINCIPAL PERMANENCIA DEUDA EXTRA LARGO PLAZO,PRINCIPAL ASSET MANAGEMENT ADMINISTRADORA GENERAL DE FONDOS S.A.,Vigente,,Fondo Mutuo,2023110464625,https://www.cmfchile.cl/documentos/rfm/rfm_2023110464625.pdf,2023-11-06,2026-08-20
FM130665,2013-10-30,9032,FONDO MUTUO RETORNO ACCIONARIO LARGO PLAZO,BANCHILE ADMINISTRADORA GENERAL DE FONDOS S.A.,No Vigente,,Fondo Mutuo,2014120147721,https://www.cmfchile.cl/documentos/rfm/rfm_2014120147721.pdf,2014-12-23,2026-08-20
FM130664,2013-10-30,9031,FONDO DE INVERSIÓN BANCHILE USA EQUITY,BANCHILE ADMINISTRADORA GENERAL DE FONDOS S.A.,No Vigente,,Fondo Inversión Rescatable,2024010073306,https://www.cmfchile.cl/documentos/rfm/rfm_2024010073306.pdf,2024-01-31,2026-08-20
FM130663,2013-10-23,9030,FONDO DE INVERSIÓN BANCHILE EUROPE EQUITY,BANCHILE ADMINISTRADORA GENERAL DE FONDOS S.A.,No Vigente,,Fondo Inversión Rescatable,2024010053469,https://www.cmfchile.cl/documentos/rfm/rfm_2024010053469.pdf,2024-01-23,2026-08-20
FM150855,2013-10-21,7279,PICTON - APOLLO VIII FONDO DE INVERSION,PICTON ADMINISTRADORA GENERAL DE FONDOS S.A.,Vigente,,Fondo Inversión No Rescatable,2025060404858,https://www.cmfchile.cl/documentos/rfm/rfm_2025060404858.pdf,2025-06-10,2026-08-20
FM130662,2013-10-07,9029,FONDO MUTUO ITAU DEUDA LATAM,ITAU ADMINISTRADORA GENERAL DE FONDOS S.A.,No Vigente,Liquidado,Fondo Mutuo,2018020025800,https://www.cmfchile.cl/documentos/rfm/rfm_2018020025800.pdf,2018-02-09,2026-08-20
FM130661,2013-10-04,9028,FONDO MUTUO EUROAMERICA INVESTMENTS RENTA ACTIVA,ZURICH CHILE ASSET MANAGEMENT ADMINISTRADORA GENERAL DE FONDOS S.A.,No Vigente,,Fondo Mutuo,2014030027302,https://www.cmfchile.cl/documentos/rfm/rfm_2014030027302.pdf,2014-03-19,2026-08-20
FM130660,2013-10-02,9027,FONDO MUTUO LARRAINVIAL EUROPA,LARRAINVIAL ASSET MANAGEMENT ADMINISTRADORA GENERAL DE FONDOS S.A.,Vigente,,Fondo Mutuo,2025010083044,https://www.cmfchile.cl/documentos/rfm/rfm_2025010083044.pdf,2025-01-30,2026-08-20
FM130659,2013-10-02,9026,FONDO MUTUO TWIN WIN EUROPE EQUITY,BANCHILE ADMINISTRADORA GENERAL DE FONDOS S.A.,No Vigente,,Fondo Mutuo,2013110109059,https://www.cmfchile.cl/documentos/rfm/rfm_2013110109059.pdf,2013-11-19,2026-08-20
FM130658,2013-10-01,9025,FONDO MUTUO ZURICH RENTA CHILENA,ZURICH CHILE ASSET MANAGEMENT ADMINISTRADORA GENERAL DE FONDOS S.A.,No Vigente,,Fondo Mutuo,2023030102465,https://www.cmfchile.cl/documentos/rfm/rfm_2023030102465.pdf,2023-03-10,2026-08-20
FM130657,2013-09-14,9024,FONDO MUTUO BTG PACTUAL GLOBAL EMERGENTE,BTG PACTUAL CHILE S.A. ADMINISTRADORA GENERAL DE FONDOS,Vigente,,Fondo Mutuo,2026020103708,https://www.cmfchile.cl/documentos/rfm/rfm_2026020103708.pdf,2026-02-10,2026-08-20
FM130656,2013-09-12,9023,FONDO MUTUO LARRAINVIAL ASIA,LARRAINVIAL ASSET MANAGEMENT ADMINISTRADORA GENERAL DE FONDOS S.A.,Vigente,,Fondo Mutuo,2026030155253,https://www.cmfchile.cl/documentos/rfm/rfm_2026030155253.pdf,2026-03-05,2026-08-20
FM130655,2013-08-30,9022,FONDO MUTUO BANCHILE CAPITAL EMPRESARIAL,BANCHILE ADMINISTRADORA GENERAL DE FONDOS S.A.,Vigente,,Fondo Mutuo,2026070453779,https://www.cmfchile.cl/documentos/rfm/rfm_2026070453779.pdf,2026-07-09,2026-08-20
FM130654,2013-08-29,9021,FONDO MUTUO SCOTIA DEUDA CHILE FLEXIBLE,SCOTIA  ADMINISTRADORA GENERAL DE FONDOS CHILE S.A.,Vigente,,Fondo Mutuo,2024120678975,https://www.cmfchile.cl/documentos/rfm/rfm_2024120678975.pdf,2024-12-10,2026-08-20
FM130653,2013-08-26,9020,FONDO MUTUO BCI LIQUIDEZ II,BCI ASSET MANAGEMENT ADMINISTRADORA  GENERAL DE FONDOS S.A.,No Vigente,,Fondo Mutuo,2013100092889,https://www.cmfchile.cl/documentos/rfm/rfm_2013100092889.pdf,2013-10-03,2026-08-20
FM130652,2013-08-26,9019,FONDO MUTUO ETF IT NOW ACCIONES CHILE,ITAU ADMINISTRADORA GENERAL DE FONDOS S.A.,Vigente,,Fondo Mutuo,2025110775424,https://www.cmfchile.cl/documentos/rfm/rfm_2025110775424.pdf,2026-07-30,2026-08-20
FM130651,2013-08-19,9018,FONDO MUTUO SMALL CAP USA GARANTIZADO,BANCHILE ADMINISTRADORA GENERAL DE FONDOS S.A.,No Vigente,,Fondo Mutuo,2015030027718,https://www.cmfchile.cl/documentos/rfm/rfm_2015030027718.pdf,2015-03-06,2026-08-20
FM130650,2013-08-13,9017,FONDO MUTUO ITAU CAPITAL MODERADO,ITAU ADMINISTRADORA GENERAL DE FONDOS S.A.,No Vigente,,Fondo Mutuo,2018040075042,https://www.cmfchile.cl/documentos/rfm/rfm_2018040075042.pdf,2018-04-25,2026-08-20
FM130649,2013-08-13,9016,FONDO MUTUO ITAU CAPITAL BALANCEADO,ITAU ADMINISTRADORA GENERAL DE FONDOS S.A.,No Vigente,,Fondo Mutuo,2018040075037,https://www.cmfchile.cl/documentos/rfm/rfm_2018040075037.pdf,2018-04-25,2026-08-20
FM130648,2013-08-13,9015,FONDO MUTUO ITAU INVESTMENT D,ITAU ADMINISTRADORA GENERAL DE FONDOS S.A.,No Vigente,,Fondo Mutuo,2018040075054,https://www.cmfchile.cl/documentos/rfm/rfm_2018040075054.pdf,2018-04-25,2026-08-20
FM130647,2013-08-13,9014,FONDO MUTUO ITAU INVESTMENT C,ITAU ADMINISTRADORA GENERAL DE FONDOS S.A.,No Vigente,,Fondo Mutuo,2018040075046,https://www.cmfchile.cl/documentos/rfm/rfm_2018040075046.pdf,2018-04-25,2026-08-20
FM130646,2013-08-13,9013,FONDO MUTUO EUROAMERICA  PACIFICO,ZURICH CHILE ASSET MANAGEMENT ADMINISTRADORA GENERAL DE FONDOS S.A.,No Vigente,,Fondo Mutuo,2014030027308,https://www.cmfchile.cl/documentos/rfm/rfm_2014030027308.pdf,2014-03-19,2026-08-20
FM130645,2013-08-12,9012,FONDO MUTUO ITAU PERFIL AGRESIVO,ITAU ADMINISTRADORA GENERAL DE FONDOS S.A.,No Vigente,,Fondo Mutuo,2018040075035,https://www.cmfchile.cl/documentos/rfm/rfm_2018040075035.pdf,2018-04-25,2026-08-20
FM130644,2013-08-12,9011,FONDO MUTUO CORP INVESTMENT A,ITAU ADMINISTRADORA GENERAL DE FONDOS S.A.,No Vigente,,Fondo Mutuo,2016120192650,https://www.cmfchile.cl/documentos/rfm/rfm_2016120192650.pdf,2016-12-16,2026-08-20
FM130643,2013-08-08,9010,FONDO MUTUO ITAU LATAM INVESTMENT GRADE BOND FUND,ITAU ADMINISTRADORA GENERAL DE FONDOS S.A.,No Vigente,,Fondo Mutuo,2013120113596,https://www.cmfchile.cl/documentos/rfm/rfm_2013120113596.pdf,2013-12-02,2026-08-20
FM130642,2013-07-31,9009,FONDO MUTUO BCI GARANTIZADO DEPOSITO 107 II,BCI ASSET MANAGEMENT ADMINISTRADORA  GENERAL DE FONDOS S.A.,No Vigente,,Fondo Mutuo,2015030027564,https://www.cmfchile.cl/documentos/rfm/rfm_2015030027564.pdf,2015-03-06,2026-08-20
FM130641,2013-07-29,9008,FONDO MUTUO TWIN WIN USA PESOS,BANCHILE ADMINISTRADORA GENERAL DE FONDOS S.A.,No Vigente,,Fondo Mutuo,2015030027746,https://www.cmfchile.cl/documentos/rfm/rfm_2015030027746.pdf,2015-03-06,2026-08-20
FM130640,2013-07-23,9007,FONDO MUTUO BICE ACCIONES JAPÓN,BICE INVERSIONES ADMINISTRADORA GENERAL DE FONDOS S.A.,No Vigente,,Fondo Mutuo,2022110449186,https://www.cmfchile.cl/documentos/rfm/rfm_2022110449186.pdf,2022-11-25,2026-08-20
FM130639,2013-07-09,9006,FONDO MUTUO BTG PACTUAL GESTION ACTIVA,BTG PACTUAL CHILE S.A. ADMINISTRADORA GENERAL DE FONDOS,Vigente,,Fondo Mutuo,2026020099129,https://www.cmfchile.cl/documentos/rfm/rfm_2026020099129.pdf,2026-07-23,2026-08-20
FM130638,2013-07-09,9005,FONDO MUTUO BTG PACTUAL GLOBAL DESARROLLADO,BTG PACTUAL CHILE S.A. ADMINISTRADORA GENERAL DE FONDOS,Vigente,,Fondo Mutuo,2025100755565,https://www.cmfchile.cl/documentos/rfm/rfm_2025100755565.pdf,2025-10-28,2026-08-20
FM130637,2013-07-05,9004,FONDO MUTUO ZURICH BALANCEADO GLOBAL PLUS,ZURICH CHILE ASSET MANAGEMENT ADMINISTRADORA GENERAL DE FONDOS S.A.,No Vigente,,Fondo Mutuo,2019100183034,https://www.cmfchile.cl/documentos/rfm/rfm_2019100183034.pdf,2019-10-14,2026-08-20
FM130636,2013-06-24,9003,FONDO MUTUO SURA RENTA ACTIVA CHILE,ADMINISTRADORA GENERAL DE FONDOS SURA S.A.,No Vigente,,Fondo Mutuo,2017070116993,https://www.cmfchile.cl/documentos/rfm/rfm_2017070116993.pdf,2017-07-04,2026-08-20
FM130635,2013-06-21,9002,FONDO MUTUO SECOND BEST EUROPA CHINA GARANTIZADO,BANCHILE ADMINISTRADORA GENERAL DE FONDOS S.A.,No Vigente,,Fondo Mutuo,2015030027716,https://www.cmfchile.cl/documentos/rfm/rfm_2015030027716.pdf,2015-03-06,2026-08-20
FM130634,2013-06-19,9001,FONDO MUTUO GLOBAL STOCKS GARANTIZADO,BANCHILE ADMINISTRADORA GENERAL DE FONDOS S.A.,No Vigente,,Fondo Mutuo,2015030027711,https://www.cmfchile.cl/documentos/rfm/rfm_2015030027711.pdf,2015-03-06,2026-08-20
FM130633,2013-06-19,9000,FONDO MUTUO BTG PACTUAL ANDINO,BTG PACTUAL CHILE S.A. ADMINISTRADORA GENERAL DE FONDOS,No Vigente,Liquidado,Fondo Mutuo,2016120197258,https://www.cmfchile.cl/documentos/rfm/rfm_2016120197258.pdf,2016-12-23,2026-08-20
FM130632,2013-06-18,8999,FONDO MUTUO SECOND BEST EUROPA CHINA GARANTIZADO,BANCHILE ADMINISTRADORA GENERAL DE FONDOS S.A.,No Vigente,,Fondo Mutuo,2013060057778,https://www.cmfchile.cl/documentos/rfm/rfm_2013060057778.pdf,2013-06-21,2026-08-20
FM130631,2013-06-18,8998,FONDO MUTUO GLOBAL STOCKS GARANTIZADO,BANCHILE ADMINISTRADORA GENERAL DE FONDOS S.A.,No Vigente,,Fondo Mutuo,2013060056911,https://www.cmfchile.cl/documentos/rfm/rfm_2013060056911.pdf,2013-06-19,2026-08-20
FM130628,2013-06-17,8995,FONDO MUTUO SANTANDER SELECT EQUILIBRIO,SANTANDER ASSET MANAGEMENT S.A. ADMINISTRADORA GENERAL DE FONDOS,No Vigente,,Fondo Mutuo,2016050066865,https://www.cmfchile.cl/documentos/rfm/rfm_2016050066865.pdf,2016-05-19,2026-08-20
FM130630,2013-06-17,8997,FONDO MUTUO SANTANDER SELECT PRUDENTE,SANTANDER ASSET MANAGEMENT S.A. ADMINISTRADORA GENERAL DE FONDOS,No Vigente,,Fondo Mutuo,2015120150790,https://www.cmfchile.cl/documentos/rfm/rfm_2015120150790.pdf,2015-12-15,2026-08-20
FM130629,2013-06-17,8996,FONDO MUTUO SANTANDER SELECT DINAMICO,SANTANDER ASSET MANAGEMENT S.A. ADMINISTRADORA GENERAL DE FONDOS,No Vigente,,Fondo Mutuo,2016050066863,https://www.cmfchile.cl/documentos/rfm/rfm_2016050066863.pdf,2016-05-19,2026-08-20
FM130627,2013-06-06,8994,FONDO MUTUO ITAU GESTIONADO CONSERVADOR,ITAU ADMINISTRADORA GENERAL DE FONDOS S.A.,Vigente,,Fondo Mutuo,2024110609828,https://www.cmfchile.cl/documentos/rfm/rfm_2024110609828.pdf,2024-11-21,2026-08-20
FM130626,2013-06-06,8993,FONDO MUTUO ITAU GESTIONADO AGRESIVO,ITAU ADMINISTRADORA GENERAL DE FONDOS S.A.,Vigente,,Fondo Mutuo,2024110609756,https://www.cmfchile.cl/documentos/rfm/rfm_2024110609756.pdf,2024-11-21,2026-08-20
FM130625,2013-06-06,8992,FONDO MUTUO ITAU GESTIONADO MODERADO,ITAU ADMINISTRADORA GENERAL DE FONDOS S.A.,Vigente,,Fondo Mutuo,2024110610363,https://www.cmfchile.cl/documentos/rfm/rfm_2024110610363.pdf,2024-11-21,2026-08-20
FM130624,2013-05-27,8991,FONDO MUTUO SCOTIA DEUDA CORTO PLAZO UF,SCOTIA  ADMINISTRADORA GENERAL DE FONDOS CHILE S.A.,Vigente,,Fondo Mutuo,2026020099327,https://www.cmfchile.cl/documentos/rfm/rfm_2026020099327.pdf,2026-02-09,2026-08-20
FM130623,2013-05-22,8990,FONDO MUTUO BBVA MONETARIO XIV,SCOTIA AZUL ASSET MANAGEMENT ADMINISTRADORA GENERAL DE FONDOS S.A.,No Vigente,Liquidado,Fondo Mutuo,2016090115208,https://www.cmfchile.cl/documentos/rfm/rfm_2016090115208.pdf,2016-09-05,2026-08-20
FM130622,2013-05-17,8989,FONDO MUTUO SANTANDER EFICIENTE,SANTANDER ASSET MANAGEMENT S.A. ADMINISTRADORA GENERAL DE FONDOS,No Vigente,,Fondo Mutuo,2013090090570,https://www.cmfchile.cl/documentos/rfm/rfm_2013090090570.pdf,2013-09-27,2026-08-20
FM130621,2013-05-02,8988,FONDO MUTUO SANTANDER AHORRO CORTO PLAZO,SANTANDER ASSET MANAGEMENT S.A. ADMINISTRADORA GENERAL DE FONDOS,No Vigente,Liquidado,Fondo Mutuo,2017050081840,https://www.cmfchile.cl/documentos/rfm/rfm_2017050081840.pdf,2017-05-04,2026-08-20
FM130620,2013-04-22,8987,FONDO MUTUO SECURITY ACCIONES EEUU,ADMINISTRADORA GENERAL DE FONDOS  SECURITY S.A.,Vigente,,Fondo Mutuo,2026020129587,https://www.cmfchile.cl/documentos/rfm/rfm_2026020129587.pdf,2026-02-24,2026-08-20
FM130619,2013-04-12,8986,FONDO MUTUO SECURITY MID TERM UF,ADMINISTRADORA GENERAL DE FONDOS  SECURITY S.A.,Vigente,,Fondo Mutuo,2025110811657,https://www.cmfchile.cl/documentos/rfm/rfm_2025110811657.pdf,2025-11-18,2026-08-20
FM130617,2013-04-02,8984,FONDO MUTUO DEPOSITO PLUS IV GARANTIZADO,BANCHILE ADMINISTRADORA GENERAL DE FONDOS S.A.,No Vigente,,Fondo Mutuo,2014010011422,https://www.cmfchile.cl/documentos/rfm/rfm_2014010011422.pdf,2014-01-31,2026-08-20
FM130618,2013-04-02,8985,FONDO MUTUO BOOSTER CHINA STOCKS,BANCHILE ADMINISTRADORA GENERAL DE FONDOS S.A.,No Vigente,,Fondo Mutuo,2013070062287,https://www.cmfchile.cl/documentos/rfm/rfm_2013070062287.pdf,2013-07-04,2026-08-20
FM130616,2013-03-28,8983,FONDO MUTUO USA EQUITY TAX ADVANTAGE,BANCHILE ADMINISTRADORA GENERAL DE FONDOS S.A.,No Vigente,,Fondo Mutuo,2013100102810,https://www.cmfchile.cl/documentos/rfm/rfm_2013100102810.pdf,2013-10-30,2026-08-20
FM130615,2013-03-21,8982,FONDO MUTUO CREDICORP CAPITAL ACCIONES ESTRATEGICAS,CREDICORP CAPITAL ASSET MANAGEMENT S.A. ADMINISTRADORA GENERAL DE FONDOS,Vigente,,Fondo Mutuo,2026080512057,https://www.cmfchile.cl/documentos/rfm/rfm_2026080512057.pdf,2026-08-04,2026-08-20
FM130614,2013-03-08,8981,FONDO MUTUO BCI LIQUIDEZ,BCI ASSET MANAGEMENT ADMINISTRADORA  GENERAL DE FONDOS S.A.,No Vigente,,Fondo Mutuo,2013030027171,https://www.cmfchile.cl/documentos/rfm/rfm_2013030027171.pdf,2013-03-27,2026-08-20
FM130613,2013-03-05,8980,FONDO MUTUO SURA SELECCION ACCIONES ASIA EMERGENTE,ADMINISTRADORA GENERAL DE FONDOS SURA S.A.,No Vigente,,Fondo Mutuo,2021120505360,https://www.cmfchile.cl/documentos/rfm/rfm_2021120505360.pdf,2021-12-22,2026-08-20
FM130612,2013-03-01,8979,FONDO MUTUO ITAU DINÁMICO ULTRA,ITAU ADMINISTRADORA GENERAL DE FONDOS S.A.,Vigente,,Fondo Mutuo,2024100531029,https://www.cmfchile.cl/documentos/rfm/rfm_2024100531029.pdf,2024-10-14,2026-08-20
FM150854,2013-02-21,7262,PICTON - WP FONDO DE INVERSIÓN,PICTON ADMINISTRADORA GENERAL DE FONDOS S.A.,Vigente,,Fondo Inversión No Rescatable,2025060404896,https://www.cmfchile.cl/documentos/rfm/rfm_2025060404896.pdf,2025-06-10,2026-08-20
FM130611,2013-02-20,8978,FONDO MUTUO BBVA MONETARIO XIII,SCOTIA AZUL ASSET MANAGEMENT ADMINISTRADORA GENERAL DE FONDOS S.A.,No Vigente,Liquidado,Fondo Mutuo,2016090115198,https://www.cmfchile.cl/documentos/rfm/rfm_2016090115198.pdf,2016-09-05,2026-08-20
FM130610,2013-02-19,8977,FONDO MUTUO BBVA MONETARIO XVI,SCOTIA AZUL ASSET MANAGEMENT ADMINISTRADORA GENERAL DE FONDOS S.A.,No Vigente,Liquidado,Fondo Mutuo,2017100178371,https://www.cmfchile.cl/documentos/rfm/rfm_2017100178371.pdf,2017-10-12,2026-08-20
FM130609,2013-02-18,8976,FONDO MUTUO BCI CARTERA MEDIANO PLAZO,BCI ASSET MANAGEMENT ADMINISTRADORA  GENERAL DE FONDOS S.A.,Vigente,,Fondo Mutuo,2025070466045,https://www.cmfchile.cl/documentos/rfm/rfm_2025070466045.pdf,2025-07-07,2026-08-20
FM130608,2013-02-08,8975,FONDO MUTUO BICE EE.UU.,BICE INVERSIONES ADMINISTRADORA GENERAL DE FONDOS S.A.,No Vigente,,Fondo Mutuo,2015070082670,https://www.cmfchile.cl/documentos/rfm/rfm_2015070082670.pdf,2015-07-09,2026-08-20
FM130607,2013-02-08,8974,FONDO MUTUO BCI ACCIONES NACIONALES GARANTIZADO,BCI ASSET MANAGEMENT ADMINISTRADORA  GENERAL DE FONDOS S.A.,No Vigente,,Fondo Mutuo,2015030027566,https://www.cmfchile.cl/documentos/rfm/rfm_2015030027566.pdf,2015-03-06,2026-08-20
FM130605,2013-01-28,8972,FONDO MUTUO BOOSTER EUROPA,BANCHILE ADMINISTRADORA GENERAL DE FONDOS S.A.,No Vigente,,Fondo Mutuo,2013010008477,https://www.cmfchile.cl/documentos/rfm/rfm_2013010008477.pdf,2013-01-28,2026-08-20
FM130606,2013-01-28,8973,FONDO MUTUO BOOSTER REAL ESTATE USA,BANCHILE ADMINISTRADORA GENERAL DE FONDOS S.A.,No Vigente,,Fondo Mutuo,2013010008500,https://www.cmfchile.cl/documentos/rfm/rfm_2013010008500.pdf,2013-01-28,2026-08-20
FM130604,2013-01-11,8971,FONDO MUTUO ITAU GESTIONADO ACCIONES,ITAU ADMINISTRADORA GENERAL DE FONDOS S.A.,Vigente,,Fondo Mutuo,2024110609510,https://www.cmfchile.cl/documentos/rfm/rfm_2024110609510.pdf,2024-11-21,2026-08-20
FM120603,2012-12-27,8970,FONDO MUTUO BCI BONOS LATINOAMERICANOS,BCI ASSET MANAGEMENT ADMINISTRADORA  GENERAL DE FONDOS S.A.,No Vigente,Liquidado,Fondo Mutuo,2020080350261,https://www.cmfchile.cl/documentos/rfm/rfm_2020080350261.pdf,2020-08-06,2026-08-20
FM120602,2012-12-27,8969,FONDO MUTUO DEPOSITO PLUS III GARANTIZADO,BANCHILE ADMINISTRADORA GENERAL DE FONDOS S.A.,No Vigente,,Fondo Mutuo,2014010011418,https://www.cmfchile.cl/documentos/rfm/rfm_2014010011418.pdf,2014-01-31,2026-08-20
FM120601,2012-12-19,8968,FONDO MUTUO BCI SMALL & MID CAP LATAM,BCI ASSET MANAGEMENT ADMINISTRADORA  GENERAL DE FONDOS S.A.,No Vigente,,Fondo Mutuo,2015070091278,https://www.cmfchile.cl/documentos/rfm/rfm_2015070091278.pdf,2015-07-30,2026-08-20
FM120600,2012-12-17,8967,FONDO MUTUO BCI DEUDA LATAM HY,BCI ASSET MANAGEMENT ADMINISTRADORA  GENERAL DE FONDOS S.A.,Vigente,,Fondo Mutuo,2025110830321,https://www.cmfchile.cl/documentos/rfm/rfm_2025110830321.pdf,2025-11-26,2026-08-20
FM120599,2012-11-21,8966,FONDO MUTUO SCOTIA RENTA BALANCEADA,SCOTIA  ADMINISTRADORA GENERAL DE FONDOS CHILE S.A.,No Vigente,,Fondo Mutuo,2018120204539,https://www.cmfchile.cl/documentos/rfm/rfm_2018120204539.pdf,2018-12-10,2026-08-20
FM120598,2012-11-19,8965,FONDO MUTUO DEPOSITO PLUS II GARANTIZADO,BANCHILE ADMINISTRADORA GENERAL DE FONDOS S.A.,No Vigente,,Fondo Mutuo,2014010011416,https://www.cmfchile.cl/documentos/rfm/rfm_2014010011416.pdf,2014-01-31,2026-08-20
FM120597,2012-11-19,8964,FONDO MUTUO CHILE BURSATIL GARANTIZADO,BANCHILE ADMINISTRADORA GENERAL DE FONDOS S.A.,No Vigente,,Fondo Mutuo,2012120156231,https://www.cmfchile.cl/documentos/rfm/rfm_2012120156231.pdf,2012-12-06,2026-08-20
FM120596,2012-11-09,8963,FONDO MUTUO SECOND BEST CHILE EE.UU. GARANTIZADO,BANCHILE ADMINISTRADORA GENERAL DE FONDOS S.A.,No Vigente,,Fondo Mutuo,2013010008301,https://www.cmfchile.cl/documentos/rfm/rfm_2013010008301.pdf,2013-01-28,2026-08-20
FM120595,2012-10-29,8962,FONDO MUTUO BBVA MONETARIO XV,SCOTIA AZUL ASSET MANAGEMENT ADMINISTRADORA GENERAL DE FONDOS S.A.,No Vigente,Liquidado,Fondo Mutuo,2017100178348,https://www.cmfchile.cl/documentos/rfm/rfm_2017100178348.pdf,2017-10-12,2026-08-20
FM120594,2012-10-22,8961,FONDO MUTUO EUROAMERICA INVESTMENTS DEUDA,ZURICH CHILE ASSET MANAGEMENT ADMINISTRADORA GENERAL DE FONDOS S.A.,No Vigente,,Fondo Mutuo,2014040046519,https://www.cmfchile.cl/documentos/rfm/rfm_2014040046519.pdf,2014-04-30,2026-08-20
FM120593,2012-10-09,8960,FONDO MUTUO ITAÚ GESTIONADO ACCIONES,ITAU ADMINISTRADORA GENERAL DE FONDOS S.A.,No Vigente,,Fondo Mutuo,2013010003933,https://www.cmfchile.cl/documentos/rfm/rfm_2013010003933.pdf,2013-01-11,2026-08-20
FM120592,2012-09-11,8959,FONDO MUTUO ITAU DINAMICO,ITAU ADMINISTRADORA GENERAL DE FONDOS S.A.,Vigente,,Fondo Mutuo,2025120910427,https://www.cmfchile.cl/documentos/rfm/rfm_2025120910427.pdf,2025-12-31,2026-08-20
FM120590,2012-09-07,8957,FONDO MUTUO BANCHILE DEUDA DÓLAR,BANCHILE ADMINISTRADORA GENERAL DE FONDOS S.A.,Vigente,,Fondo Mutuo,2024010037532,https://www.cmfchile.cl/documentos/rfm/rfm_2024010037532.pdf,2024-01-16,2026-08-20
FM120591,2012-09-07,8958,FONDO MUTUO SECURITY EVOLUCIÓN CHILE,ADMINISTRADORA GENERAL DE FONDOS  SECURITY S.A.,No Vigente,,Fondo Mutuo,2016020019868,https://www.cmfchile.cl/documentos/rfm/rfm_2016020019868.pdf,2016-02-15,2026-08-20
FM120588,2012-08-29,8955,FONDO MUTUO SURA ACCIONES RECURSOS NATURALES,ADMINISTRADORA GENERAL DE FONDOS SURA S.A.,No Vigente,,Fondo Mutuo,2012120160178,https://www.cmfchile.cl/documentos/rfm/rfm_2012120160178.pdf,2012-12-17,2026-08-20
FM120589,2012-08-29,8956,FONDO MUTUO SURA RENTA CORPORATIVA LARGO PLAZO,ADMINISTRADORA GENERAL DE FONDOS SURA S.A.,Vigente,,Fondo Mutuo,2026010023720,https://www.cmfchile.cl/documentos/rfm/rfm_2026010023720.pdf,2026-01-12,2026-08-20
FM120585,2012-08-22,8952,FONDO MUTUO SCOTIA MONETARIO NOMINAL,SCOTIA  ADMINISTRADORA GENERAL DE FONDOS CHILE S.A.,No Vigente,,Fondo Mutuo,2018120204391,https://www.cmfchile.cl/documentos/rfm/rfm_2018120204391.pdf,2018-12-10,2026-08-20
FM120586,2012-08-22,8953,FONDO MUTUO ITAU BONOS CORPORATIVOS,ITAU ADMINISTRADORA GENERAL DE FONDOS S.A.,No Vigente,,Fondo Mutuo,2018040073680,https://www.cmfchile.cl/documentos/rfm/rfm_2018040073680.pdf,2018-04-23,2026-08-20
FM120587,2012-08-22,8954,FONDO MUTUO ITAU DEUDA CHILENA,ITAU ADMINISTRADORA GENERAL DE FONDOS S.A.,No Vigente,,Fondo Mutuo,2018030055785,https://www.cmfchile.cl/documentos/rfm/rfm_2018030055785.pdf,2018-03-28,2026-08-20
FM120584,2012-08-21,8951,FONDO MUTUO EUROPA ACCIONARIO GARANTIZADO,BANCHILE ADMINISTRADORA GENERAL DE FONDOS S.A.,No Vigente,,Fondo Mutuo,2015030027709,https://www.cmfchile.cl/documentos/rfm/rfm_2015030027709.pdf,2015-03-06,2026-08-20
FM120583,2012-08-20,8950,FONDO MUTUO BTG PACTUAL RENTA ACTIVA,BTG PACTUAL CHILE S.A. ADMINISTRADORA GENERAL DE FONDOS,Vigente,,Fondo Mutuo,2026040291338,https://www.cmfchile.cl/documentos/rfm/rfm_2026040291338.pdf,2026-04-28,2026-08-20
FM120582,2012-08-17,8949,FONDO MUTUO TWIN WIN EUROPA 103 GARANTIZADO,BANCHILE ADMINISTRADORA GENERAL DE FONDOS S.A.,No Vigente,,Fondo Mutuo,2015030027720,https://www.cmfchile.cl/documentos/rfm/rfm_2015030027720.pdf,2015-03-06,2026-08-20
FM120581,2012-08-17,8948,FONDO MUTUO ZURICH SMALL CAP LATAM,ZURICH CHILE ASSET MANAGEMENT ADMINISTRADORA GENERAL DE FONDOS S.A.,No Vigente,,Fondo Mutuo,2026020117923,https://www.cmfchile.cl/documentos/rfm/rfm_2026020117923.pdf,2026-02-17,2026-08-20
FM120580,2012-08-10,8947,FONDO MUTUO DEPÓSITO PLUS GARANTIZADO,BANCHILE ADMINISTRADORA GENERAL DE FONDOS S.A.,No Vigente,,Fondo Mutuo,2014010011368,https://www.cmfchile.cl/documentos/rfm/rfm_2014010011368.pdf,2014-01-31,2026-08-20
FM120579,2012-08-07,8946,FONDO MUTUO ZURICH HIGH YIELD LATAM,ZURICH CHILE ASSET MANAGEMENT ADMINISTRADORA GENERAL DE FONDOS S.A.,Vigente,,Fondo Mutuo,2026050331857,https://www.cmfchile.cl/documentos/rfm/rfm_2026050331857.pdf,2026-05-15,2026-08-20
FM120578,2012-07-13,8945,FONDO MUTUO CREDICORP CAPITAL MONEY MARKET,CREDICORP CAPITAL ASSET MANAGEMENT S.A. ADMINISTRADORA GENERAL DE FONDOS,Vigente,,Fondo Mutuo,2025040258884,https://www.cmfchile.cl/documentos/rfm/rfm_2025040258884.pdf,2025-04-03,2026-08-20
FM120577,2012-07-12,8944,FONDO MUTUO BICE TENDENCIAS,BICE INVERSIONES ADMINISTRADORA GENERAL DE FONDOS S.A.,No Vigente,,Fondo Mutuo,2021010018320,https://www.cmfchile.cl/documentos/rfm/rfm_2021010018320.pdf,2021-01-18,2026-08-20
FM120576,2012-07-10,8943,FONDO MUTUO BBVA GARANTIZADO SELECCION TECNOLOGIA,SCOTIA AZUL ASSET MANAGEMENT ADMINISTRADORA GENERAL DE FONDOS S.A.,No Vigente,,Fondo Mutuo,2014120141866,https://www.cmfchile.cl/documentos/rfm/rfm_2014120141866.pdf,2014-12-11,2026-08-20
FM120575,2012-07-06,8942,FONDO MUTUO BCI EUROPA GARANTIZADO,BCI ASSET MANAGEMENT ADMINISTRADORA  GENERAL DE FONDOS S.A.,No Vigente,,Fondo Mutuo,2012080111133,https://www.cmfchile.cl/documentos/rfm/rfm_2012080111133.pdf,2012-08-23,2026-08-20
FM120574,2012-07-06,8941,FONDO MUTUO BCI ESTRATEGIA UF HASTA 1 AÑO,BCI ASSET MANAGEMENT ADMINISTRADORA  GENERAL DE FONDOS S.A.,Vigente,,Fondo Mutuo,2024060341371,https://www.cmfchile.cl/documentos/rfm/rfm_2024060341371.pdf,2024-06-28,2026-08-20
FM120573,2012-06-28,8940,FONDO MUTUO SECURITY DEUDA CORPORATIVA LATINOAMERICANA,ADMINISTRADORA GENERAL DE FONDOS  SECURITY S.A.,Vigente,,Fondo Mutuo,2025090649970,https://www.cmfchile.cl/documentos/rfm/rfm_2025090649970.pdf,2025-09-24,2026-08-20
FM120572,2012-06-25,8939,FONDO MUTUO BRZ BRAZILIAN EQUITIES,HMC S.A. ADMINISTRADORA GENERAL DE FONDOS,No Vigente,,Fondo Mutuo,2013040036439,https://www.cmfchile.cl/documentos/rfm/rfm_2013040036439.pdf,2013-04-19,2026-08-20
FM120571,2012-06-19,8938,FONDO MUTUO LARRAINVIAL DISPONIBLE,LARRAINVIAL ASSET MANAGEMENT ADMINISTRADORA GENERAL DE FONDOS S.A.,No Vigente,,Fondo Mutuo,2016020025407,https://www.cmfchile.cl/documentos/rfm/rfm_2016020025407.pdf,2016-02-26,2026-08-20
FM120570,2012-06-18,8937,FONDO MUTUO BICE ACCIONES PERÚ,BICE INVERSIONES ADMINISTRADORA GENERAL DE FONDOS S.A.,No Vigente,,Fondo Mutuo,2019030041922,https://www.cmfchile.cl/documentos/rfm/rfm_2019030041922.pdf,2019-03-13,2026-08-20
FM120569,2012-06-11,8936,FONDO MUTUO TWIN WIN USA,BANCHILE ADMINISTRADORA GENERAL DE FONDOS S.A.,No Vigente,,Fondo Mutuo,2012100138902,https://www.cmfchile.cl/documentos/rfm/rfm_2012100138902.pdf,2012-10-26,2026-08-20
FM120568,2012-06-05,8935,FONDO MUTUO BICE ACCIONES COLOMBIA,BICE INVERSIONES ADMINISTRADORA GENERAL DE FONDOS S.A.,No Vigente,,Fondo Mutuo,2019030041917,https://www.cmfchile.cl/documentos/rfm/rfm_2019030041917.pdf,2019-03-13,2026-08-20
FM120567,2012-05-15,8934,FONDO MUTUO BANCHILE DEUDA SOBERANA,BANCHILE ADMINISTRADORA GENERAL DE FONDOS S.A.,Vigente,,Fondo Mutuo,2024010030429,https://www.cmfchile.cl/documentos/rfm/rfm_2024010030429.pdf,2026-07-27,2026-08-20
FM120566,2012-05-07,8933,FONDO MUTUO BICE ESTRATEGIA MÁS CONSERVADORA,BICE INVERSIONES ADMINISTRADORA GENERAL DE FONDOS S.A.,No Vigente,,Fondo Mutuo,2023060268771,https://www.cmfchile.cl/documentos/rfm/rfm_2023060268771.pdf,2023-06-28,2026-08-20
FM120563,2012-04-30,8930,FONDO MUTUO BCI GARANTIZADO DEPOSITO 108 II,BCI ASSET MANAGEMENT ADMINISTRADORA  GENERAL DE FONDOS S.A.,No Vigente,,Fondo Mutuo,2013120114101,https://www.cmfchile.cl/documentos/rfm/rfm_2013120114101.pdf,2013-12-03,2026-08-20
FM120564,2012-04-30,8931,FONDO MUTUO BANCHILE CAPITAL EFECTIVO,BANCHILE ADMINISTRADORA GENERAL DE FONDOS S.A.,No Vigente,,Fondo Mutuo,2021060227193,https://www.cmfchile.cl/documentos/rfm/rfm_2021060227193.pdf,2021-06-09,2026-08-20
FM120565,2012-04-30,8932,FONDO MUTUO BTG PACTUAL RENTA A PLAZO,BTG PACTUAL CHILE S.A. ADMINISTRADORA GENERAL DE FONDOS,Vigente,,Fondo Mutuo,2026070437883,https://www.cmfchile.cl/documentos/rfm/rfm_2026070437883.pdf,2026-07-03,2026-08-20
FM120562,2012-03-30,8929,FONDO MUTUO CREDICORP CAPITAL INDICE CHILE,CREDICORP CAPITAL ASSET MANAGEMENT S.A. ADMINISTRADORA GENERAL DE FONDOS,No Vigente,,Fondo Mutuo,2019080141521,https://www.cmfchile.cl/documentos/rfm/rfm_2019080141521.pdf,2019-08-07,2026-08-20
FM120557,2012-03-21,8924,FONDO MUTUO BICE ACCIONES MUNDO SUSTENTABLE,BICE INVERSIONES ADMINISTRADORA GENERAL DE FONDOS S.A.,Vigente,,Fondo Mutuo,2026040276954,https://www.cmfchile.cl/documentos/rfm/rfm_2026040276954.pdf,2026-04-22,2026-08-20
FM120558,2012-03-21,8925,FONDO MUTUO ITAÚ GESTIONADO AGRESIVO,ITAU ADMINISTRADORA GENERAL DE FONDOS S.A.,No Vigente,,Fondo Mutuo,2013060052982,https://www.cmfchile.cl/documentos/rfm/rfm_2013060052982.pdf,2013-06-06,2026-08-20
FM120560,2012-03-21,8927,FONDO MUTUO ITAÚ GESTIONADO CONSERVADOR,ITAU ADMINISTRADORA GENERAL DE FONDOS S.A.,No Vigente,,Fondo Mutuo,2013060053025,https://www.cmfchile.cl/documentos/rfm/rfm_2013060053025.pdf,2013-06-06,2026-08-20
FM120559,2012-03-21,8926,FONDO MUTUO ITAÚ GESTIONADO MUY CONSERVADOR,ITAU ADMINISTRADORA GENERAL DE FONDOS S.A.,No Vigente,,Fondo Mutuo,2015090110481,https://www.cmfchile.cl/documentos/rfm/rfm_2015090110481.pdf,2015-09-09,2026-08-20
FM120561,2012-03-21,8928,FONDO MUTUO ITAU GESTIONADO MODERADO,ITAU ADMINISTRADORA GENERAL DE FONDOS S.A.,No Vigente,,Fondo Mutuo,2013060052969,https://www.cmfchile.cl/documentos/rfm/rfm_2013060052969.pdf,2013-06-06,2026-08-20
FM120556,2012-03-16,8923,FONDO MUTUO SANTANDER ACCIONES MID CAP CHILE,SANTANDER ASSET MANAGEMENT S.A. ADMINISTRADORA GENERAL DE FONDOS,No Vigente,,Fondo Mutuo,2012040057318,https://www.cmfchile.cl/documentos/rfm/rfm_2012040057318.pdf,2012-04-27,2026-08-20
FM120555,2012-03-16,8922,FONDO MUTUO BBVA GARANTIZADO SELECCION CONSUMO II,SCOTIA AZUL ASSET MANAGEMENT ADMINISTRADORA GENERAL DE FONDOS S.A.,No Vigente,,Fondo Mutuo,2014120141864,https://www.cmfchile.cl/documentos/rfm/rfm_2014120141864.pdf,2014-12-11,2026-08-20
FM120554,2012-03-15,8921,FONDO MUTUO BOOSTER BALANCED CHILE,BANCHILE ADMINISTRADORA GENERAL DE FONDOS S.A.,No Vigente,,Fondo Mutuo,2012030034596,https://www.cmfchile.cl/documentos/rfm/rfm_2012030034596.pdf,2012-03-15,2026-08-20
FM120553,2012-03-14,8920,FONDO MUTUO BOOSTER BRASIL 2014,BANCHILE ADMINISTRADORA GENERAL DE FONDOS S.A.,No Vigente,,Fondo Mutuo,2012030033877,https://www.cmfchile.cl/documentos/rfm/rfm_2012030033877.pdf,2012-03-14,2026-08-20
FM120552,2012-03-14,8919,FONDO MUTUO AHORRO ESTABLE III GARANTIZADO,BANCHILE ADMINISTRADORA GENERAL DE FONDOS S.A.,No Vigente,,Fondo Mutuo,2013030023677,https://www.cmfchile.cl/documentos/rfm/rfm_2013030023677.pdf,2013-03-18,2026-08-20
FM120551,2012-03-12,8918,FONDO MUTUO ZURICH DIVIDENDO LOCAL,ZURICH CHILE ASSET MANAGEMENT ADMINISTRADORA GENERAL DE FONDOS S.A.,Vigente,,Fondo Mutuo,2025020107089,https://www.cmfchile.cl/documentos/rfm/rfm_2025020107089.pdf,2025-02-07,2026-08-20
FM110543,2012-03-02,8907,FONDO MUTUO SCOTIA OPTIMO,SCOTIA  ADMINISTRADORA GENERAL DE FONDOS CHILE S.A.,No Vigente,,Fondo Mutuo,2016070090055,https://www.cmfchile.cl/documentos/rfm/rfm_2016070090055.pdf,2016-07-14,2026-08-20
FM120550,2012-02-24,8917,FONDO MUTUO LARRAINVIAL LATAM EX BRASIL,LARRAINVIAL ASSET MANAGEMENT ADMINISTRADORA GENERAL DE FONDOS S.A.,No Vigente,,Fondo Mutuo,2016020025405,https://www.cmfchile.cl/documentos/rfm/rfm_2016020025405.pdf,2016-02-26,2026-08-20
FM120548,2012-02-01,8915,FONDO MUTUO SURA SELECCION ACCIONES USA,ADMINISTRADORA GENERAL DE FONDOS SURA S.A.,Vigente,,Fondo Mutuo,2026010025512,https://www.cmfchile.cl/documentos/rfm/rfm_2026010025512.pdf,2026-01-12,2026-08-20
FM120549,2012-02-01,8916,FONDO MUTUO SURA SELECCION ACCIONES EMERGENTES,ADMINISTRADORA GENERAL DE FONDOS SURA S.A.,Vigente,,Fondo Mutuo,2026010023706,https://www.cmfchile.cl/documentos/rfm/rfm_2026010023706.pdf,2026-01-12,2026-08-20
FM120547,2012-01-10,8914,FONDO MUTUO BCI GARANTIZADO DEPOSITO 107,BCI ASSET MANAGEMENT ADMINISTRADORA  GENERAL DE FONDOS S.A.,No Vigente,,Fondo Mutuo,2013080079397,https://www.cmfchile.cl/documentos/rfm/rfm_2013080079397.pdf,2013-08-26,2026-08-20
FM110545,2011-12-21,8912,FONDO MUTUO SECURITY INDEX FUND S&P/CLX IPSA,ADMINISTRADORA GENERAL DE FONDOS  SECURITY S.A.,Vigente,,Fondo Mutuo,2025120896007,https://www.cmfchile.cl/documentos/rfm/rfm_2025120896007.pdf,2025-12-22,2026-08-20
FM110541,2011-12-16,8911,FONDO MUTUO SANTANDER PRIVATE BANKING EQUILIBRIO,SANTANDER ASSET MANAGEMENT S.A. ADMINISTRADORA GENERAL DE FONDOS,Vigente,,Fondo Mutuo,2025080570885,https://www.cmfchile.cl/documentos/rfm/rfm_2025080570885.pdf,2025-08-14,2026-08-20
FM110540,2011-12-16,8910,FONDO MUTUO SANTANDER PRIVATE BANKING PRUDENTE,SANTANDER ASSET MANAGEMENT S.A. ADMINISTRADORA GENERAL DE FONDOS,Vigente,,Fondo Mutuo,2025090600391,https://www.cmfchile.cl/documentos/rfm/rfm_2025090600391.pdf,2025-09-01,2026-08-20
FM110539,2011-12-16,8908,FONDO MUTUO SANTANDER PRIVATE BANKING AGRESIVO,SANTANDER ASSET MANAGEMENT S.A. ADMINISTRADORA GENERAL DE FONDOS,Vigente,,Fondo Mutuo,2025090600405,https://www.cmfchile.cl/documentos/rfm/rfm_2025090600405.pdf,2025-09-01,2026-08-20
FM110538,2011-12-16,8909,FONDO MUTUO BOOSTER CHILE,BANCHILE ADMINISTRADORA GENERAL DE FONDOS S.A.,No Vigente,,Fondo Mutuo,2012010000302,https://www.cmfchile.cl/documentos/rfm/rfm_2012010000302.pdf,2012-01-02,2026-08-20
FM110537,2011-12-06,8906,FONDO MUTUO SANTANDER DEUDA LATAM,SANTANDER ASSET MANAGEMENT S.A. ADMINISTRADORA GENERAL DE FONDOS,Vigente,,Fondo Mutuo,2025080585250,https://www.cmfchile.cl/documentos/rfm/rfm_2025080585250.pdf,2025-08-25,2026-08-20
FM110536,2011-12-05,8905,FONDO MUTUO AHORRO ESTABLE II GARANTIZADO,BANCHILE ADMINISTRADORA GENERAL DE FONDOS S.A.,No Vigente,,Fondo Mutuo,2011120173115,https://www.cmfchile.cl/documentos/rfm/rfm_2011120173115.pdf,2011-12-05,2026-08-20
FM110533,2011-11-10,8902,FONDO MUTUO BICE RENTA CORTO PLAZO,BICE INVERSIONES ADMINISTRADORA GENERAL DE FONDOS S.A.,Vigente,,Fondo Mutuo,2025080540003,https://www.cmfchile.cl/documentos/rfm/rfm_2025080540003.pdf,2025-08-04,2026-08-20
FM110532,2011-11-10,8892,FONDO MUTUO BBVA MONETARIO IX,SCOTIA AZUL ASSET MANAGEMENT ADMINISTRADORA GENERAL DE FONDOS S.A.,No Vigente,,Fondo Mutuo,2011120184338,https://www.cmfchile.cl/documentos/rfm/rfm_2011120184338.pdf,2011-12-30,2026-08-20
FM110534,2011-11-08,8903,FONDO MUTUO CELFIN SMALL & MID CAP CHILE,BTG PACTUAL CHILE S.A. ADMINISTRADORA GENERAL DE FONDOS,No Vigente,,Fondo Mutuo,2011110161628,https://www.cmfchile.cl/documentos/rfm/rfm_2011110161628.pdf,2011-11-08,2026-08-20
FM110535,2011-11-08,8904,FONDO MUTUO DEUDA LOCAL,ADMINISTRADORA GENERAL DE FONDOS  SECURITY S.A.,No Vigente,,Fondo Mutuo,2015030027762,https://www.cmfchile.cl/documentos/rfm/rfm_2015030027762.pdf,2015-03-06,2026-08-20
FM110531,2011-10-04,8901,FONDO MUTUO SECURITY FIXED RATE DEBT,ADMINISTRADORA GENERAL DE FONDOS  SECURITY S.A.,No Vigente,,Fondo Mutuo,2012020018910,https://www.cmfchile.cl/documentos/rfm/rfm_2012020018910.pdf,2011-12-15,2026-08-20
FM110530,2011-09-26,8900,FONDO MUTUO SANTANDER D,SANTANDER ASSET MANAGEMENT S.A. ADMINISTRADORA GENERAL DE FONDOS,No Vigente,,Fondo Mutuo,2025060443080,https://www.cmfchile.cl/documentos/rfm/rfm_2025060443080.pdf,2025-06-27,2026-08-20
FM110529,2011-09-23,8899,FONDO MUTUO BBVA MONETARIO X,SCOTIA AZUL ASSET MANAGEMENT ADMINISTRADORA GENERAL DE FONDOS S.A.,No Vigente,,Fondo Mutuo,2011120175973,https://www.cmfchile.cl/documentos/rfm/rfm_2011120175973.pdf,2011-12-12,2026-08-20
FM110528,2011-09-22,8898,FONDO MUTUO BTG PACTUAL CHILE ACCIÓN,BTG PACTUAL CHILE S.A. ADMINISTRADORA GENERAL DE FONDOS,Vigente,,Fondo Mutuo,2026020131379,https://www.cmfchile.cl/documentos/rfm/rfm_2026020131379.pdf,2026-02-24,2026-08-20
FM110527,2011-09-20,8897,FONDO MUTUO BTG PACTUAL RENTA LOCAL,BTG PACTUAL CHILE S.A. ADMINISTRADORA GENERAL DE FONDOS,Vigente,,Fondo Mutuo,2026070442209,https://www.cmfchile.cl/documentos/rfm/rfm_2026070442209.pdf,2026-07-06,2026-08-20
FM110526,2011-09-03,8896,FONDO MUTUO SANTANDER MATRIOSKA,SANTANDER ASSET MANAGEMENT S.A. ADMINISTRADORA GENERAL DE FONDOS,No Vigente,,Fondo Mutuo,2011090129718,https://www.cmfchile.cl/documentos/rfm/rfm_2011090129718.pdf,2011-09-03,2026-08-20
FM110525,2011-08-31,8895,FONDO MUTUO GLOBAL TREND COMMODITIES,BANCHILE ADMINISTRADORA GENERAL DE FONDOS S.A.,No Vigente,,Fondo Mutuo,2012020025441,https://www.cmfchile.cl/documentos/rfm/rfm_2012020025441.pdf,2012-02-22,2026-08-20
FM110499,2011-08-25,8848,FONDO MUTUO CORP NUEVO MUNDO,CORPBANCA  ADMINISTRADORA GENERAL DE FONDOS S.A.,No Vigente,,Fondo Mutuo,2011080126019,https://www.cmfchile.cl/documentos/rfm/rfm_2011080126019.pdf,2011-08-25,2026-08-20
FM110495,2011-08-25,8119,FONDO MUTUO ITAU MAS FUTURO,ITAU ADMINISTRADORA GENERAL DE FONDOS S.A.,No Vigente,,Fondo Mutuo,2018020025083,https://www.cmfchile.cl/documentos/rfm/rfm_2018020025083.pdf,2018-02-08,2026-08-20
FM110496,2011-08-25,8269,FONDO MUTUO ITAU EUROPA,ITAU ADMINISTRADORA GENERAL DE FONDOS S.A.,No Vigente,,Fondo Mutuo,2018040073748,https://www.cmfchile.cl/documentos/rfm/rfm_2018040073748.pdf,2018-04-23,2026-08-20
FM110497,2011-08-25,8389,FONDO MUTUO CORP INVESTMENT D,CORPBANCA  ADMINISTRADORA GENERAL DE FONDOS S.A.,No Vigente,,Fondo Mutuo,2013080075779,https://www.cmfchile.cl/documentos/rfm/rfm_2013080075779.pdf,2013-08-13,2026-08-20
FM110498,2011-08-25,8597,FONDO MUTUO CORP INVESTMENT C,CORPBANCA  ADMINISTRADORA GENERAL DE FONDOS S.A.,No Vigente,,Fondo Mutuo,2013080075776,https://www.cmfchile.cl/documentos/rfm/rfm_2013080075776.pdf,2013-08-13,2026-08-20
FM110494,2011-08-25,8648,FONDO MUTUO ITAU OPORTUNIDAD DOLAR,ITAU ADMINISTRADORA GENERAL DE FONDOS S.A.,No Vigente,,Fondo Mutuo,2018040060482,https://www.cmfchile.cl/documentos/rfm/rfm_2018040060482.pdf,2018-04-04,2026-08-20
FM110500,2011-08-25,8592,FONDO MUTUO CORP CAPITAL ALTO CRECIMIENTO,CORPBANCA  ADMINISTRADORA GENERAL DE FONDOS S.A.,No Vigente,,Fondo Mutuo,2013080075478,https://www.cmfchile.cl/documentos/rfm/rfm_2013080075478.pdf,2013-08-12,2026-08-20
FM110492,2011-08-25,8587,FONDO MUTUO ITAU ACCIONES CHILENAS,ITAU ADMINISTRADORA GENERAL DE FONDOS S.A.,No Vigente,,Fondo Mutuo,2018040079187,https://www.cmfchile.cl/documentos/rfm/rfm_2018040079187.pdf,2018-04-28,2026-08-20
FM110501,2011-08-25,8162,FONDO MUTUO ITAU ACCIONES EMERGENTES,ITAU ADMINISTRADORA GENERAL DE FONDOS S.A.,No Vigente,,Fondo Mutuo,2018040073669,https://www.cmfchile.cl/documentos/rfm/rfm_2018040073669.pdf,2018-04-23,2026-08-20
FM110502,2011-08-25,8156,FONDO MUTUO ITAU OPORTUNIDAD,ITAU ADMINISTRADORA GENERAL DE FONDOS S.A.,No Vigente,,Fondo Mutuo,2018030055594,https://www.cmfchile.cl/documentos/rfm/rfm_2018030055594.pdf,2018-03-28,2026-08-20
FM110503,2011-08-25,8285,FONDO MUTUO ITAU DEUDA CORTO PLAZO,ITAU ADMINISTRADORA GENERAL DE FONDOS S.A.,No Vigente,,Fondo Mutuo,2018030055605,https://www.cmfchile.cl/documentos/rfm/rfm_2018030055605.pdf,2018-03-28,2026-08-20
FM110493,2011-08-25,8602,FONDO MUTUO CORP CAPITAL MODERADO,CORPBANCA  ADMINISTRADORA GENERAL DE FONDOS S.A.,No Vigente,,Fondo Mutuo,2013080075794,https://www.cmfchile.cl/documentos/rfm/rfm_2013080075794.pdf,2013-08-13,2026-08-20
FM110488,2011-08-25,8133,FONDO MUTUO ITAU ACCIONES LATINOAMERICA,ITAU ADMINISTRADORA GENERAL DE FONDOS S.A.,No Vigente,,Fondo Mutuo,2018080148908,https://www.cmfchile.cl/documentos/rfm/rfm_2018080148908.pdf,2018-08-29,2026-08-20
FM110491,2011-08-25,8233,FONDO MUTUO ITAU USA,ITAU ADMINISTRADORA GENERAL DE FONDOS S.A.,No Vigente,,Fondo Mutuo,2018040073691,https://www.cmfchile.cl/documentos/rfm/rfm_2018040073691.pdf,2018-04-23,2026-08-20
FM110490,2011-08-25,8856,FONDO MUTUO CORP CUSTODIA,CORPBANCA  ADMINISTRADORA GENERAL DE FONDOS S.A.,No Vigente,,Fondo Mutuo,2012060078232,https://www.cmfchile.cl/documentos/rfm/rfm_2012060078232.pdf,2012-06-13,2026-08-20
FM110489,2011-08-25,8591,FONDO MUTUO CORP CAPITAL BALANCEADO,CORPBANCA  ADMINISTRADORA GENERAL DE FONDOS S.A.,No Vigente,,Fondo Mutuo,2013080075786,https://www.cmfchile.cl/documentos/rfm/rfm_2013080075786.pdf,2013-08-13,2026-08-20
FM110505,2011-08-25,8123,FONDO MUTUO CORP AHORRO  INTERNACIONAL,CORPBANCA  ADMINISTRADORA GENERAL DE FONDOS S.A.,No Vigente,,Fondo Mutuo,2013100094143,https://www.cmfchile.cl/documentos/rfm/rfm_2013100094143.pdf,2013-10-07,2026-08-20
FM110487,2011-08-25,8794,FONDO MUTUO CORP EMEA,CORPBANCA  ADMINISTRADORA GENERAL DE FONDOS S.A.,No Vigente,Liquidado,Fondo Mutuo,2015030027057,https://www.cmfchile.cl/documentos/rfm/rfm_2015030027057.pdf,2015-03-05,2026-08-20
FM110486,2011-08-25,8589,FONDO MUTUO ITAU SELECTO GLOBAL,ITAU ADMINISTRADORA GENERAL DE FONDOS S.A.,No Vigente,,Fondo Mutuo,2018040073740,https://www.cmfchile.cl/documentos/rfm/rfm_2018040073740.pdf,2018-04-23,2026-08-20
FM110485,2011-08-25,8286,FONDO MUTUO ITAU MAS VALOR,ITAU ADMINISTRADORA GENERAL DE FONDOS S.A.,No Vigente,,Fondo Mutuo,2018030055619,https://www.cmfchile.cl/documentos/rfm/rfm_2018030055619.pdf,2018-03-28,2026-08-20
FM110484,2011-08-25,8092,FONDO MUTUO ITAU PERFORMANCE,ITAU ADMINISTRADORA GENERAL DE FONDOS S.A.,Vigente,,Fondo Mutuo,2025120866890,https://www.cmfchile.cl/documentos/rfm/rfm_2025120866890.pdf,2025-12-11,2026-08-20
FM110483,2011-08-25,8768,FONDO MUTUO CORP ASIA PACIFICO,CORPBANCA  ADMINISTRADORA GENERAL DE FONDOS S.A.,No Vigente,,Fondo Mutuo,2011120183891,https://www.cmfchile.cl/documentos/rfm/rfm_2011120183891.pdf,2011-12-29,2026-08-20
FM110482,2011-08-25,8030,FONDO MUTUO ITAU SELECCION NACIONAL,ITAU ADMINISTRADORA GENERAL DE FONDOS S.A.,No Vigente,,Fondo Mutuo,2018040079189,https://www.cmfchile.cl/documentos/rfm/rfm_2018040079189.pdf,2018-04-28,2026-08-20
FM110504,2011-08-25,8590,FONDO MUTUO ITAU MAS INGRESO,ITAU ADMINISTRADORA GENERAL DE FONDOS S.A.,No Vigente,,Fondo Mutuo,2018040073751,https://www.cmfchile.cl/documentos/rfm/rfm_2018040073751.pdf,2018-04-23,2026-08-20
FM110508,2011-08-25,8841,FONDO MUTUO CORP DEUDA CORPORATIVA,CORPBANCA  ADMINISTRADORA GENERAL DE FONDOS S.A.,No Vigente,,Fondo Mutuo,2011080126037,https://www.cmfchile.cl/documentos/rfm/rfm_2011080126037.pdf,2011-08-25,2026-08-20
FM110506,2011-08-25,8163,FONDO MUTUO CORP COMMODITIES,CORPBANCA  ADMINISTRADORA GENERAL DE FONDOS S.A.,No Vigente,,Fondo Mutuo,2013080077928,https://www.cmfchile.cl/documentos/rfm/rfm_2013080077928.pdf,2013-08-21,2026-08-20
FM110509,2011-08-25,8849,FONDO MUTUO CORP PROYECCION,CORPBANCA  ADMINISTRADORA GENERAL DE FONDOS S.A.,No Vigente,,Fondo Mutuo,2011080126039,https://www.cmfchile.cl/documentos/rfm/rfm_2011080126039.pdf,2011-08-25,2026-08-20
FM110510,2011-08-25,8620,FONDO MUTUO ITAU DEUDA NOMINAL,ITAU ADMINISTRADORA GENERAL DE FONDOS S.A.,Vigente,,Fondo Mutuo,2025100707524,https://www.cmfchile.cl/documentos/rfm/rfm_2025100707524.pdf,2025-10-14,2026-08-20
FM110507,2011-08-25,8390,FONDO MUTUO CORP INVESTMENT A,CORPBANCA  ADMINISTRADORA GENERAL DE FONDOS S.A.,No Vigente,,Fondo Mutuo,2013080075471,https://www.cmfchile.cl/documentos/rfm/rfm_2013080075471.pdf,2013-08-12,2026-08-20
FM110466,2011-08-23,8435,FONDO MUTUO SECURITY RETORNO ESTRATEGICO,ADMINISTRADORA GENERAL DE FONDOS  SECURITY S.A.,Vigente,,Fondo Mutuo,2025100750735,https://www.cmfchile.cl/documentos/rfm/rfm_2025100750735.pdf,2025-10-28,2026-08-20
FM110477,2011-08-23,8814,FONDO MUTUO SECURITY INDEX FUND CHILE MID & SMALL CAP,ADMINISTRADORA GENERAL DE FONDOS  SECURITY S.A.,No Vigente,,Fondo Mutuo,2015030027793,https://www.cmfchile.cl/documentos/rfm/rfm_2015030027793.pdf,2015-03-06,2026-08-20
FM110458,2011-08-23,8048,FONDO MUTUO SECURITY CHECK,ADMINISTRADORA GENERAL DE FONDOS  SECURITY S.A.,No Vigente,,Fondo Mutuo,2020030051249,https://www.cmfchile.cl/documentos/rfm/rfm_2020030051249.pdf,2020-03-11,2026-08-20
FM110459,2011-08-23,8055,FONDO MUTUO SECURITY FIRST,ADMINISTRADORA GENERAL DE FONDOS  SECURITY S.A.,Vigente,,Fondo Mutuo,2025110811518,https://www.cmfchile.cl/documentos/rfm/rfm_2025110811518.pdf,2025-11-18,2026-08-20
FM110460,2011-08-23,8069,FONDO MUTUO SECURITY ACCIONES,ADMINISTRADORA GENERAL DE FONDOS  SECURITY S.A.,No Vigente,,Fondo Mutuo,2011120183841,https://www.cmfchile.cl/documentos/rfm/rfm_2011120183841.pdf,2011-12-29,2026-08-20
FM110461,2011-08-23,8360,FONDO MUTUO SECURITY U.S.A.,ADMINISTRADORA GENERAL DE FONDOS  SECURITY S.A.,No Vigente,,Fondo Mutuo,2013040036893,https://www.cmfchile.cl/documentos/rfm/rfm_2013040036893.pdf,2013-04-22,2026-08-20
FM110462,2011-08-23,8118,FONDO MUTUO SECURITY GOLD,ADMINISTRADORA GENERAL DE FONDOS  SECURITY S.A.,Vigente,,Fondo Mutuo,2025110811547,https://www.cmfchile.cl/documentos/rfm/rfm_2025110811547.pdf,2025-11-18,2026-08-20
FM110463,2011-08-23,8324,FONDO MUTUO SECURITY DOLAR BOND,ADMINISTRADORA GENERAL DE FONDOS  SECURITY S.A.,No Vigente,,Fondo Mutuo,2012060087514,https://www.cmfchile.cl/documentos/rfm/rfm_2012060087514.pdf,2012-06-28,2026-08-20
FM110464,2011-08-23,8253,FONDO MUTUO SECURITY PLUS,ADMINISTRADORA GENERAL DE FONDOS  SECURITY S.A.,Vigente,,Fondo Mutuo,2023040182382,https://www.cmfchile.cl/documentos/rfm/rfm_2023040182382.pdf,2023-04-27,2026-08-20
FM110465,2011-08-23,8306,FONDO MUTUO SECURITY CONSERVADOR ESTRATÉGICO,ADMINISTRADORA GENERAL DE FONDOS  SECURITY S.A.,Vigente,,Fondo Mutuo,2025100749798,https://www.cmfchile.cl/documentos/rfm/rfm_2025100749798.pdf,2025-10-28,2026-08-20
FM110468,2011-08-23,8323,FONDO MUTUO SECURITY EMERGING MARKET,ADMINISTRADORA GENERAL DE FONDOS  SECURITY S.A.,Vigente,,Fondo Mutuo,2025120895657,https://www.cmfchile.cl/documentos/rfm/rfm_2025120895657.pdf,2025-12-22,2026-08-20
FM110467,2011-08-23,8336,FONDO MUTUO SECURITY BALANCEADO ESTRATÉGICO,ADMINISTRADORA GENERAL DE FONDOS  SECURITY S.A.,Vigente,,Fondo Mutuo,2025100749850,https://www.cmfchile.cl/documentos/rfm/rfm_2025100749850.pdf,2025-10-28,2026-08-20
FM110469,2011-08-23,8384,FONDO MUTUO SECURITY DOLAR MONEY MARKET,ADMINISTRADORA GENERAL DE FONDOS  SECURITY S.A.,Vigente,,Fondo Mutuo,2026040235336,https://www.cmfchile.cl/documentos/rfm/rfm_2026040235336.pdf,2026-04-06,2026-08-20
FM110476,2011-08-23,8806,FONDO MUTUO SECURITY CORPORATIVO,ADMINISTRADORA GENERAL DE FONDOS  SECURITY S.A.,Vigente,,Fondo Mutuo,2025110811487,https://www.cmfchile.cl/documentos/rfm/rfm_2025110811487.pdf,2025-11-18,2026-08-20
FM110470,2011-08-23,8461,FONDO MUTUO SECURITY ENERGY  FUND,ADMINISTRADORA GENERAL DE FONDOS  SECURITY S.A.,No Vigente,,Fondo Mutuo,2012060081722,https://www.cmfchile.cl/documentos/rfm/rfm_2012060081722.pdf,2012-06-20,2026-08-20
FM110471,2011-08-23,8492,FONDO MUTUO SECURITY CRECIMIENTO ESTRATEGICO,ADMINISTRADORA GENERAL DE FONDOS  SECURITY S.A.,No Vigente,,Fondo Mutuo,2021060257910,https://www.cmfchile.cl/documentos/rfm/rfm_2021060257910.pdf,2021-06-29,2026-08-20
FM110472,2011-08-23,8523,FONDO MUTUO SECURITY 9,ADMINISTRADORA GENERAL DE FONDOS  SECURITY S.A.,No Vigente,,Fondo Mutuo,2011120183957,https://www.cmfchile.cl/documentos/rfm/rfm_2011120183957.pdf,2011-12-29,2026-08-20
FM110473,2011-08-23,8524,FONDO MUTUO SECURITY  LATINOAMERICANO,ADMINISTRADORA GENERAL DE FONDOS  SECURITY S.A.,No Vigente,,Fondo Mutuo,2012060081701,https://www.cmfchile.cl/documentos/rfm/rfm_2012060081701.pdf,2012-06-20,2026-08-20
FM110474,2011-08-23,8661,FONDO MUTUO SECURITY FIXED INCOME BRL,ADMINISTRADORA GENERAL DE FONDOS  SECURITY S.A.,No Vigente,,Fondo Mutuo,2015030027810,https://www.cmfchile.cl/documentos/rfm/rfm_2015030027810.pdf,2015-03-06,2026-08-20
FM110479,2011-08-23,8795,FONDO MUTUO SECURITY LATAM,ADMINISTRADORA GENERAL DE FONDOS  SECURITY S.A.,Vigente,,Fondo Mutuo,2025120896272,https://www.cmfchile.cl/documentos/rfm/rfm_2025120896272.pdf,2025-12-22,2026-08-20
FM110478,2011-08-23,8820,FONDO MUTUO SECURITY ASIA EMERGENTE,ADMINISTRADORA GENERAL DE FONDOS  SECURITY S.A.,Vigente,,Fondo Mutuo,2025120895615,https://www.cmfchile.cl/documentos/rfm/rfm_2025120895615.pdf,2025-12-22,2026-08-20
FM110545,2011-08-23,8756,FONDO MUTUO SECURITY CHILE LONG-SHORT,ADMINISTRADORA GENERAL DE FONDOS  SECURITY S.A.,No Vigente,,Fondo Mutuo,2011120180016,https://www.cmfchile.cl/documentos/rfm/rfm_2011120180016.pdf,2011-12-21,2026-08-20
FM110480,2011-08-23,8881,FONDO MUTUO SECURITY MID TERM,ADMINISTRADORA GENERAL DE FONDOS  SECURITY S.A.,Vigente,,Fondo Mutuo,2025110811640,https://www.cmfchile.cl/documentos/rfm/rfm_2025110811640.pdf,2025-11-18,2026-08-20
FM110481,2011-08-23,8823,FONDO MUTUO SECURITY LOCAL EMERGING DEBT,ADMINISTRADORA GENERAL DE FONDOS  SECURITY S.A.,No Vigente,,Fondo Mutuo,2020020038530,https://www.cmfchile.cl/documentos/rfm/rfm_2020020038530.pdf,2020-02-20,2026-08-20
FM110431,2011-08-16,8730,FONDO MUTUO BCI EFICIENTE,BCI ASSET MANAGEMENT ADMINISTRADORA  GENERAL DE FONDOS S.A.,No Vigente,,Fondo Mutuo,2021110478732,https://www.cmfchile.cl/documentos/rfm/rfm_2021110478732.pdf,2021-11-30,2026-08-20
FM110448,2011-08-16,8770,FONDO MUTUO BCI LONG/SHORT ASIA GARANTIZADO,BCI ASSET MANAGEMENT ADMINISTRADORA  GENERAL DE FONDOS S.A.,No Vigente,,Fondo Mutuo,2013020015040,https://www.cmfchile.cl/documentos/rfm/rfm_2013020015040.pdf,2013-02-18,2026-08-20
FM110447,2011-08-16,8888,FONDO MUTUO BCI IPSA GARANTIZADO,BCI ASSET MANAGEMENT ADMINISTRADORA  GENERAL DE FONDOS S.A.,No Vigente,,Fondo Mutuo,2011080120378,https://www.cmfchile.cl/documentos/rfm/rfm_2011080120378.pdf,2011-08-16,2026-08-20
FM110446,2011-08-16,8108,FONDO MUTUO BCI ESTRATEGIA UF HASTA 5 AÑOS,BCI ASSET MANAGEMENT ADMINISTRADORA  GENERAL DE FONDOS S.A.,Vigente,,Fondo Mutuo,2022120474102,https://www.cmfchile.cl/documentos/rfm/rfm_2022120474102.pdf,2022-12-14,2026-08-20
FM110445,2011-08-16,8460,FONDO MUTUO BCI ESTRATEGIA UF > 5 AÑOS,BCI ASSET MANAGEMENT ADMINISTRADORA  GENERAL DE FONDOS S.A.,Vigente,,Fondo Mutuo,2022120474106,https://www.cmfchile.cl/documentos/rfm/rfm_2022120474106.pdf,2022-12-14,2026-08-20
FM110444,2011-08-16,8710,FONDO MUTUO BCI GLOBAL TITAN,BCI ASSET MANAGEMENT ADMINISTRADORA  GENERAL DE FONDOS S.A.,Vigente,,Fondo Mutuo,2015070091249,https://www.cmfchile.cl/documentos/rfm/rfm_2015070091249.pdf,2015-07-30,2026-08-20
FM110443,2011-08-16,8640,FONDO MUTUO BCI CARTERA DINAMICA ACTIVA,BCI ASSET MANAGEMENT ADMINISTRADORA  GENERAL DE FONDOS S.A.,Vigente,,Fondo Mutuo,2021010018066,https://www.cmfchile.cl/documentos/rfm/rfm_2021010018066.pdf,2021-01-18,2026-08-20
FM110427,2011-08-16,8174,FONDO MUTUO BCI ESTRATEGIA PESOS MAYOR A 1 AÑO,BCI ASSET MANAGEMENT ADMINISTRADORA  GENERAL DE FONDOS S.A.,Vigente,,Fondo Mutuo,2022120474235,https://www.cmfchile.cl/documentos/rfm/rfm_2022120474235.pdf,2022-12-14,2026-08-20
FM110450,2011-08-16,8731,FONDO MUTUO BCI CARTERA CORTO PLAZO,BCI ASSET MANAGEMENT ADMINISTRADORA  GENERAL DE FONDOS S.A.,Vigente,,Fondo Mutuo,2025100705316,https://www.cmfchile.cl/documentos/rfm/rfm_2025100705316.pdf,2025-10-13,2026-08-20
FM110426,2011-08-16,8037,FONDO MUTUO BCI DEPOSITO EFECTIVO,BCI ASSET MANAGEMENT ADMINISTRADORA  GENERAL DE FONDOS S.A.,Vigente,,Fondo Mutuo,2026070432371,https://www.cmfchile.cl/documentos/rfm/rfm_2026070432371.pdf,2026-07-01,2026-08-20
FM110429,2011-08-16,8702,FONDO MUTUO BCI DIVISA,BCI ASSET MANAGEMENT ADMINISTRADORA  GENERAL DE FONDOS S.A.,No Vigente,,Fondo Mutuo,2017050083520,https://www.cmfchile.cl/documentos/rfm/rfm_2017050083520.pdf,2017-05-08,2026-08-20
FM110430,2011-08-16,8257,FONDO MUTUO BCI DOLAR CASH,BCI ASSET MANAGEMENT ADMINISTRADORA  GENERAL DE FONDOS S.A.,Vigente,,Fondo Mutuo,2024050258269,https://www.cmfchile.cl/documentos/rfm/rfm_2024050258269.pdf,2026-08-17,2026-08-20
FM110432,2011-08-16,8625,FONDO MUTUO BCI EMERGENTE GLOBAL,BCI ASSET MANAGEMENT ADMINISTRADORA  GENERAL DE FONDOS S.A.,Vigente,,Fondo Mutuo,2015070091332,https://www.cmfchile.cl/documentos/rfm/rfm_2015070091332.pdf,2015-07-30,2026-08-20
FM110433,2011-08-16,8703,FONDO MUTUO BCI ENERGÍA Y RECURSOS NATURALES,BCI ASSET MANAGEMENT ADMINISTRADORA  GENERAL DE FONDOS S.A.,No Vigente,,Fondo Mutuo,2012110150799,https://www.cmfchile.cl/documentos/rfm/rfm_2012110150799.pdf,2012-11-23,2026-08-20
FM110434,2011-08-16,8712,FONDO MUTUO BCI ESTADOS UNIDOS,BCI ASSET MANAGEMENT ADMINISTRADORA  GENERAL DE FONDOS S.A.,Vigente,,Fondo Mutuo,2026060380680,https://www.cmfchile.cl/documentos/rfm/rfm_2026060380680.pdf,2026-06-08,2026-08-20
FM110435,2011-08-16,8724,FONDO MUTUO BCI ESTRATEGIA L/S GARANTIZADO,BCI ASSET MANAGEMENT ADMINISTRADORA  GENERAL DE FONDOS S.A.,No Vigente,,Fondo Mutuo,2011120184516,https://www.cmfchile.cl/documentos/rfm/rfm_2011120184516.pdf,2011-12-30,2026-08-20
FM110436,2011-08-16,8513,FONDO MUTUO BCI EUROPA,BCI ASSET MANAGEMENT ADMINISTRADORA  GENERAL DE FONDOS S.A.,Vigente,,Fondo Mutuo,2015070091157,https://www.cmfchile.cl/documentos/rfm/rfm_2015070091157.pdf,2015-07-30,2026-08-20
FM110437,2011-08-16,8608,FONDO MUTUO BCI EXPRESS,BCI ASSET MANAGEMENT ADMINISTRADORA  GENERAL DE FONDOS S.A.,No Vigente,,Fondo Mutuo,2019080142844,https://www.cmfchile.cl/documentos/rfm/rfm_2019080142844.pdf,2019-08-09,2026-08-20
FM110438,2011-08-16,8588,FONDO MUTUO BCI FRONTERA,BCI ASSET MANAGEMENT ADMINISTRADORA  GENERAL DE FONDOS S.A.,No Vigente,,Fondo Mutuo,2015070091154,https://www.cmfchile.cl/documentos/rfm/rfm_2015070091154.pdf,2015-07-30,2026-08-20
FM110439,2011-08-16,8642,FONDO MUTUO BCI GARANTIZADO AMAZONA,BCI ASSET MANAGEMENT ADMINISTRADORA  GENERAL DE FONDOS S.A.,No Vigente,,Fondo Mutuo,2011080120362,https://www.cmfchile.cl/documentos/rfm/rfm_2011080120362.pdf,2011-08-16,2026-08-20
FM110440,2011-08-16,8887,FONDO MUTUO BCI GARANTIZADO DEPOSITO 108,BCI ASSET MANAGEMENT ADMINISTRADORA  GENERAL DE FONDOS S.A.,No Vigente,,Fondo Mutuo,2013030021501,https://www.cmfchile.cl/documentos/rfm/rfm_2013030021501.pdf,2013-03-08,2026-08-20
FM110441,2011-08-16,8638,FONDO MUTUO BCI CARTERA DINÁMICA CONSERVADORA,BCI ASSET MANAGEMENT ADMINISTRADORA  GENERAL DE FONDOS S.A.,Vigente,,Fondo Mutuo,2021010018058,https://www.cmfchile.cl/documentos/rfm/rfm_2021010018058.pdf,2021-01-18,2026-08-20
FM110442,2011-08-16,8639,FONDO MUTUO BCI CARTERA DINÁMICA BALANCEADA,BCI ASSET MANAGEMENT ADMINISTRADORA  GENERAL DE FONDOS S.A.,Vigente,,Fondo Mutuo,2021010018140,https://www.cmfchile.cl/documentos/rfm/rfm_2021010018140.pdf,2021-01-18,2026-08-20
FM110428,2011-08-16,8328,FONDO MUTUO BCI DEUDA EMERGENTE,BCI ASSET MANAGEMENT ADMINISTRADORA  GENERAL DE FONDOS S.A.,No Vigente,,Fondo Mutuo,2012110151771,https://www.cmfchile.cl/documentos/rfm/rfm_2012110151771.pdf,2012-11-26,2026-08-20
FM110449,2011-08-16,8709,FONDO MUTUO BCI LONG/SHORT COMMODITIES,BCI ASSET MANAGEMENT ADMINISTRADORA  GENERAL DE FONDOS S.A.,No Vigente,,Fondo Mutuo,2011120184560,https://www.cmfchile.cl/documentos/rfm/rfm_2011120184560.pdf,2011-12-30,2026-08-20
FM110425,2011-08-16,8256,FONDO MUTUO BCI DEPOSITO DOLAR,BCI ASSET MANAGEMENT ADMINISTRADORA  GENERAL DE FONDOS S.A.,No Vigente,,Fondo Mutuo,2012110151777,https://www.cmfchile.cl/documentos/rfm/rfm_2012110151777.pdf,2012-11-26,2026-08-20
FM110451,2011-08-16,8036,FONDO MUTUO BCI RENDIMIENTO,BCI ASSET MANAGEMENT ADMINISTRADORA  GENERAL DE FONDOS S.A.,Vigente,,Fondo Mutuo,2015070091129,https://www.cmfchile.cl/documentos/rfm/rfm_2015070091129.pdf,2015-07-30,2026-08-20
FM110421,2011-08-16,8107,FONDO MUTUO BCI COMPETITIVO,BCI ASSET MANAGEMENT ADMINISTRADORA  GENERAL DE FONDOS S.A.,Vigente,,Fondo Mutuo,2024100552365,https://www.cmfchile.cl/documentos/rfm/rfm_2024100552365.pdf,2024-10-24,2026-08-20
FM110424,2011-08-16,8064,FONDO MUTUO BCI  ESTRATEGIA UF HASTA 3 AÑOS,BCI ASSET MANAGEMENT ADMINISTRADORA  GENERAL DE FONDOS S.A.,Vigente,,Fondo Mutuo,2022120474286,https://www.cmfchile.cl/documentos/rfm/rfm_2022120474286.pdf,2022-12-14,2026-08-20
FM110415,2011-08-16,8813,FONDO MUTUO BCI GESTIÓN FLEXIBLE,BCI ASSET MANAGEMENT ADMINISTRADORA  GENERAL DE FONDOS S.A.,No Vigente,,Fondo Mutuo,2015070091163,https://www.cmfchile.cl/documentos/rfm/rfm_2015070091163.pdf,2015-07-30,2026-08-20
FM110416,2011-08-16,8176,FONDO MUTUO BCI ACCIONES PRESENCIA BURSATIL,BCI ASSET MANAGEMENT ADMINISTRADORA  GENERAL DE FONDOS S.A.,No Vigente,,Fondo Mutuo,2017010002161,https://www.cmfchile.cl/documentos/rfm/rfm_2017010002161.pdf,2017-01-05,2026-08-20
FM110417,2011-08-16,8434,FONDO MUTUO BCI AMERICA LATINA,BCI ASSET MANAGEMENT ADMINISTRADORA  GENERAL DE FONDOS S.A.,Vigente,,Fondo Mutuo,2025050364443,https://www.cmfchile.cl/documentos/rfm/rfm_2025050364443.pdf,2025-05-22,2026-08-20
FM110452,2011-08-16,8766,FONDO MUTUO BCI ESTRATEGIA PESOS LARGO PLAZO,BCI ASSET MANAGEMENT ADMINISTRADORA  GENERAL DE FONDOS S.A.,No Vigente,,Fondo Mutuo,2019070119570,https://www.cmfchile.cl/documentos/rfm/rfm_2019070119570.pdf,2019-07-11,2026-08-20
FM110419,2011-08-16,8763,FONDO MUTUO BCI BRASIL,BCI ASSET MANAGEMENT ADMINISTRADORA  GENERAL DE FONDOS S.A.,No Vigente,,Fondo Mutuo,2015070091159,https://www.cmfchile.cl/documentos/rfm/rfm_2015070091159.pdf,2015-07-30,2026-08-20
FM110420,2011-08-16,8777,FONDO MUTUO BCI CHINDIA,BCI ASSET MANAGEMENT ADMINISTRADORA  GENERAL DE FONDOS S.A.,No Vigente,,Fondo Mutuo,2015070091329,https://www.cmfchile.cl/documentos/rfm/rfm_2015070091329.pdf,2015-07-30,2026-08-20
FM110418,2011-08-16,8514,FONDO MUTUO BCI ASIA,BCI ASSET MANAGEMENT ADMINISTRADORA  GENERAL DE FONDOS S.A.,Vigente,,Fondo Mutuo,2021020064717,https://www.cmfchile.cl/documentos/rfm/rfm_2021020064717.pdf,2021-02-19,2026-08-20
FM110422,2011-08-16,8045,FONDO MUTUO BCI CONVENIENCIA,BCI ASSET MANAGEMENT ADMINISTRADORA  GENERAL DE FONDOS S.A.,No Vigente,,Fondo Mutuo,2016070092690,https://www.cmfchile.cl/documentos/rfm/rfm_2016070092690.pdf,2016-07-20,2026-08-20
FM110423,2011-08-16,8327,FONDO MUTUO BCI ESTRATEGIA PESOS HASTA 1 AÑO,BCI ASSET MANAGEMENT ADMINISTRADORA  GENERAL DE FONDOS S.A.,Vigente,,Fondo Mutuo,2023060242278,https://www.cmfchile.cl/documentos/rfm/rfm_2023060242278.pdf,2023-06-06,2026-08-20
FM110457,2011-08-16,8515,FONDO MUTUO BCI USA,BCI ASSET MANAGEMENT ADMINISTRADORA  GENERAL DE FONDOS S.A.,Vigente,,Fondo Mutuo,2022050202333,https://www.cmfchile.cl/documentos/rfm/rfm_2022050202333.pdf,2022-05-24,2026-08-20
FM110456,2011-08-16,8787,FONDO MUTUO BCI TOP PICKS,BCI ASSET MANAGEMENT ADMINISTRADORA  GENERAL DE FONDOS S.A.,Vigente,,Fondo Mutuo,2025040285369,https://www.cmfchile.cl/documentos/rfm/rfm_2025040285369.pdf,2025-04-15,2026-08-20
FM110455,2011-08-16,8430,FONDO MUTUO BCI ACCIONES CHILENAS,BCI ASSET MANAGEMENT ADMINISTRADORA  GENERAL DE FONDOS S.A.,Vigente,,Fondo Mutuo,2019110195672,https://www.cmfchile.cl/documentos/rfm/rfm_2019110195672.pdf,2019-11-06,2026-08-20
FM110454,2011-08-16,8870,FONDO MUTUO BCI SELECCION ANDINA,BCI ASSET MANAGEMENT ADMINISTRADORA  GENERAL DE FONDOS S.A.,No Vigente,,Fondo Mutuo,2015090112173,https://www.cmfchile.cl/documentos/rfm/rfm_2015090112173.pdf,2015-09-14,2026-08-20
FM110453,2011-08-16,8884,FONDO MUTUO BCI RIQUEZAS NATURALES,BCI ASSET MANAGEMENT ADMINISTRADORA  GENERAL DE FONDOS S.A.,No Vigente,,Fondo Mutuo,2011080120390,https://www.cmfchile.cl/documentos/rfm/rfm_2011080120390.pdf,2011-12-28,2026-08-20
FM110357,2011-08-12,8258,FONDO MUTUO SECURITY PREVISION,CRUZ DEL SUR ADMINISTRADORA GENERAL DE FONDOS S.A.,No Vigente,,Fondo Mutuo,2014120147651,https://www.cmfchile.cl/documentos/rfm/rfm_2014120147651.pdf,2014-12-23,2026-08-20
FM110356,2011-08-12,8463,FONDO MUTUO CRUZ DEL SUR CONFIANZA,CRUZ DEL SUR ADMINISTRADORA GENERAL DE FONDOS S.A.,No Vigente,,Fondo Mutuo,2014120146486,https://www.cmfchile.cl/documentos/rfm/rfm_2014120146486.pdf,2014-12-19,2026-08-20
FM110355,2011-08-12,8261,FONDO MUTUO SECURITY LIQUIDEZ,CRUZ DEL SUR ADMINISTRADORA GENERAL DE FONDOS S.A.,No Vigente,,Fondo Mutuo,2014120147598,https://www.cmfchile.cl/documentos/rfm/rfm_2014120147598.pdf,2014-12-23,2026-08-20
FM110354,2011-08-12,8142,FONDO MUTUO BICE ACCIONES CHILE SELECTIVO,BICE INVERSIONES ADMINISTRADORA GENERAL DE FONDOS S.A.,Vigente,,Fondo Mutuo,2025050339023,https://www.cmfchile.cl/documentos/rfm/rfm_2025050339023.pdf,2025-05-08,2026-08-20
FM110353,2011-08-12,8032,FONDO MUTUO BICE BALANCEADO,BICE INVERSIONES ADMINISTRADORA GENERAL DE FONDOS S.A.,Vigente,,Fondo Mutuo,2026040277068,https://www.cmfchile.cl/documentos/rfm/rfm_2026040277068.pdf,2026-04-22,2026-08-20
FM110352,2011-08-12,8801,FONDO MUTUO BICE ACCIONES MÉXICO,BICE INVERSIONES ADMINISTRADORA GENERAL DE FONDOS S.A.,No Vigente,,Fondo Mutuo,2019030041960,https://www.cmfchile.cl/documentos/rfm/rfm_2019030041960.pdf,2019-03-13,2026-08-20
FM110350,2011-08-12,8506,FONDO MUTUO BICE LIQUIDEZ DÓLAR,BICE INVERSIONES ADMINISTRADORA GENERAL DE FONDOS S.A.,Vigente,,Fondo Mutuo,2021030122389,https://www.cmfchile.cl/documentos/rfm/rfm_2021030122389.pdf,2021-03-31,2026-08-20
FM110351,2011-08-12,8295,FONDO MUTUO BICE CONSERVADOR,BICE INVERSIONES ADMINISTRADORA GENERAL DE FONDOS S.A.,Vigente,,Fondo Mutuo,2026040277392,https://www.cmfchile.cl/documentos/rfm/rfm_2026040277392.pdf,2026-04-22,2026-08-20
FM110331,2011-08-12,8622,FONDO MUTUO ZURICH CASH PLUS,ZURICH CHILE ASSET MANAGEMENT ADMINISTRADORA GENERAL DE FONDOS S.A.,No Vigente,,Fondo Mutuo,2018100179539,https://www.cmfchile.cl/documentos/rfm/rfm_2018100179539.pdf,2018-10-25,2026-08-20
FM110358,2011-08-12,8260,FONDO MUTUO CRUZ DEL SUR BONOS LATINOAMERICANOS,CRUZ DEL SUR ADMINISTRADORA GENERAL DE FONDOS S.A.,No Vigente,,Fondo Mutuo,2014120146467,https://www.cmfchile.cl/documentos/rfm/rfm_2014120146467.pdf,2014-12-19,2026-08-20
FM110359,2011-08-12,8262,FONDO MUTUO CRUZ DEL SUR FUNDACION,CRUZ DEL SUR ADMINISTRADORA GENERAL DE FONDOS S.A.,No Vigente,,Fondo Mutuo,2014120146496,https://www.cmfchile.cl/documentos/rfm/rfm_2014120146496.pdf,2014-12-19,2026-08-20
FM110374,2011-08-12,8862,FONDO MUTUO ZURICH BRASIL,ZURICH ADMINISTRADORA GENERAL DE FONDOS S.A.,No Vigente,,Fondo Mutuo,2011080119085,https://www.cmfchile.cl/documentos/rfm/rfm_2011080119085.pdf,2011-08-12,2026-08-20
FM110373,2011-08-12,8861,FONDO MUTUO ZURICH ACCIONES USA,ZURICH ADMINISTRADORA GENERAL DE FONDOS S.A.,No Vigente,,Fondo Mutuo,2011080119083,https://www.cmfchile.cl/documentos/rfm/rfm_2011080119083.pdf,2011-08-12,2026-08-20
FM110348,2011-08-12,8063,FONDO MUTUO BICE LIQUIDEZ PESOS,BICE INVERSIONES ADMINISTRADORA GENERAL DE FONDOS S.A.,Vigente,,Fondo Mutuo,2026040277653,https://www.cmfchile.cl/documentos/rfm/rfm_2026040277653.pdf,2026-04-22,2026-08-20
FM110372,2011-08-12,8854,FONDO MUTUO ZURICH ACCIONES CHILENAS,ZURICH ADMINISTRADORA GENERAL DE FONDOS S.A.,No Vigente,,Fondo Mutuo,2011080119081,https://www.cmfchile.cl/documentos/rfm/rfm_2011080119081.pdf,2011-08-12,2026-08-20
FM110371,2011-08-12,8860,FONDO MUTUO CRUZ DEL SUR COLOMBIA-PERU,CRUZ DEL SUR ADMINISTRADORA GENERAL DE FONDOS S.A.,No Vigente,,Fondo Mutuo,2011080119019,https://www.cmfchile.cl/documentos/rfm/rfm_2011080119019.pdf,2011-08-12,2026-08-20
FM110370,2011-08-12,8790,FONDO MUTUO SECURITY PROTECCION UF,CRUZ DEL SUR ADMINISTRADORA GENERAL DE FONDOS S.A.,No Vigente,,Fondo Mutuo,2014120147730,https://www.cmfchile.cl/documentos/rfm/rfm_2014120147730.pdf,2014-12-23,2026-08-20
FM110369,2011-08-12,8664,FONDO MUTUO CRUZ DEL SUR CONFIANZA DÓLAR,CRUZ DEL SUR ADMINISTRADORA GENERAL DE FONDOS S.A.,No Vigente,,Fondo Mutuo,2014120146488,https://www.cmfchile.cl/documentos/rfm/rfm_2014120146488.pdf,2014-12-19,2026-08-20
FM110368,2011-08-12,8612,FONDO MUTUO CRUZ DEL SUR BRASIL,CRUZ DEL SUR ADMINISTRADORA GENERAL DE FONDOS S.A.,No Vigente,,Fondo Mutuo,2014120146470,https://www.cmfchile.cl/documentos/rfm/rfm_2014120146470.pdf,2014-12-19,2026-08-20
FM110367,2011-08-12,8613,FONDO MUTUO CRUZ DEL SUR ASIATICO,CRUZ DEL SUR ADMINISTRADORA GENERAL DE FONDOS S.A.,No Vigente,,Fondo Mutuo,2014120146461,https://www.cmfchile.cl/documentos/rfm/rfm_2014120146461.pdf,2014-12-19,2026-08-20
FM110366,2011-08-12,8567,FONDO MUTUO CRUZ DEL SUR LATINOAMERICANO,CRUZ DEL SUR ADMINISTRADORA GENERAL DE FONDOS S.A.,No Vigente,,Fondo Mutuo,2014120146501,https://www.cmfchile.cl/documentos/rfm/rfm_2014120146501.pdf,2014-12-19,2026-08-20
FM110365,2011-08-12,8500,FONDO MUTUO SECURITY ESTADOS UNIDOS,CRUZ DEL SUR ADMINISTRADORA GENERAL DE FONDOS S.A.,No Vigente,,Fondo Mutuo,2014120147712,https://www.cmfchile.cl/documentos/rfm/rfm_2014120147712.pdf,2014-12-23,2026-08-20
FM110363,2011-08-12,8491,FONDO MUTUO SECURITY NOMINAL,CRUZ DEL SUR ADMINISTRADORA GENERAL DE FONDOS S.A.,No Vigente,,Fondo Mutuo,2014120147676,https://www.cmfchile.cl/documentos/rfm/rfm_2014120147676.pdf,2014-12-23,2026-08-20
FM110362,2011-08-12,8453,FONDO MUTUO CRUZ DEL SUR EMERGENTE,CRUZ DEL SUR ADMINISTRADORA GENERAL DE FONDOS S.A.,No Vigente,,Fondo Mutuo,2014120146494,https://www.cmfchile.cl/documentos/rfm/rfm_2014120146494.pdf,2014-12-19,2026-08-20
FM110361,2011-08-12,8298,FONDO MUTUO CRUZ DEL SUR DIVERSIFICACION,CRUZ DEL SUR ADMINISTRADORA GENERAL DE FONDOS S.A.,No Vigente,,Fondo Mutuo,2014120146491,https://www.cmfchile.cl/documentos/rfm/rfm_2014120146491.pdf,2014-12-19,2026-08-20
FM110360,2011-08-12,8294,FONDO MUTUO SECURITY GLOBAL,CRUZ DEL SUR ADMINISTRADORA GENERAL DE FONDOS S.A.,Vigente,,Fondo Mutuo,2026020129599,https://www.cmfchile.cl/documentos/rfm/rfm_2026020129599.pdf,2026-02-24,2026-08-20
FM110349,2011-08-12,8100,FONDO MUTUO BICE TESORERIA,BICE INVERSIONES ADMINISTRADORA GENERAL DE FONDOS S.A.,Vigente,,Fondo Mutuo,2021020059376,https://www.cmfchile.cl/documentos/rfm/rfm_2021020059376.pdf,2021-02-16,2026-08-20
FM110325,2011-08-12,8393,FONDO MUTUO ZURICH EQUILIBRIO 30,ZURICH CHILE ASSET MANAGEMENT ADMINISTRADORA GENERAL DE FONDOS S.A.,No Vigente,,Fondo Mutuo,2018100179530,https://www.cmfchile.cl/documentos/rfm/rfm_2018100179530.pdf,2018-10-25,2026-08-20
FM110347,2011-08-12,8750,FONDO MUTUO BICE BONOS LATAM,BICE INVERSIONES ADMINISTRADORA GENERAL DE FONDOS S.A.,Vigente,,Fondo Mutuo,2025080539998,https://www.cmfchile.cl/documentos/rfm/rfm_2025080539998.pdf,2025-08-04,2026-08-20
FM110332,2011-08-12,8772,FONDO MUTUO ZURICH RENTABILIDAD 80 GLOBAL,ZURICH ADMINISTRADORA GENERAL DE FONDOS S.A.,No Vigente,,Fondo Mutuo,2012020018915,https://www.cmfchile.cl/documentos/rfm/rfm_2012020018915.pdf,2012-02-08,2026-08-20
FM110320,2011-08-12,8345,FONDO MUTUO ZURICH CASH,ZURICH CHILE ASSET MANAGEMENT ADMINISTRADORA GENERAL DE FONDOS S.A.,No Vigente,,Fondo Mutuo,2018080144671,https://www.cmfchile.cl/documentos/rfm/rfm_2018080144671.pdf,2018-08-21,2026-08-20
FM110321,2011-08-12,8346,FONDO MUTUO ZURICH PATRIMONIO,ZURICH CHILE ASSET MANAGEMENT ADMINISTRADORA GENERAL DE FONDOS S.A.,Vigente,,Fondo Mutuo,2025030175607,https://www.cmfchile.cl/documentos/rfm/rfm_2025030175607.pdf,2025-03-07,2026-08-20
FM110322,2011-08-12,8347,FONDO MUTUO ZURICH BALANCEADO,ZURICH CHILE ASSET MANAGEMENT ADMINISTRADORA GENERAL DE FONDOS S.A.,No Vigente,,Fondo Mutuo,2018080144488,https://www.cmfchile.cl/documentos/rfm/rfm_2018080144488.pdf,2018-08-21,2026-08-20
FM110323,2011-08-12,8348,FONDO MUTUO ZURICH CRECIENTE,ZURICH CHILE ASSET MANAGEMENT ADMINISTRADORA GENERAL DE FONDOS S.A.,No Vigente,,Fondo Mutuo,2018080144837,https://www.cmfchile.cl/documentos/rfm/rfm_2018080144837.pdf,2018-08-21,2026-08-20
FM110324,2011-08-12,8349,FONDO MUTUO ZURICH USA,ZURICH ADMINISTRADORA GENERAL DE FONDOS S.A.,No Vigente,,Fondo Mutuo,2013120119020,https://www.cmfchile.cl/documentos/rfm/rfm_2013120119020.pdf,2013-12-17,2026-08-20
FM110376,2011-08-12,8041,FONDO MUTUO SANTANDER INTERMEDIACION,SANTANDER ASSET MANAGEMENT S.A. ADMINISTRADORA GENERAL DE FONDOS,No Vigente,,Fondo Mutuo,2012070092066,https://www.cmfchile.cl/documentos/rfm/rfm_2012070092066.pdf,2012-07-10,2026-08-20
FM110326,2011-08-12,8395,FONDO MUTUO ZURICH BURSÁTIL 90,ZURICH CHILE ASSET MANAGEMENT ADMINISTRADORA GENERAL DE FONDOS S.A.,No Vigente,,Fondo Mutuo,2018080144492,https://www.cmfchile.cl/documentos/rfm/rfm_2018080144492.pdf,2018-08-21,2026-08-20
FM110327,2011-08-12,8471,FONDO MUTUO ZURICH MUNDO EUROPEO,ZURICH CHILE ASSET MANAGEMENT ADMINISTRADORA GENERAL DE FONDOS S.A.,No Vigente,,Fondo Mutuo,2018080144841,https://www.cmfchile.cl/documentos/rfm/rfm_2018080144841.pdf,2018-08-21,2026-08-20
FM110328,2011-08-12,8494,FONDO MUTUO ZURICH MUNDO EMERGENTE,ZURICH CHILE ASSET MANAGEMENT ADMINISTRADORA GENERAL DE FONDOS S.A.,No Vigente,,Fondo Mutuo,2018080144720,https://www.cmfchile.cl/documentos/rfm/rfm_2018080144720.pdf,2018-08-21,2026-08-20
FM110329,2011-08-12,8495,FONDO MUTUO ZURICH MUNDO LATAM,ZURICH CHILE ASSET MANAGEMENT ADMINISTRADORA GENERAL DE FONDOS S.A.,No Vigente,,Fondo Mutuo,2018080144781,https://www.cmfchile.cl/documentos/rfm/rfm_2018080144781.pdf,2018-08-21,2026-08-20
FM110330,2011-08-12,8621,FONDO MUTUO ZURICH SELECT GLOBAL,ZURICH CHILE ASSET MANAGEMENT ADMINISTRADORA GENERAL DE FONDOS S.A.,Vigente,,Fondo Mutuo,2025040278849,https://www.cmfchile.cl/documentos/rfm/rfm_2025040278849.pdf,2025-04-11,2026-08-20
FM110333,2011-08-12,8046,FONDO MUTUO BICE ACCIONES CHILE,BICE INVERSIONES ADMINISTRADORA GENERAL DE FONDOS S.A.,No Vigente,,Fondo Mutuo,2019030041902,https://www.cmfchile.cl/documentos/rfm/rfm_2019030041902.pdf,2019-03-13,2026-08-20
FM110346,2011-08-12,8141,FONDO MUTUO BICE RENTA UF,BICE INVERSIONES ADMINISTRADORA GENERAL DE FONDOS S.A.,Vigente,,Fondo Mutuo,2025080540386,https://www.cmfchile.cl/documentos/rfm/rfm_2025080540386.pdf,2025-08-04,2026-08-20
FM110334,2011-08-12,8029,FONDO MUTUO BICE RENTA PESOS,BICE INVERSIONES ADMINISTRADORA GENERAL DE FONDOS S.A.,Vigente,,Fondo Mutuo,2025080540113,https://www.cmfchile.cl/documentos/rfm/rfm_2025080540113.pdf,2025-08-04,2026-08-20
FM110335,2011-08-12,8178,FONDO MUTUO BICE ACCIONES ASIA,BICE INVERSIONES ADMINISTRADORA GENERAL DE FONDOS S.A.,No Vigente,,Fondo Mutuo,2022110449003,https://www.cmfchile.cl/documentos/rfm/rfm_2022110449003.pdf,2022-11-25,2026-08-20
FM110336,2011-08-12,8114,FONDO MUTUO BICE ACCIONES EUROPA,BICE INVERSIONES ADMINISTRADORA GENERAL DE FONDOS S.A.,Vigente,,Fondo Mutuo,2026040276884,https://www.cmfchile.cl/documentos/rfm/rfm_2026040276884.pdf,2026-04-22,2026-08-20
FM110337,2011-08-12,8537,FONDO MUTUO BICE ACCIONES LATAM,BICE INVERSIONES ADMINISTRADORA GENERAL DE FONDOS S.A.,Vigente,,Fondo Mutuo,2026040277009,https://www.cmfchile.cl/documentos/rfm/rfm_2026040277009.pdf,2026-04-22,2026-08-20
FM110338,2011-08-12,8475,FONDO MUTUO BICE ACCIONES MERCADOS EMERGENTES,BICE INVERSIONES ADMINISTRADORA GENERAL DE FONDOS S.A.,Vigente,,Fondo Mutuo,2026040276903,https://www.cmfchile.cl/documentos/rfm/rfm_2026040276903.pdf,2026-04-22,2026-08-20
FM110339,2011-08-12,8183,FONDO MUTUO BICE ACCIONES NORTEAMERICA,BICE INVERSIONES ADMINISTRADORA GENERAL DE FONDOS S.A.,Vigente,,Fondo Mutuo,2026040277044,https://www.cmfchile.cl/documentos/rfm/rfm_2026040277044.pdf,2026-04-22,2026-08-20
FM110340,2011-08-12,8725,FONDO MUTUO BICE ACCIONES BRASIL,BICE INVERSIONES ADMINISTRADORA GENERAL DE FONDOS S.A.,No Vigente,,Fondo Mutuo,2019030041927,https://www.cmfchile.cl/documentos/rfm/rfm_2019030041927.pdf,2019-03-13,2026-08-20
FM110341,2011-08-12,8819,FONDO MUTUO BICE ACCIONES CHILE ACTIVO,BICE INVERSIONES ADMINISTRADORA GENERAL DE FONDOS S.A.,Vigente,,Fondo Mutuo,2025050338958,https://www.cmfchile.cl/documentos/rfm/rfm_2025050338958.pdf,2025-05-08,2026-08-20
FM110342,2011-08-12,8553,FONDO MUTUO BICE ACCIONES CHILE MID CAP,BICE INVERSIONES ADMINISTRADORA GENERAL DE FONDOS S.A.,Vigente,,Fondo Mutuo,2026040276855,https://www.cmfchile.cl/documentos/rfm/rfm_2026040276855.pdf,2026-04-22,2026-08-20
FM110343,2011-08-12,8749,FONDO MUTUO BICE COMMODITIES,BICE INVERSIONES ADMINISTRADORA GENERAL DE FONDOS S.A.,No Vigente,,Fondo Mutuo,2022110449230,https://www.cmfchile.cl/documentos/rfm/rfm_2022110449230.pdf,2022-11-25,2026-08-20
FM110344,2011-08-12,8785,FONDO MUTUO BICE AGRESIVO,BICE INVERSIONES ADMINISTRADORA GENERAL DE FONDOS S.A.,Vigente,,Fondo Mutuo,2026040277051,https://www.cmfchile.cl/documentos/rfm/rfm_2026040277051.pdf,2026-04-22,2026-08-20
FM110375,2011-08-12,8855,FONDO MUTUO ZURICH RENTA,ZURICH ADMINISTRADORA GENERAL DE FONDOS S.A.,No Vigente,,Fondo Mutuo,2011080119087,https://www.cmfchile.cl/documentos/rfm/rfm_2011080119087.pdf,2011-08-12,2026-08-20
FM110345,2011-08-12,8687,FONDO MUTUO BICE ESTRATEGIA AGRESIVA,BICE INVERSIONES ADMINISTRADORA GENERAL DE FONDOS S.A.,No Vigente,,Fondo Mutuo,2023010010840,https://www.cmfchile.cl/documentos/rfm/rfm_2023010010840.pdf,2023-01-10,2026-08-20
FM110377,2011-08-12,8894,FONDO MUTUO IM TRUST DEUDA SOBERANA MULTIMONEDA,CREDICORP CAPITAL ASSET MANAGEMENT S.A. ADMINISTRADORA GENERAL DE FONDOS,No Vigente,Liquidado,Fondo Mutuo,2016060082383,https://www.cmfchile.cl/documentos/rfm/rfm_2016060082383.pdf,2016-06-28,2026-08-20
FM110512,2011-08-12,8678,FONDO MUTUO SURA RENTA DEPOSITO CHILE,ADMINISTRADORA GENERAL DE FONDOS SURA S.A.,Vigente,,Fondo Mutuo,2025100675242,https://www.cmfchile.cl/documentos/rfm/rfm_2025100675242.pdf,2025-10-02,2026-08-20
FM110406,2011-08-12,8615,FONDO MUTUO SANTANDER RENTA CORTO PLAZO,SANTANDER ASSET MANAGEMENT S.A. ADMINISTRADORA GENERAL DE FONDOS,Vigente,,Fondo Mutuo,2026050315907,https://www.cmfchile.cl/documentos/rfm/rfm_2026050315907.pdf,2026-05-07,2026-08-20
FM110378,2011-08-12,8090,FONDO MUTUO SANTANDER GO ACCIONES GLOBALES ESG,SANTANDER ASSET MANAGEMENT S.A. ADMINISTRADORA GENERAL DE FONDOS,Vigente,,Fondo Mutuo,2026050315828,https://www.cmfchile.cl/documentos/rfm/rfm_2026050315828.pdf,2026-05-07,2026-08-20
FM110407,2011-08-12,8082,FONDO MUTUO SANTANDER RENTA LARGO PLAZO PESOS,SANTANDER ASSET MANAGEMENT S.A. ADMINISTRADORA GENERAL DE FONDOS,Vigente,,Fondo Mutuo,2025110759676,https://www.cmfchile.cl/documentos/rfm/rfm_2025110759676.pdf,2025-11-03,2026-08-20
FM110408,2011-08-12,8074,FONDO MUTUO SANTANDER ACCIONES RETAIL & CONSUMO CHILE,SANTANDER ASSET MANAGEMENT S.A. ADMINISTRADORA GENERAL DE FONDOS,No Vigente,,Fondo Mutuo,2017100173950,https://www.cmfchile.cl/documentos/rfm/rfm_2017100173950.pdf,2017-10-02,2026-08-20
FM110409,2011-08-12,8599,FONDO MUTUO SANTANDER RENTA SELECTA CHILE,SANTANDER ASSET MANAGEMENT S.A. ADMINISTRADORA GENERAL DE FONDOS,No Vigente,,Fondo Mutuo,2013110104577,https://www.cmfchile.cl/documentos/rfm/rfm_2013110104577.pdf,2013-11-06,2026-08-20
FM110410,2011-08-12,8877,FONDO MUTUO SANTANDER SMALL CAP BRASIL,SANTANDER ASSET MANAGEMENT S.A. ADMINISTRADORA GENERAL DE FONDOS,No Vigente,,Fondo Mutuo,2011080119161,https://www.cmfchile.cl/documentos/rfm/rfm_2011080119161.pdf,2011-08-12,2026-08-20
FM110411,2011-08-12,8280,FONDO MUTUO SANTANDER RENTA MEDIANO PLAZO,SANTANDER ASSET MANAGEMENT S.A. ADMINISTRADORA GENERAL DE FONDOS,Vigente,,Fondo Mutuo,2025110760924,https://www.cmfchile.cl/documentos/rfm/rfm_2025110760924.pdf,2025-11-03,2026-08-20
FM110412,2011-08-12,8070,FONDO MUTUO SANTANDER RENTA GLOBAL,SANTANDER ASSET MANAGEMENT S.A. ADMINISTRADORA GENERAL DE FONDOS,No Vigente,,Fondo Mutuo,2011120173908,https://www.cmfchile.cl/documentos/rfm/rfm_2011120173908.pdf,2011-12-06,2026-08-20
FM110413,2011-08-12,8209,FONDO MUTUO SANTANDER TESORERIA,SANTANDER ASSET MANAGEMENT S.A. ADMINISTRADORA GENERAL DE FONDOS,Vigente,,Fondo Mutuo,2025090657345,https://www.cmfchile.cl/documentos/rfm/rfm_2025090657345.pdf,2025-09-26,2026-08-20
FM110414,2011-08-12,8072,FONDO MUTUO SANTANDER DE RESERVA,SANTANDER ASSET MANAGEMENT S.A. ADMINISTRADORA GENERAL DE FONDOS,No Vigente,,Fondo Mutuo,2012010011275,https://www.cmfchile.cl/documentos/rfm/rfm_2012010011275.pdf,2012-01-25,2026-08-20
FM110511,2011-08-12,8676,FONDO MUTUO SURA RENTA BONOS CHILE,ADMINISTRADORA GENERAL DE FONDOS SURA S.A.,Vigente,,Fondo Mutuo,2026010023711,https://www.cmfchile.cl/documentos/rfm/rfm_2026010023711.pdf,2026-01-12,2026-08-20
FM110514,2011-08-12,8684,FONDO MUTUO SURA SELECCION ACCIONES LATAM,ADMINISTRADORA GENERAL DE FONDOS SURA S.A.,Vigente,,Fondo Mutuo,2026010023726,https://www.cmfchile.cl/documentos/rfm/rfm_2026010023726.pdf,2026-01-12,2026-08-20
FM110404,2011-08-12,8058,FONDO MUTUO SANTANDER GO ACCIONES GLOBAL EMERGENTE,SANTANDER ASSET MANAGEMENT S.A. ADMINISTRADORA GENERAL DE FONDOS,Vigente,,Fondo Mutuo,2026040263655,https://www.cmfchile.cl/documentos/rfm/rfm_2026040263655.pdf,2026-04-16,2026-08-20
FM110515,2011-08-12,8679,FONDO MUTUO SURA ACCIONES CHILE MID CAP,ADMINISTRADORA GENERAL DE FONDOS SURA S.A.,No Vigente,,Fondo Mutuo,2018050091763,https://www.cmfchile.cl/documentos/rfm/rfm_2018050091763.pdf,2018-05-22,2026-08-20
FM110516,2011-08-12,8707,FONDO MUTUO SURA SELECCION GLOBAL,ADMINISTRADORA GENERAL DE FONDOS SURA S.A.,Vigente,,Fondo Mutuo,2026010023714,https://www.cmfchile.cl/documentos/rfm/rfm_2026010023714.pdf,2026-01-12,2026-08-20
FM110517,2011-08-12,8773,FONDO MUTUO SURA MULTIACTIVO PRUDENTE,ADMINISTRADORA GENERAL DE FONDOS SURA S.A.,Vigente,,Fondo Mutuo,2026040286156,https://www.cmfchile.cl/documentos/rfm/rfm_2026040286156.pdf,2026-04-27,2026-08-20
FM110518,2011-08-12,8774,FONDO MUTUO SURA ESTRATEGIA EQUILIBRADA,ADMINISTRADORA GENERAL DE FONDOS SURA S.A.,No Vigente,,Fondo Mutuo,2023090412828,https://www.cmfchile.cl/documentos/rfm/rfm_2023090412828.pdf,2023-09-29,2026-08-20
FM110519,2011-08-12,8775,FONDO MUTUO SURA ESTRATEGIA ACTIVA,ADMINISTRADORA GENERAL DE FONDOS SURA S.A.,No Vigente,,Fondo Mutuo,2023090412820,https://www.cmfchile.cl/documentos/rfm/rfm_2023090412820.pdf,2023-09-29,2026-08-20
FM110520,2011-08-12,8776,FONDO MUTUO SURA RENTA INTERNACIONAL,ADMINISTRADORA GENERAL DE FONDOS SURA S.A.,No Vigente,,Fondo Mutuo,2026010023723,https://www.cmfchile.cl/documentos/rfm/rfm_2026010023723.pdf,2026-01-12,2026-08-20
FM110521,2011-08-12,8812,FONDO MUTUO SURA ACCIONES CHILE ACTIVO,ADMINISTRADORA GENERAL DE FONDOS SURA S.A.,No Vigente,,Fondo Mutuo,2021120505163,https://www.cmfchile.cl/documentos/rfm/rfm_2021120505163.pdf,2021-12-22,2026-08-20
FM110522,2011-08-12,8838,FONDO MUTUO ING SELECCION ACCIONES EMERGENTES,ADMINISTRADORA GENERAL DE FONDOS SURA S.A.,No Vigente,,Fondo Mutuo,2011080126476,https://www.cmfchile.cl/documentos/rfm/rfm_2011080126476.pdf,2011-08-12,2026-08-20
FM110523,2011-08-12,8839,FONDO MUTUO ING SELECCION ACCIONES USA,ADMINISTRADORA GENERAL DE FONDOS SURA S.A.,No Vigente,,Fondo Mutuo,2011080126478,https://www.cmfchile.cl/documentos/rfm/rfm_2011080126478.pdf,2011-08-12,2026-08-20
FM110524,2011-08-12,8859,FONDO MUTUO SURA ACCIONES ALIANZA PACIFICO,ADMINISTRADORA GENERAL DE FONDOS SURA S.A.,No Vigente,,Fondo Mutuo,2017070117134,https://www.cmfchile.cl/documentos/rfm/rfm_2017070117134.pdf,2017-07-04,2026-08-20
FM110546,2011-08-12,8490,FONDO MUTUO SECURITY SELECTIVO,CRUZ DEL SUR ADMINISTRADORA GENERAL DE FONDOS S.A.,No Vigente,,Fondo Mutuo,2021060260495,https://www.cmfchile.cl/documentos/rfm/rfm_2021060260495.pdf,2021-06-30,2026-08-20
FM110405,2011-08-12,8488,FONDO MUTUO SANTANDER GO ACCIONES SELECTAS USA,SANTANDER ASSET MANAGEMENT S.A. ADMINISTRADORA GENERAL DE FONDOS,No Vigente,,Fondo Mutuo,2026050315902,https://www.cmfchile.cl/documentos/rfm/rfm_2026050315902.pdf,2026-05-07,2026-08-20
FM110513,2011-08-12,8685,FONDO MUTUO SURA SELECCION ACCIONES CHILE,ADMINISTRADORA GENERAL DE FONDOS SURA S.A.,Vigente,,Fondo Mutuo,2026010023713,https://www.cmfchile.cl/documentos/rfm/rfm_2026010023713.pdf,2026-01-12,2026-08-20
FM110403,2011-08-12,8059,FONDO MUTUO SANTANDER MONETARIO,SANTANDER ASSET MANAGEMENT S.A. ADMINISTRADORA GENERAL DE FONDOS,No Vigente,,Fondo Mutuo,2025060428991,https://www.cmfchile.cl/documentos/rfm/rfm_2025060428991.pdf,2025-06-19,2026-08-20
FM110390,2011-08-12,8287,FONDO MUTUO SANTANDER BONOS NACIONALES,SANTANDER ASSET MANAGEMENT S.A. ADMINISTRADORA GENERAL DE FONDOS,Vigente,,Fondo Mutuo,2026020137449,https://www.cmfchile.cl/documentos/rfm/rfm_2026020137449.pdf,2026-02-26,2026-08-20
FM110402,2011-08-12,8686,FONDO MUTUO SANTANDER MONEY MARKET EURO,SANTANDER ASSET MANAGEMENT S.A. ADMINISTRADORA GENERAL DE FONDOS,No Vigente,,Fondo Mutuo,2012070092037,https://www.cmfchile.cl/documentos/rfm/rfm_2012070092037.pdf,2012-07-10,2026-08-20
FM110379,2011-08-12,8767,FONDO MUTUO GARANTIZADO SANTANDER EFICIENTE,SANTANDER ASSET MANAGEMENT S.A. ADMINISTRADORA GENERAL DE FONDOS,No Vigente,,Fondo Mutuo,2013050046720,https://www.cmfchile.cl/documentos/rfm/rfm_2013050046720.pdf,2013-05-17,2026-08-20
FM110381,2011-08-12,8577,FONDO MUTUO SANTANDER A,SANTANDER ASSET MANAGEMENT S.A. ADMINISTRADORA GENERAL DE FONDOS,No Vigente,,Fondo Mutuo,2024090470827,https://www.cmfchile.cl/documentos/rfm/rfm_2024090470827.pdf,2024-09-05,2026-08-20
FM110382,2011-08-12,8578,FONDO MUTUO SANTANDER  C,SANTANDER ASSET MANAGEMENT S.A. ADMINISTRADORA GENERAL DE FONDOS,No Vigente,,Fondo Mutuo,2025060443180,https://www.cmfchile.cl/documentos/rfm/rfm_2025060443180.pdf,2025-06-27,2026-08-20
FM110383,2011-08-12,8076,FONDO MUTUO SANTANDER ACCIONES CHILENAS,SANTANDER ASSET MANAGEMENT S.A. ADMINISTRADORA GENERAL DE FONDOS,No Vigente,,Fondo Mutuo,2025110799315,https://www.cmfchile.cl/documentos/rfm/rfm_2025110799315.pdf,2025-11-13,2026-08-20
FM110384,2011-08-12,8893,FONDO MUTUO SANTANDER ACCIONES BRASIL,SANTANDER ASSET MANAGEMENT S.A. ADMINISTRADORA GENERAL DE FONDOS,No Vigente,,Fondo Mutuo,2016100157979,https://www.cmfchile.cl/documentos/rfm/rfm_2016100157979.pdf,2016-10-20,2026-08-20
FM110385,2011-08-12,8372,FONDO MUTUO SANTANDER ACCIONES SELECTAS CHILE,SANTANDER ASSET MANAGEMENT S.A. ADMINISTRADORA GENERAL DE FONDOS,Vigente,,Fondo Mutuo,2026070435315,https://www.cmfchile.cl/documentos/rfm/rfm_2026070435315.pdf,2026-07-02,2026-08-20
FM110386,2011-08-12,8159,FONDO MUTUO SANTANDER GO ACCIONES ASIA EMERGENTE,SANTANDER ASSET MANAGEMENT S.A. ADMINISTRADORA GENERAL DE FONDOS,No Vigente,,Fondo Mutuo,2025110801469,https://www.cmfchile.cl/documentos/rfm/rfm_2025110801469.pdf,2025-11-14,2026-08-20
FM110387,2011-08-12,8576,FONDO MUTUO SANTANDER B,SANTANDER ASSET MANAGEMENT S.A. ADMINISTRADORA GENERAL DE FONDOS,No Vigente,,Fondo Mutuo,2024090470822,https://www.cmfchile.cl/documentos/rfm/rfm_2024090470822.pdf,2024-09-05,2026-08-20
FM110388,2011-08-12,8406,FONDO MUTUO SANTANDER ACCIONES FINANCIERAS GLOBALES,SANTANDER ASSET MANAGEMENT S.A. ADMINISTRADORA GENERAL DE FONDOS,No Vigente,,Fondo Mutuo,2012070092157,https://www.cmfchile.cl/documentos/rfm/rfm_2012070092157.pdf,2012-07-10,2026-08-20
FM110389,2011-08-12,8231,FONDO MUTUO SANTANDER BONOS DOLAR,SANTANDER ASSET MANAGEMENT S.A. ADMINISTRADORA GENERAL DE FONDOS,No Vigente,,Fondo Mutuo,2012070092050,https://www.cmfchile.cl/documentos/rfm/rfm_2012070092050.pdf,2012-07-10,2026-08-20
FM110380,2011-08-12,8882,FONDO MUTUO MID CAP CHILE,SANTANDER ASSET MANAGEMENT S.A. ADMINISTRADORA GENERAL DE FONDOS,No Vigente,,Fondo Mutuo,2011080119101,https://www.cmfchile.cl/documentos/rfm/rfm_2011080119101.pdf,2011-08-12,2026-08-20
FM110399,2011-08-12,8160,FONDO MUTUO SANTANDER ACCIONES LATINOAMÉRICA,SANTANDER ASSET MANAGEMENT S.A. ADMINISTRADORA GENERAL DE FONDOS,Vigente,,Fondo Mutuo,2025080585216,https://www.cmfchile.cl/documentos/rfm/rfm_2025080585216.pdf,2025-08-25,2026-08-20
FM110391,2011-08-12,8387,FONDO MUTUO SANTANDER RENTA EXTRA LARGO PLAZO UF,SANTANDER ASSET MANAGEMENT S.A. ADMINISTRADORA GENERAL DE FONDOS,Vigente,,Fondo Mutuo,2025110761013,https://www.cmfchile.cl/documentos/rfm/rfm_2025110761013.pdf,2025-11-03,2026-08-20
FM110392,2011-08-12,8179,FONDO MUTUO SANTANDER ACCIONES EUROPA EMERGENTE,SANTANDER ASSET MANAGEMENT S.A. ADMINISTRADORA GENERAL DE FONDOS,No Vigente,,Fondo Mutuo,2012070092187,https://www.cmfchile.cl/documentos/rfm/rfm_2012070092187.pdf,2012-07-10,2026-08-20
FM110393,2011-08-12,8158,FONDO MUTUO SANTANDER ACCIONES EUROPA DESARROLLADO,SANTANDER ASSET MANAGEMENT S.A. ADMINISTRADORA GENERAL DE FONDOS,No Vigente,,Fondo Mutuo,2012070092174,https://www.cmfchile.cl/documentos/rfm/rfm_2012070092174.pdf,2012-07-10,2026-08-20
FM110394,2011-08-12,8598,FONDO MUTUO SANTANDER GARANTIZADO CARIOCA,SANTANDER ASSET MANAGEMENT S.A. ADMINISTRADORA GENERAL DE FONDOS,No Vigente,,Fondo Mutuo,2011080119129,https://www.cmfchile.cl/documentos/rfm/rfm_2011080119129.pdf,2011-08-12,2026-08-20
FM110395,2011-08-12,8511,FONDO MUTUO SANTANDER GARANTIZADO CHILE,SANTANDER ASSET MANAGEMENT S.A. ADMINISTRADORA GENERAL DE FONDOS,No Vigente,,Fondo Mutuo,2011080119131,https://www.cmfchile.cl/documentos/rfm/rfm_2011080119131.pdf,2011-08-12,2026-08-20
FM110396,2011-08-12,8628,FONDO MUTUO SANTANDER GARANTIZADO MANDARIN,SANTANDER ASSET MANAGEMENT S.A. ADMINISTRADORA GENERAL DE FONDOS,No Vigente,,Fondo Mutuo,2011080119133,https://www.cmfchile.cl/documentos/rfm/rfm_2011080119133.pdf,2011-08-12,2026-08-20
FM110397,2011-08-12,8634,FONDO MUTUO SANTANDER GARANTIZADO MATRIOSKA,SANTANDER ASSET MANAGEMENT S.A. ADMINISTRADORA GENERAL DE FONDOS,No Vigente,,Fondo Mutuo,2011080119135,https://www.cmfchile.cl/documentos/rfm/rfm_2011080119135.pdf,2011-08-12,2026-08-20
FM110398,2011-08-12,8077,FONDO MUTUO SANTANDER RENTA LARGO PLAZO UF,SANTANDER ASSET MANAGEMENT S.A. ADMINISTRADORA GENERAL DE FONDOS,Vigente,,Fondo Mutuo,2026030209128,https://www.cmfchile.cl/documentos/rfm/rfm_2026030209128.pdf,2026-03-26,2026-08-20
FM110400,2011-08-12,8057,FONDO MUTUO SANTANDER MONEY MARKET,SANTANDER ASSET MANAGEMENT S.A. ADMINISTRADORA GENERAL DE FONDOS,Vigente,,Fondo Mutuo,2026050315826,https://www.cmfchile.cl/documentos/rfm/rfm_2026050315826.pdf,2026-05-07,2026-08-20
FM110401,2011-08-12,8230,FONDO MUTUO SANTANDER MONEY MARKET DOLAR,SANTANDER ASSET MANAGEMENT S.A. ADMINISTRADORA GENERAL DE FONDOS,Vigente,,Fondo Mutuo,2025060430046,https://www.cmfchile.cl/documentos/rfm/rfm_2025060430046.pdf,2025-06-23,2026-08-20
FM110308,2011-08-10,8320,FONDO MUTUO CONVENIENCIA BANCOESTADO,BANCOESTADO S.A. ADMINISTRADORA  GENERAL DE FONDOS,Vigente,,Fondo Mutuo,2024100507847,https://www.cmfchile.cl/documentos/rfm/rfm_2024100507847.pdf,2024-10-01,2026-08-20
FM110310,2011-08-10,8316,FONDO MUTUO PROTECCION BANCOESTADO,BANCOESTADO S.A. ADMINISTRADORA  GENERAL DE FONDOS,Vigente,,Fondo Mutuo,2021080322220,https://www.cmfchile.cl/documentos/rfm/rfm_2021080322220.pdf,2021-08-06,2026-08-20
FM110309,2011-08-10,8317,FONDO MUTUO COMPROMISO BANCOESTADO,BANCOESTADO S.A. ADMINISTRADORA  GENERAL DE FONDOS,Vigente,,Fondo Mutuo,2021080322554,https://www.cmfchile.cl/documentos/rfm/rfm_2021080322554.pdf,2021-08-06,2026-08-20
FM110315,2011-08-10,8754,FONDO MUTUO BANCOESTADO BNP PARIBAS RENTA DESARROLLADA,BANCOESTADO S.A. ADMINISTRADORA  GENERAL DE FONDOS,No Vigente,,Fondo Mutuo,2011120174668,https://www.cmfchile.cl/documentos/rfm/rfm_2011120174668.pdf,2011-12-07,2026-08-20
FM110307,2011-08-10,8746,FONDO MUTUO BANCOESTADO GARANTIZADO DOBLE OPORTUNIDAD,BANCOESTADO S.A. ADMINISTRADORA  GENERAL DE FONDOS,No Vigente,,Fondo Mutuo,2011080117329,https://www.cmfchile.cl/documentos/rfm/rfm_2011080117329.pdf,2011-08-10,2026-08-20
FM110306,2011-08-10,8536,FONDO MUTUO BANCOESTADO ACCIONES NACIONALES,BANCOESTADO S.A. ADMINISTRADORA  GENERAL DE FONDOS,Vigente,,Fondo Mutuo,2021040154260,https://www.cmfchile.cl/documentos/rfm/rfm_2021040154260.pdf,2021-04-22,2026-08-20
FM110312,2011-08-10,8744,FONDO MUTUO BANCOESTADO BNP PARIBAS ACCIONES DESARROLLADAS,BANCOESTADO S.A. ADMINISTRADORA  GENERAL DE FONDOS,Vigente,,Fondo Mutuo,2021040154268,https://www.cmfchile.cl/documentos/rfm/rfm_2021040154268.pdf,2021-04-22,2026-08-20
FM110305,2011-08-10,8319,FONDO MUTUO SOLVENTE BANCOESTADO,BANCOESTADO S.A. ADMINISTRADORA  GENERAL DE FONDOS,Vigente,,Fondo Mutuo,2024100507772,https://www.cmfchile.cl/documentos/rfm/rfm_2024100507772.pdf,2024-10-01,2026-08-20
FM110311,2011-08-10,8318,FONDO MUTUO CORPORATIVO BANCOESTADO,BANCOESTADO S.A. ADMINISTRADORA  GENERAL DE FONDOS,No Vigente,,Fondo Mutuo,2015060076781,https://www.cmfchile.cl/documentos/rfm/rfm_2015060076781.pdf,2015-06-24,2026-08-20
FM110318,2011-08-10,8845,FONDO MUTUO BANCOESTADO PERFIL C,BANCOESTADO S.A. ADMINISTRADORA  GENERAL DE FONDOS,Vigente,,Fondo Mutuo,2022120468443,https://www.cmfchile.cl/documentos/rfm/rfm_2022120468443.pdf,2022-12-09,2026-08-20
FM110313,2011-08-10,8745,FONDO MUTUO BANCOESTADO BNP PARIBAS ACCIONES EMERGENTES,BANCOESTADO S.A. ADMINISTRADORA  GENERAL DE FONDOS,No Vigente,,Fondo Mutuo,2015060076751,https://www.cmfchile.cl/documentos/rfm/rfm_2015060076751.pdf,2015-06-24,2026-08-20
FM110314,2011-08-10,8807,FONDO MUTUO BANCOESTADO BNP PARIBAS MAS RENTA BICENTENARIO,BANCOESTADO S.A. ADMINISTRADORA  GENERAL DE FONDOS,Vigente,,Fondo Mutuo,2022120468290,https://www.cmfchile.cl/documentos/rfm/rfm_2022120468290.pdf,2022-12-09,2026-08-20
FM110316,2011-08-10,8753,FONDO MUTUO BANCOESTADO BNP PARIBAS MERCADOS EMERGENTES,BANCOESTADO S.A. ADMINISTRADORA  GENERAL DE FONDOS,Vigente,,Fondo Mutuo,2023120534099,https://www.cmfchile.cl/documentos/rfm/rfm_2023120534099.pdf,2023-12-06,2026-08-20
FM110317,2011-08-10,8844,FONDO MUTUO BANCOESTADO PERFIL  A,BANCOESTADO S.A. ADMINISTRADORA  GENERAL DE FONDOS,Vigente,,Fondo Mutuo,2022120468419,https://www.cmfchile.cl/documentos/rfm/rfm_2022120468419.pdf,2022-12-09,2026-08-20
FM110319,2011-08-10,8846,FONDO MUTUO BANCOESTADO PERFIL  E,BANCOESTADO S.A. ADMINISTRADORA  GENERAL DE FONDOS,Vigente,,Fondo Mutuo,2022120468466,https://www.cmfchile.cl/documentos/rfm/rfm_2022120468466.pdf,2022-12-09,2026-08-20
FM110302,2011-08-09,8442,FONDO MUTUO CREDICORP CAPITAL RENTA INTERNACIONAL,CREDICORP CAPITAL ASSET MANAGEMENT S.A. ADMINISTRADORA GENERAL DE FONDOS,Vigente,,Fondo Mutuo,2025040283232,https://www.cmfchile.cl/documentos/rfm/rfm_2025040283232.pdf,2025-04-14,2026-08-20
FM110299,2011-08-09,8401,FONDO MUTUO CREDICORP CAPITAL LIQUIDEZ,CREDICORP CAPITAL ASSET MANAGEMENT S.A. ADMINISTRADORA GENERAL DE FONDOS,Vigente,,Fondo Mutuo,2024030176134,https://www.cmfchile.cl/documentos/rfm/rfm_2024030176134.pdf,2024-03-22,2026-08-20
FM110298,2011-08-09,8427,FONDO MUTUO CREDICORP CAPITAL GLOBALES I,CREDICORP CAPITAL ASSET MANAGEMENT S.A. ADMINISTRADORA GENERAL DE FONDOS,Vigente,,Fondo Mutuo,2025060446487,https://www.cmfchile.cl/documentos/rfm/rfm_2025060446487.pdf,2025-06-27,2026-08-20
FM110300,2011-08-09,8843,FONDO MUTUO IM TRUST RENTA EMERGENTE,CREDICORP CAPITAL ASSET MANAGEMENT S.A. ADMINISTRADORA GENERAL DE FONDOS,No Vigente,,Fondo Mutuo,2011080116683,https://www.cmfchile.cl/documentos/rfm/rfm_2011080116683.pdf,2011-08-09,2026-08-20
FM110301,2011-08-09,8421,FONDO MUTUO CREDICORP CAPITAL RENTA ESTRATEGICA,CREDICORP CAPITAL ASSET MANAGEMENT S.A. ADMINISTRADORA GENERAL DE FONDOS,Vigente,,Fondo Mutuo,2026030183644,https://www.cmfchile.cl/documentos/rfm/rfm_2026030183644.pdf,2026-03-17,2026-08-20
FM110294,2011-08-09,8507,FONDO MUTUO IM TRUST ACCIONES,CREDICORP CAPITAL ASSET MANAGEMENT S.A. ADMINISTRADORA GENERAL DE FONDOS,No Vigente,,Fondo Mutuo,2011120184314,https://www.cmfchile.cl/documentos/rfm/rfm_2011120184314.pdf,2011-12-30,2026-08-20
FM110303,2011-08-09,8560,FONDO MUTUO IM TRUST ACCIONES ESTRATEGICAS COLOMBIA,CREDICORP CAPITAL ASSET MANAGEMENT S.A. ADMINISTRADORA GENERAL DE FONDOS,No Vigente,,Fondo Mutuo,2014120146429,https://www.cmfchile.cl/documentos/rfm/rfm_2014120146429.pdf,2014-12-19,2026-08-20
FM110304,2011-08-09,8561,FONDO MUTUO IM TRUST ACCIONES ESTRATEGICAS PERU,CREDICORP CAPITAL ASSET MANAGEMENT S.A. ADMINISTRADORA GENERAL DE FONDOS,No Vigente,Liquidado,Fondo Mutuo,2016050058073,https://www.cmfchile.cl/documentos/rfm/rfm_2016050058073.pdf,2016-05-03,2026-08-20
FM110296,2011-08-09,8397,FONDO MUTUO IM TRUST ACCIONES ESTRATEGICAS,CREDICORP CAPITAL ASSET MANAGEMENT S.A. ADMINISTRADORA GENERAL DE FONDOS,No Vigente,,Fondo Mutuo,2013030025005,https://www.cmfchile.cl/documentos/rfm/rfm_2013030025005.pdf,2013-03-21,2026-08-20
FM110295,2011-08-09,8847,FONDO MUTUO IM TRUST ACCIONES EMERGENTES,CREDICORP CAPITAL ASSET MANAGEMENT S.A. ADMINISTRADORA GENERAL DE FONDOS,No Vigente,,Fondo Mutuo,2013020018226,https://www.cmfchile.cl/documentos/rfm/rfm_2013020018226.pdf,2013-02-27,2026-08-20
FM110297,2011-08-09,8398,FONDO MUTUO IM TRUST ACCIONES INDICE CHILE,CREDICORP CAPITAL ASSET MANAGEMENT S.A. ADMINISTRADORA GENERAL DE FONDOS,No Vigente,,Fondo Mutuo,2012030041704,https://www.cmfchile.cl/documentos/rfm/rfm_2012030041704.pdf,2012-03-30,2026-08-20
FM110281,2011-08-08,8097,FONDO MUTUO PRINCIPAL EUROPE EQUITY,PRINCIPAL ASSET MANAGEMENT ADMINISTRADORA GENERAL DE FONDOS S.A.,Vigente,,Fondo Mutuo,2022030126628,https://www.cmfchile.cl/documentos/rfm/rfm_2022030126628.pdf,2022-03-31,2026-08-20
FM110282,2011-08-08,8113,FONDO MUTUO PRINCIPAL USA EQUITY,PRINCIPAL ASSET MANAGEMENT ADMINISTRADORA GENERAL DE FONDOS S.A.,Vigente,,Fondo Mutuo,2022030126728,https://www.cmfchile.cl/documentos/rfm/rfm_2022030126728.pdf,2022-03-31,2026-08-20
FM110279,2011-08-08,8098,FONDO MUTUO PRINCIPAL LATAM EQUITY,PRINCIPAL ASSET MANAGEMENT ADMINISTRADORA GENERAL DE FONDOS S.A.,Vigente,,Fondo Mutuo,2022030126617,https://www.cmfchile.cl/documentos/rfm/rfm_2022030126617.pdf,2022-03-31,2026-08-20
FM110280,2011-08-08,8438,FONDO MUTUO PRINCIPAL ASIA EQUITY,PRINCIPAL ASSET MANAGEMENT ADMINISTRADORA GENERAL DE FONDOS S.A.,Vigente,,Fondo Mutuo,2022030126552,https://www.cmfchile.cl/documentos/rfm/rfm_2022030126552.pdf,2022-03-31,2026-08-20
FM110275,2011-08-08,8250,FONDO MUTUO PRINCIPAL DEUDA CORTO PLAZO,PRINCIPAL ASSET MANAGEMENT ADMINISTRADORA GENERAL DE FONDOS S.A.,Vigente,,Fondo Mutuo,2025120840670,https://www.cmfchile.cl/documentos/rfm/rfm_2025120840670.pdf,2025-12-01,2026-08-20
FM110278,2011-08-08,8600,FONDO MUTUO PRINCIPAL LIFETIME 2040,PRINCIPAL ASSET MANAGEMENT ADMINISTRADORA GENERAL DE FONDOS S.A.,Vigente,,Fondo Mutuo,2022110435045,https://www.cmfchile.cl/documentos/rfm/rfm_2022110435045.pdf,2022-11-15,2026-08-20
FM110277,2011-08-08,8252,FONDO MUTUO PRINCIPAL LIFETIME 2030,PRINCIPAL ASSET MANAGEMENT ADMINISTRADORA GENERAL DE FONDOS S.A.,Vigente,,Fondo Mutuo,2022110435040,https://www.cmfchile.cl/documentos/rfm/rfm_2022110435040.pdf,2022-11-15,2026-08-20
FM110276,2011-08-08,8251,FONDO MUTUO PRINCIPAL DEUDA FLEXIBLE,PRINCIPAL ASSET MANAGEMENT ADMINISTRADORA GENERAL DE FONDOS S.A.,Vigente,,Fondo Mutuo,2025120840714,https://www.cmfchile.cl/documentos/rfm/rfm_2025120840714.pdf,2025-12-01,2026-08-20
FM110284,2011-08-08,8610,FONDO MUTUO PRINCIPAL EMERGING EUROPE EQUITY,PRINCIPAL ASSET MANAGEMENT ADMINISTRADORA GENERAL DE FONDOS S.A.,Vigente,,Fondo Mutuo,2022030126714,https://www.cmfchile.cl/documentos/rfm/rfm_2022030126714.pdf,2022-03-31,2026-08-20
FM110283,2011-08-08,8791,FONDO MUTUO PRINCIPAL BRAZIL EQUITY,PRINCIPAL ASSET MANAGEMENT ADMINISTRADORA GENERAL DE FONDOS S.A.,No Vigente,,Fondo Mutuo,2015060075329,https://www.cmfchile.cl/documentos/rfm/rfm_2015060075329.pdf,2015-06-19,2026-08-20
FM110285,2011-08-08,8824,FONDO MUTUO PRINCIPAL GESTION ACTIVA MUY ARRIESGADO,PRINCIPAL ASSET MANAGEMENT ADMINISTRADORA GENERAL DE FONDOS S.A.,Vigente,,Fondo Mutuo,2025090612649,https://www.cmfchile.cl/documentos/rfm/rfm_2025090612649.pdf,2025-09-04,2026-08-20
FM110286,2011-08-08,8825,FONDO MUTUO PRINCIPAL GESTION ESTRATEGICA B,PRINCIPAL ASSET MANAGEMENT ADMINISTRADORA GENERAL DE FONDOS S.A.,No Vigente,,Fondo Mutuo,2022030124753,https://www.cmfchile.cl/documentos/rfm/rfm_2022030124753.pdf,2022-03-31,2026-08-20
FM110287,2011-08-08,8826,FONDO MUTUO PRINCIPAL GESTION ESTRATEGICA C,PRINCIPAL ASSET MANAGEMENT ADMINISTRADORA GENERAL DE FONDOS S.A.,No Vigente,,Fondo Mutuo,2022030124837,https://www.cmfchile.cl/documentos/rfm/rfm_2022030124837.pdf,2022-03-31,2026-08-20
FM110288,2011-08-08,8827,FONDO MUTUO PRINCIPAL GESTION ESTRATEGICA D,PRINCIPAL ASSET MANAGEMENT ADMINISTRADORA GENERAL DE FONDOS S.A.,No Vigente,,Fondo Mutuo,2022030124921,https://www.cmfchile.cl/documentos/rfm/rfm_2022030124921.pdf,2022-03-31,2026-08-20
FM110289,2011-08-08,8038,FONDO MUTUO PRINCIPAL CAPITALES ACCIONES CHILENAS,PRINCIPAL ASSET MANAGEMENT ADMINISTRADORA GENERAL DE FONDOS S.A.,Vigente,,Fondo Mutuo,2022030126547,https://www.cmfchile.cl/documentos/rfm/rfm_2022030126547.pdf,2022-03-31,2026-08-20
FM110290,2011-08-08,8011,FONDO MUTUO PRINCIPAL VISION MONEY MARKET,PRINCIPAL ASSET MANAGEMENT ADMINISTRADORA GENERAL DE FONDOS S.A.,Vigente,,Fondo Mutuo,2023110464395,https://www.cmfchile.cl/documentos/rfm/rfm_2023110464395.pdf,2023-11-06,2026-08-20
FM110291,2011-08-08,8619,FONDO MUTUO PRINCIPAL DEUDA INTERNACIONAL,PRINCIPAL ASSET MANAGEMENT ADMINISTRADORA GENERAL DE FONDOS S.A.,Vigente,,Fondo Mutuo,2025100741607,https://www.cmfchile.cl/documentos/rfm/rfm_2025100741607.pdf,2025-10-24,2026-08-20
FM110292,2011-08-08,8089,FONDO MUTUO PRINCIPAL PROGRESION DEUDA LARGO PLAZO,PRINCIPAL ASSET MANAGEMENT ADMINISTRADORA GENERAL DE FONDOS S.A.,Vigente,,Fondo Mutuo,2023110464522,https://www.cmfchile.cl/documentos/rfm/rfm_2023110464522.pdf,2023-11-06,2026-08-20
FM110293,2011-08-08,8422,FONDO MUTUO PRINCIPAL DEUDA MEDIANO PLAZO,PRINCIPAL ASSET MANAGEMENT ADMINISTRADORA GENERAL DE FONDOS S.A.,Vigente,,Fondo Mutuo,2025120840821,https://www.cmfchile.cl/documentos/rfm/rfm_2025120840821.pdf,2025-12-01,2026-08-20
FM110249,2011-08-02,8479,FONDO MUTUO ITAU TOP USA,ITAU ADMINISTRADORA GENERAL DE FONDOS S.A.,Vigente,,Fondo Mutuo,2026020125137,https://www.cmfchile.cl/documentos/rfm/rfm_2026020125137.pdf,2026-02-20,2026-08-20
FM110246,2011-08-02,8519,FONDO MUTUO ITAÚ SELECCIÓN BRASIL,ITAU ADMINISTRADORA GENERAL DE FONDOS S.A.,No Vigente,,Fondo Mutuo,2017030051582,https://www.cmfchile.cl/documentos/rfm/rfm_2017030051582.pdf,2017-03-23,2026-08-20
FM110247,2011-08-02,8338,FONDO MUTUO ITAU SELECT,ITAU ADMINISTRADORA GENERAL DE FONDOS S.A.,Vigente,,Fondo Mutuo,2026040256581,https://www.cmfchile.cl/documentos/rfm/rfm_2026040256581.pdf,2026-04-14,2026-08-20
FM110248,2011-08-02,8520,FONDO MUTUO ITAÚ SMALL & MID CAP BRASIL,ITAU ADMINISTRADORA GENERAL DE FONDOS S.A.,No Vigente,,Fondo Mutuo,2015010012978,https://www.cmfchile.cl/documentos/rfm/rfm_2015010012978.pdf,2015-01-30,2026-08-20
FM110254,2011-08-02,8572,FONDO MUTUO SECURITY MONEY MARKET DÓLAR,ADMINISTRADORA GENERAL DE FONDOS  SECURITY S.A.,No Vigente,,Fondo Mutuo,2016020019863,https://www.cmfchile.cl/documentos/rfm/rfm_2016020019863.pdf,2016-02-15,2026-08-20
FM110250,2011-08-02,8352,FONDO MUTUO ITAU AHORRO CORTO PLAZO,ITAU ADMINISTRADORA GENERAL DE FONDOS S.A.,Vigente,,Fondo Mutuo,2025120910270,https://www.cmfchile.cl/documentos/rfm/rfm_2025120910270.pdf,2025-12-31,2026-08-20
FM110252,2011-08-02,8891,FONDO MUTUO ITAÚ LATAM PACIFIC,ITAU ADMINISTRADORA GENERAL DE FONDOS S.A.,No Vigente,,Fondo Mutuo,2013030019087,https://www.cmfchile.cl/documentos/rfm/rfm_2013030019087.pdf,2013-03-01,2026-08-20
FM110253,2011-08-02,8311,FONDO MUTUO SECURITY MONEY MARKET,ADMINISTRADORA GENERAL DE FONDOS  SECURITY S.A.,No Vigente,,Fondo Mutuo,2016020019874,https://www.cmfchile.cl/documentos/rfm/rfm_2016020019874.pdf,2016-02-15,2026-08-20
FM110244,2011-08-02,8235,FONDO MUTUO ITAU PLUS,ITAU ADMINISTRADORA GENERAL DE FONDOS S.A.,No Vigente,,Fondo Mutuo,2016110176774,https://www.cmfchile.cl/documentos/rfm/rfm_2016110176774.pdf,2016-11-21,2026-08-20
FM110245,2011-08-02,8254,FONDO MUTUO ITAU LATAM CORPORATE,ITAU ADMINISTRADORA GENERAL DE FONDOS S.A.,Vigente,,Fondo Mutuo,2025010009288,https://www.cmfchile.cl/documentos/rfm/rfm_2025010009288.pdf,2025-01-08,2026-08-20
FM110240,2011-08-02,8265,FONDO MUTUO ITAÚ GESTIONADO DEUDA LOCAL,ITAU ADMINISTRADORA GENERAL DE FONDOS S.A.,No Vigente,,Fondo Mutuo,2018010005899,https://www.cmfchile.cl/documentos/rfm/rfm_2018010005899.pdf,2018-01-10,2026-08-20
FM110243,2011-08-02,8305,FONDO MUTUO ITAU NATIONAL EQUITY,ITAU ADMINISTRADORA GENERAL DE FONDOS S.A.,Vigente,,Fondo Mutuo,2024060339018,https://www.cmfchile.cl/documentos/rfm/rfm_2024060339018.pdf,2024-06-27,2026-08-20
FM110242,2011-08-02,8521,FONDO MUTUO ITAÚ GESTIONADO CONSERVADOR DOLAR,ITAU ADMINISTRADORA GENERAL DE FONDOS S.A.,No Vigente,,Fondo Mutuo,2016120192910,https://www.cmfchile.cl/documentos/rfm/rfm_2016120192910.pdf,2016-12-16,2026-08-20
FM110241,2011-08-02,8290,FONDO MUTUO ITAÚ MIX,ITAU ADMINISTRADORA GENERAL DE FONDOS S.A.,No Vigente,,Fondo Mutuo,2015020014020,https://www.cmfchile.cl/documentos/rfm/rfm_2015020014020.pdf,2015-02-03,2026-08-20
FM110256,2011-08-02,8313,FONDO MUTUO SECURITY RENTA LOCAL MEDIANO PLAZO,ADMINISTRADORA GENERAL DE FONDOS  SECURITY S.A.,No Vigente,,Fondo Mutuo,2016020019882,https://www.cmfchile.cl/documentos/rfm/rfm_2016020019882.pdf,2016-02-15,2026-08-20
FM110239,2011-08-02,8379,FONDO MUTUO ITAU EMERGING EQUITIES,ITAU ADMINISTRADORA GENERAL DE FONDOS S.A.,No Vigente,,Fondo Mutuo,2018080139032,https://www.cmfchile.cl/documentos/rfm/rfm_2018080139032.pdf,2018-08-11,2026-08-20
FM110238,2011-08-02,8234,FONDO MUTUO ITAU SELECT PLUS,ITAU ADMINISTRADORA GENERAL DE FONDOS S.A.,Vigente,,Fondo Mutuo,2026020125159,https://www.cmfchile.cl/documentos/rfm/rfm_2026020125159.pdf,2026-02-20,2026-08-20
FM110237,2011-08-02,8333,FONDO MUTUO ITAÚ CASH DOLLAR,ITAU ADMINISTRADORA GENERAL DE FONDOS S.A.,Vigente,,Fondo Mutuo,2024070373591,https://www.cmfchile.cl/documentos/rfm/rfm_2024070373591.pdf,2024-07-17,2026-08-20
FM110236,2011-08-02,8623,FONDO MUTUO ITAÚ CAPITAL,ITAU ADMINISTRADORA GENERAL DE FONDOS S.A.,No Vigente,,Fondo Mutuo,2015090110479,https://www.cmfchile.cl/documentos/rfm/rfm_2015090110479.pdf,2015-09-09,2026-08-20
FM110235,2011-08-02,8799,FONDO MUTUO ITAÚ BRASIL ACTIVO,ITAU ADMINISTRADORA GENERAL DE FONDOS S.A.,Vigente,,Fondo Mutuo,2025020146256,https://www.cmfchile.cl/documentos/rfm/rfm_2025020146256.pdf,2025-02-26,2026-08-20
FM110255,2011-08-02,8312,FONDO MUTUO PENTA RENTA NOMINAL CHILE,PENTA ADMINISTRADORA GENERAL DE FONDOS S.A.,No Vigente,,Fondo Mutuo,2013010008018,https://www.cmfchile.cl/documentos/rfm/rfm_2013010008018.pdf,2013-01-25,2026-08-20
FM110251,2011-08-02,8237,FONDO MUTUO ITAÚ WORLD EQUITY,ITAU ADMINISTRADORA GENERAL DE FONDOS S.A.,No Vigente,,Fondo Mutuo,2012100131507,https://www.cmfchile.cl/documentos/rfm/rfm_2012100131507.pdf,2012-10-09,2026-08-20
FM110257,2011-08-02,8308,FONDO MUTUO PENTA RENTA LOCAL LARGO PLAZO,PENTA ADMINISTRADORA GENERAL DE FONDOS S.A.,No Vigente,,Fondo Mutuo,2013030023822,https://www.cmfchile.cl/documentos/rfm/rfm_2013030023822.pdf,2013-03-18,2026-08-20
FM110266,2011-08-02,8351,FONDO MUTUO SECURITY VISIÓN GLOBAL,ADMINISTRADORA GENERAL DE FONDOS  SECURITY S.A.,No Vigente,,Fondo Mutuo,2016020019886,https://www.cmfchile.cl/documentos/rfm/rfm_2016020019886.pdf,2016-02-15,2026-08-20
FM110258,2011-08-02,8343,FONDO MUTUO PENTA DEUDA INDEXADA LOCAL,PENTA ADMINISTRADORA GENERAL DE FONDOS S.A.,No Vigente,,Fondo Mutuo,2011120182810,https://www.cmfchile.cl/documentos/rfm/rfm_2011120182810.pdf,2011-12-19,2026-08-20
FM110274,2011-08-02,8649,FONDO MUTUO PENTA BALANCEADO MODERADO,PENTA ADMINISTRADORA GENERAL DE FONDOS S.A.,No Vigente,,Fondo Mutuo,2013030024631,https://www.cmfchile.cl/documentos/rfm/rfm_2013030024631.pdf,2013-03-20,2026-08-20
FM110273,2011-08-02,8568,FONDO MUTUO SECURITY MUNDO EMERGENTE,ADMINISTRADORA GENERAL DE FONDOS  SECURITY S.A.,No Vigente,,Fondo Mutuo,2016020019876,https://www.cmfchile.cl/documentos/rfm/rfm_2016020019876.pdf,2016-02-15,2026-08-20
FM110272,2011-08-02,8486,FONDO MUTUO SECURITY LATINOAMÉRICA,ADMINISTRADORA GENERAL DE FONDOS  SECURITY S.A.,No Vigente,,Fondo Mutuo,2016020019870,https://www.cmfchile.cl/documentos/rfm/rfm_2016020019870.pdf,2016-02-15,2026-08-20
FM110271,2011-08-02,8485,"FONDO MUTUO PENTA SELECCIÓN EUROPA, MEDIO ORIENTE Y ÁFRICA",PENTA ADMINISTRADORA GENERAL DE FONDOS S.A.,No Vigente,,Fondo Mutuo,2012070092938,https://www.cmfchile.cl/documentos/rfm/rfm_2012070092938.pdf,2012-07-11,2026-08-20
FM110269,2011-08-02,8425,FONDO MUTUO SECURITY USA,ADMINISTRADORA GENERAL DE FONDOS  SECURITY S.A.,No Vigente,,Fondo Mutuo,2016020019884,https://www.cmfchile.cl/documentos/rfm/rfm_2016020019884.pdf,2016-02-15,2026-08-20
FM110268,2011-08-02,8424,FONDO MUTUO PENTA ASIA,PENTA ADMINISTRADORA GENERAL DE FONDOS S.A.,No Vigente,,Fondo Mutuo,2015030027738,https://www.cmfchile.cl/documentos/rfm/rfm_2015030027738.pdf,2015-03-06,2026-08-20
FM110267,2011-08-02,8423,FONDO MUTUO PENTA ACCIONES INTERNACIONALES,PENTA ADMINISTRADORA GENERAL DE FONDOS S.A.,No Vigente,,Fondo Mutuo,2011120178520,https://www.cmfchile.cl/documentos/rfm/rfm_2011120178520.pdf,2011-12-19,2026-08-20
FM110270,2011-08-02,8487,FONDO MUTUO PENTA SELECCIÓN EUROPA,PENTA ADMINISTRADORA GENERAL DE FONDOS S.A.,No Vigente,,Fondo Mutuo,2011120182855,https://www.cmfchile.cl/documentos/rfm/rfm_2011120182855.pdf,2011-12-22,2026-08-20
FM110265,2011-08-02,8310,FONDO MUTUO PENTA BALANCEADO CRECIMIENTO,PENTA ADMINISTRADORA GENERAL DE FONDOS S.A.,No Vigente,,Fondo Mutuo,2013010008006,https://www.cmfchile.cl/documentos/rfm/rfm_2013010008006.pdf,2013-01-25,2026-08-20
FM110261,2011-08-02,8697,FONDO MUTUO SECURITY DEUDA LOCAL,ADMINISTRADORA GENERAL DE FONDOS  SECURITY S.A.,No Vigente,,Fondo Mutuo,2016020019866,https://www.cmfchile.cl/documentos/rfm/rfm_2016020019866.pdf,2016-02-15,2026-08-20
FM110264,2011-08-02,8350,FONDO MUTUO PENTA EVOLUCIÓN CHILE,PENTA ADMINISTRADORA GENERAL DE FONDOS S.A.,No Vigente,,Fondo Mutuo,2012090119811,https://www.cmfchile.cl/documentos/rfm/rfm_2012090119811.pdf,2012-09-07,2026-08-20
FM110260,2011-08-02,8493,FONDO MUTUO SECURITY RENTA DÓLAR,ADMINISTRADORA GENERAL DE FONDOS  SECURITY S.A.,No Vigente,,Fondo Mutuo,2017030048123,https://www.cmfchile.cl/documentos/rfm/rfm_2017030048123.pdf,2017-03-20,2026-08-20
FM110259,2011-08-02,8409,FONDO MUTUO SECURITY RENTA INTERNACIONAL,ADMINISTRADORA GENERAL DE FONDOS  SECURITY S.A.,No Vigente,,Fondo Mutuo,2016020019880,https://www.cmfchile.cl/documentos/rfm/rfm_2016020019880.pdf,2016-02-15,2026-08-20
FM110262,2011-08-02,8307,FONDO MUTUO SECURITY ACCIONES MID – SMALL CHILE CHILE,ADMINISTRADORA GENERAL DE FONDOS  SECURITY S.A.,No Vigente,,Fondo Mutuo,2016020019872,https://www.cmfchile.cl/documentos/rfm/rfm_2016020019872.pdf,2016-02-15,2026-08-20
FM110263,2011-08-02,8321,FONDO MUTUO PENTA SELECCION CHILE,PENTA ADMINISTRADORA GENERAL DE FONDOS S.A.,No Vigente,,Fondo Mutuo,2011120182831,https://www.cmfchile.cl/documentos/rfm/rfm_2011120182831.pdf,2011-12-19,2026-08-20
FM110234,2011-07-29,8890,FONDO MUTUO ZURICH VENTAJA LOCAL,ZURICH CHILE ASSET MANAGEMENT ADMINISTRADORA GENERAL DE FONDOS S.A.,No Vigente,,Fondo Mutuo,2019100180904,https://www.cmfchile.cl/documentos/rfm/rfm_2019100180904.pdf,2019-10-10,2026-08-20
FM110176,2011-07-27,8135,FONDO MUTUO BANCHILE ALIANZA,BANCHILE ADMINISTRADORA GENERAL DE FONDOS S.A.,No Vigente,,Fondo Mutuo,2024010030400,https://www.cmfchile.cl/documentos/rfm/rfm_2024010030400.pdf,2024-01-12,2026-08-20
FM110184,2011-07-27,8052,FONDO MUTUO BANCHILE DISPONIBLE,BANCHILE ADMINISTRADORA GENERAL DE FONDOS S.A.,Vigente,,Fondo Mutuo,2026070456098,https://www.cmfchile.cl/documentos/rfm/rfm_2026070456098.pdf,2026-07-10,2026-08-20
FM110177,2011-07-27,8026,FONDO MUTUO BANCHILE CAPITAL FINANCIERO,BANCHILE ADMINISTRADORA GENERAL DE FONDOS S.A.,Vigente,,Fondo Mutuo,2026070453814,https://www.cmfchile.cl/documentos/rfm/rfm_2026070453814.pdf,2026-07-09,2026-08-20
FM110178,2011-07-27,8121,FONDO MUTUO CASH,BANCHILE ADMINISTRADORA GENERAL DE FONDOS S.A.,No Vigente,,Fondo Mutuo,2014120149088,https://www.cmfchile.cl/documentos/rfm/rfm_2014120149088.pdf,2014-12-29,2026-08-20
FM110179,2011-07-27,8134,FONDO MUTUO DEUDA PESOS 1-5 AÑOS,BANCHILE ADMINISTRADORA GENERAL DE FONDOS S.A.,No Vigente,,Fondo Mutuo,2017100175895,https://www.cmfchile.cl/documentos/rfm/rfm_2017100175895.pdf,2017-10-05,2026-08-20
FM110180,2011-07-27,8094,FONDO MUTUO CORPORATIVO,BANCHILE ADMINISTRADORA GENERAL DE FONDOS S.A.,No Vigente,,Fondo Mutuo,2017100182513,https://www.cmfchile.cl/documentos/rfm/rfm_2017100182513.pdf,2017-10-17,2026-08-20
FM110181,2011-07-27,8274,FONDO MUTUO BANCHILE RENTA CORTO PLAZO,BANCHILE ADMINISTRADORA GENERAL DE FONDOS S.A.,Vigente,,Fondo Mutuo,2022100407671,https://www.cmfchile.cl/documentos/rfm/rfm_2022100407671.pdf,2022-10-24,2026-08-20
FM110182,2011-07-27,8152,FONDO MUTUO BANCHILE DEPÓSITO XXI,BANCHILE ADMINISTRADORA GENERAL DE FONDOS S.A.,Vigente,,Fondo Mutuo,2025120906283,https://www.cmfchile.cl/documentos/rfm/rfm_2025120906283.pdf,2025-12-29,2026-08-20
FM110183,2011-07-27,8102,FONDO MUTUO DEUDA ESTATAL,BANCHILE ADMINISTRADORA GENERAL DE FONDOS S.A.,No Vigente,,Fondo Mutuo,2017100175884,https://www.cmfchile.cl/documentos/rfm/rfm_2017100175884.pdf,2017-10-05,2026-08-20
FM110191,2011-07-27,8275,FONDO MUTUO DEUDA ESTATAL PESOS 2-4 AÑOS,BANCHILE ADMINISTRADORA GENERAL DE FONDOS S.A.,No Vigente,,Fondo Mutuo,2017100175891,https://www.cmfchile.cl/documentos/rfm/rfm_2017100175891.pdf,2017-10-05,2026-08-20
FM110185,2011-07-27,8249,FONDO MUTUO BANCHILE DEUDA GLOBAL,BANCHILE ADMINISTRADORA GENERAL DE FONDOS S.A.,Vigente,,Fondo Mutuo,2024100520922,https://www.cmfchile.cl/documentos/rfm/rfm_2024100520922.pdf,2024-10-08,2026-08-20
FM110186,2011-07-27,8272,FONDO MUTUO EURO MONEY MARKET,BANCHILE ADMINISTRADORA GENERAL DE FONDOS S.A.,No Vigente,,Fondo Mutuo,2016120191958,https://www.cmfchile.cl/documentos/rfm/rfm_2016120191958.pdf,2016-12-15,2026-08-20
FM110187,2011-07-27,8025,FONDO MUTUO FLEXIBLE,BANCHILE ADMINISTRADORA GENERAL DE FONDOS S.A.,No Vigente,,Fondo Mutuo,2014120149140,https://www.cmfchile.cl/documentos/rfm/rfm_2014120149140.pdf,2014-12-29,2026-08-20
FM110154,2011-07-27,8782,FONDO MUTUO BANCA AMERICANA VOLTARGET GARANTIZADO,BANCHILE ADMINISTRADORA GENERAL DE FONDOS S.A.,No Vigente,,Fondo Mutuo,2011070110238,https://www.cmfchile.cl/documentos/rfm/rfm_2011070110238.pdf,2011-07-27,2026-08-20
FM110188,2011-07-27,8023,FONDO MUTUO BANCHILE HORIZONTE,BANCHILE ADMINISTRADORA GENERAL DE FONDOS S.A.,Vigente,,Fondo Mutuo,2024080406323,https://www.cmfchile.cl/documentos/rfm/rfm_2024080406323.pdf,2024-08-06,2026-08-20
FM110189,2011-07-27,8115,FONDO MUTUO BANCHILE LIQUIDEZ,BANCHILE ADMINISTRADORA GENERAL DE FONDOS S.A.,No Vigente,,Fondo Mutuo,2022110426625,https://www.cmfchile.cl/documentos/rfm/rfm_2022110426625.pdf,2022-11-09,2026-08-20
FM110190,2011-07-27,8504,FONDO MUTUO LIQUIDEZ FULL,BANCHILE ADMINISTRADORA GENERAL DE FONDOS S.A.,No Vigente,,Fondo Mutuo,2014120149145,https://www.cmfchile.cl/documentos/rfm/rfm_2014120149145.pdf,2014-12-29,2026-08-20
FM110192,2011-07-27,8039,FONDO MUTUO PATRIMONIAL,BANCHILE ADMINISTRADORA GENERAL DE FONDOS S.A.,No Vigente,,Fondo Mutuo,2014120149148,https://www.cmfchile.cl/documentos/rfm/rfm_2014120149148.pdf,2014-12-29,2026-08-20
FM110174,2011-07-27,8451,FONDO MUTUO VISIÓN DINÁMICA D,BANCHILE ADMINISTRADORA GENERAL DE FONDOS S.A.,No Vigente,,Fondo Mutuo,2014090109590,https://www.cmfchile.cl/documentos/rfm/rfm_2014090109590.pdf,2014-09-30,2026-08-20
FM110175,2011-07-27,8035,FONDO MUTUO  AHORRO,BANCHILE ADMINISTRADORA GENERAL DE FONDOS S.A.,No Vigente,,Fondo Mutuo,2017080151753,https://www.cmfchile.cl/documentos/rfm/rfm_2017080151753.pdf,2017-08-25,2026-08-20
FM110194,2011-07-27,8357,FONDO MUTUO BANCHILE RENTA FUTURA,BANCHILE ADMINISTRADORA GENERAL DE FONDOS S.A.,No Vigente,,Fondo Mutuo,2023120572623,https://www.cmfchile.cl/documentos/rfm/rfm_2023120572623.pdf,2023-12-26,2026-08-20
FM110173,2011-07-27,8450,FONDO MUTUO VISIÓN DINÁMICA C,BANCHILE ADMINISTRADORA GENERAL DE FONDOS S.A.,No Vigente,,Fondo Mutuo,2014090109586,https://www.cmfchile.cl/documentos/rfm/rfm_2014090109586.pdf,2014-09-30,2026-08-20
FM110172,2011-07-27,8449,FONDO MUTUO VISIÓN DINÁMICA B,BANCHILE ADMINISTRADORA GENERAL DE FONDOS S.A.,No Vigente,,Fondo Mutuo,2014090109600,https://www.cmfchile.cl/documentos/rfm/rfm_2014090109600.pdf,2014-09-30,2026-08-20
FM110156,2011-07-27,8727,FONDO MUTUO CARRY TRADE MONEDAS GARANTIZADO,BANCHILE ADMINISTRADORA GENERAL DE FONDOS S.A.,No Vigente,,Fondo Mutuo,2011070110242,https://www.cmfchile.cl/documentos/rfm/rfm_2011070110242.pdf,2011-07-27,2026-08-20
FM110155,2011-07-27,8752,FONDO MUTUO BOOSTER CHINA,BANCHILE ADMINISTRADORA GENERAL DE FONDOS S.A.,No Vigente,,Fondo Mutuo,2011070110240,https://www.cmfchile.cl/documentos/rfm/rfm_2011070110240.pdf,2011-07-27,2026-08-20
FM110157,2011-07-27,8761,FONDO MUTUO ESTRATEGIA COMMODITIES GARANTIZADO,BANCHILE ADMINISTRADORA GENERAL DE FONDOS S.A.,No Vigente,,Fondo Mutuo,2011070110244,https://www.cmfchile.cl/documentos/rfm/rfm_2011070110244.pdf,2011-07-27,2026-08-20
FM110158,2011-07-27,8595,FONDO MUTUO FORTALEZAS GARANTIZADO,BANCHILE ADMINISTRADORA GENERAL DE FONDOS S.A.,No Vigente,,Fondo Mutuo,2011070110246,https://www.cmfchile.cl/documentos/rfm/rfm_2011070110246.pdf,2011-07-27,2026-08-20
FM110159,2011-07-27,8734,FONDO MUTUO MURALLA CHINA GARANTIZADO,BANCHILE ADMINISTRADORA GENERAL DE FONDOS S.A.,No Vigente,,Fondo Mutuo,2011070110248,https://www.cmfchile.cl/documentos/rfm/rfm_2011070110248.pdf,2011-07-27,2026-08-20
FM110160,2011-07-27,8735,FONDO MUTUO POTENCIAS CONSOLIDADAS GARANTIZADO,BANCHILE ADMINISTRADORA GENERAL DE FONDOS S.A.,No Vigente,,Fondo Mutuo,2011070110250,https://www.cmfchile.cl/documentos/rfm/rfm_2011070110250.pdf,2011-07-27,2026-08-20
FM110161,2011-07-27,8594,FONDO MUTUO POTENCIAS GARANTIZADO,BANCHILE ADMINISTRADORA GENERAL DE FONDOS S.A.,No Vigente,,Fondo Mutuo,2011070110252,https://www.cmfchile.cl/documentos/rfm/rfm_2011070110252.pdf,2011-07-27,2026-08-20
FM110162,2011-07-27,8548,FONDO MUTUO WALL STREET 107 GARANTIZADO,BANCHILE ADMINISTRADORA GENERAL DE FONDOS S.A.,No Vigente,,Fondo Mutuo,2011070110254,https://www.cmfchile.cl/documentos/rfm/rfm_2011070110254.pdf,2011-07-27,2026-08-20
FM110163,2011-07-27,8868,FONDO MUTUO AHORRO ESTABLE I GARANTIZADO,BANCHILE ADMINISTRADORA GENERAL DE FONDOS S.A.,No Vigente,,Fondo Mutuo,2011070110256,https://www.cmfchile.cl/documentos/rfm/rfm_2011070110256.pdf,2011-07-27,2026-08-20
FM110164,2011-07-27,8871,FONDO MUTUO AHORRO PLUS I GARANTIZADO,BANCHILE ADMINISTRADORA GENERAL DE FONDOS S.A.,No Vigente,,Fondo Mutuo,2011070110258,https://www.cmfchile.cl/documentos/rfm/rfm_2011070110258.pdf,2011-07-27,2026-08-20
FM110165,2011-07-27,8866,FONDO MUTUO BOOSTER SMALL CAP USA,BANCHILE ADMINISTRADORA GENERAL DE FONDOS S.A.,No Vigente,,Fondo Mutuo,2011070110260,https://www.cmfchile.cl/documentos/rfm/rfm_2011070110260.pdf,2011-07-27,2026-08-20
FM110166,2011-07-27,8869,FONDO MUTUO BOOSTER AUSTRALIA,BANCHILE ADMINISTRADORA GENERAL DE FONDOS S.A.,No Vigente,,Fondo Mutuo,2011070110262,https://www.cmfchile.cl/documentos/rfm/rfm_2011070110262.pdf,2011-07-27,2026-08-20
FM110167,2011-07-27,8355,FONDO MUTUO INVERSIÓN CHILE 30,BANCHILE ADMINISTRADORA GENERAL DE FONDOS S.A.,No Vigente,,Fondo Mutuo,2013120116224,https://www.cmfchile.cl/documentos/rfm/rfm_2013120116224.pdf,2013-12-09,2026-08-20
FM110168,2011-07-27,8356,FONDO MUTUO DECISIÓN ESTRATÉGICA,BANCHILE ADMINISTRADORA GENERAL DE FONDOS S.A.,No Vigente,,Fondo Mutuo,2013120116220,https://www.cmfchile.cl/documentos/rfm/rfm_2013120116220.pdf,2013-12-09,2026-08-20
FM110169,2011-07-27,8377,FONDO MUTUO BANCHILE PORTAFOLIO CONSERVADOR LARGO PLAZO,BANCHILE ADMINISTRADORA GENERAL DE FONDOS S.A.,Vigente,,Fondo Mutuo,2024100523254,https://www.cmfchile.cl/documentos/rfm/rfm_2024100523254.pdf,2024-10-09,2026-08-20
FM110170,2011-07-27,8448,FONDO MUTUO BANCHILE PORTAFOLIO AGRESIVO LARGO PLAZO,BANCHILE ADMINISTRADORA GENERAL DE FONDOS S.A.,Vigente,,Fondo Mutuo,2024110566570,https://www.cmfchile.cl/documentos/rfm/rfm_2024110566570.pdf,2024-11-04,2026-08-20
FM110171,2011-07-27,8447,FONDO MUTUO VISIÓN DINÁMICA ACCIONES,BANCHILE ADMINISTRADORA GENERAL DE FONDOS S.A.,No Vigente,,Fondo Mutuo,2014090107144,https://www.cmfchile.cl/documentos/rfm/rfm_2014090107144.pdf,2014-09-24,2026-08-20
FM110193,2011-07-27,8053,FONDO MUTUO PERFORMANCE,BANCHILE ADMINISTRADORA GENERAL DE FONDOS S.A.,No Vigente,,Fondo Mutuo,2017100174561,https://www.cmfchile.cl/documentos/rfm/rfm_2017100174561.pdf,2017-10-03,2026-08-20
FM110202,2011-07-27,8517,FONDO MUTUO BANCHILE ASIATICO EMERGENTE,BANCHILE ADMINISTRADORA GENERAL DE FONDOS S.A.,Vigente,,Fondo Mutuo,2024030181600,https://www.cmfchile.cl/documentos/rfm/rfm_2024030181600.pdf,2024-03-26,2026-08-20
FM110195,2011-07-27,8264,FONDO MUTUO DEUDA CORPORATIVA DÓLAR,BANCHILE ADMINISTRADORA GENERAL DE FONDOS S.A.,No Vigente,,Fondo Mutuo,2017020023193,https://www.cmfchile.cl/documentos/rfm/rfm_2017020023193.pdf,2017-02-02,2026-08-20
FM110225,2011-07-27,8880,FONDO MUTUO BOOSTER ADVANTAGE I,BANCHILE ADMINISTRADORA GENERAL DE FONDOS S.A.,No Vigente,,Fondo Mutuo,2011070110380,https://www.cmfchile.cl/documentos/rfm/rfm_2011070110380.pdf,2011-07-27,2026-08-20
FM110218,2011-07-27,8136,FONDO MUTUO LATIN AMERICA,BANCHILE ADMINISTRADORA GENERAL DE FONDOS S.A.,No Vigente,,Fondo Mutuo,2014120141106,https://www.cmfchile.cl/documentos/rfm/rfm_2014120141106.pdf,2014-12-10,2026-08-20
FM110219,2011-07-27,8842,FONDO MUTUO MÉXICO ACCIONARIO,BANCHILE ADMINISTRADORA GENERAL DE FONDOS S.A.,No Vigente,,Fondo Mutuo,2011070110368,https://www.cmfchile.cl/documentos/rfm/rfm_2011070110368.pdf,2011-07-27,2026-08-20
FM110220,2011-07-27,8062,FONDO MUTUO BANCHILE MID CAP,BANCHILE ADMINISTRADORA GENERAL DE FONDOS S.A.,No Vigente,,Fondo Mutuo,2020010018746,https://www.cmfchile.cl/documentos/rfm/rfm_2020010018746.pdf,2020-01-27,2026-08-20
FM110221,2011-07-27,8555,FONDO MUTUO BANCHILE PORTAFOLIO ACTIVO AGRESIVO,BANCHILE ADMINISTRADORA GENERAL DE FONDOS S.A.,No Vigente,,Fondo Mutuo,2022110430444,https://www.cmfchile.cl/documentos/rfm/rfm_2022110430444.pdf,2022-11-11,2026-08-20
FM110222,2011-07-27,8300,FONDO MUTUO BANCHILE U.S DOLLAR,BANCHILE ADMINISTRADORA GENERAL DE FONDOS S.A.,Vigente,,Fondo Mutuo,2024030184850,https://www.cmfchile.cl/documentos/rfm/rfm_2024030184850.pdf,2024-03-27,2026-08-20
FM110223,2011-07-27,8189,FONDO MUTUO BANCHILE US MID CAP,BANCHILE ADMINISTRADORA GENERAL DE FONDOS S.A.,No Vigente,,Fondo Mutuo,2024030171467,https://www.cmfchile.cl/documentos/rfm/rfm_2024030171467.pdf,2024-03-20,2026-08-20
FM110224,2011-07-27,8210,FONDO MUTUO VIEJO CONTINENTE ACCIONARIO,BANCHILE ADMINISTRADORA GENERAL DE FONDOS S.A.,No Vigente,,Fondo Mutuo,2013090083131,https://www.cmfchile.cl/documentos/rfm/rfm_2013090083131.pdf,2013-09-04,2026-08-20
FM110227,2011-07-27,8835,FONDO MUTUO BRASIL SMALL CAP,BANCHILE ADMINISTRADORA GENERAL DE FONDOS S.A.,No Vigente,,Fondo Mutuo,2011070110384,https://www.cmfchile.cl/documentos/rfm/rfm_2011070110384.pdf,2011-07-27,2026-08-20
FM110216,2011-07-27,8851,FONDO MUTUO LATAM MARKET,BANCHILE ADMINISTRADORA GENERAL DE FONDOS S.A.,No Vigente,,Fondo Mutuo,2011070110362,https://www.cmfchile.cl/documentos/rfm/rfm_2011070110362.pdf,2011-07-27,2026-08-20
FM110228,2011-07-27,8836,FONDO MUTUO INDIA ACCIONARIO,BANCHILE ADMINISTRADORA GENERAL DE FONDOS S.A.,No Vigente,,Fondo Mutuo,2011070110386,https://www.cmfchile.cl/documentos/rfm/rfm_2011070110386.pdf,2011-07-27,2026-08-20
FM110229,2011-07-27,8525,FONDO MUTUO BANCHILE ESTRATEGIA MODERADA,BANCHILE ADMINISTRADORA GENERAL DE FONDOS S.A.,No Vigente,,Fondo Mutuo,2022110426506,https://www.cmfchile.cl/documentos/rfm/rfm_2022110426506.pdf,2022-11-09,2026-08-20
FM110230,2011-07-27,8015,FONDO MUTUO  INVERSION,BANCHILE ADMINISTRADORA GENERAL DE FONDOS S.A.,No Vigente,,Fondo Mutuo,2013120116213,https://www.cmfchile.cl/documentos/rfm/rfm_2013120116213.pdf,2013-12-09,2026-08-20
FM110231,2011-07-27,8125,FONDO MUTUO BANCHILE ESTRATEGICO,BANCHILE ADMINISTRADORA GENERAL DE FONDOS S.A.,Vigente,,Fondo Mutuo,2024080423547,https://www.cmfchile.cl/documentos/rfm/rfm_2024080423547.pdf,2024-08-13,2026-08-20
FM110232,2011-07-27,8248,FONDO MUTUO BANCHILE CORPORATE DOLLAR,BANCHILE ADMINISTRADORA GENERAL DE FONDOS S.A.,Vigente,,Fondo Mutuo,2026070456134,https://www.cmfchile.cl/documentos/rfm/rfm_2026070456134.pdf,2026-07-10,2026-08-20
FM110233,2011-07-27,8078,FONDO MUTUO BANCHILE INVERSIÓN USA,BANCHILE ADMINISTRADORA GENERAL DE FONDOS S.A.,Vigente,,Fondo Mutuo,2024100520927,https://www.cmfchile.cl/documentos/rfm/rfm_2024100520927.pdf,2024-10-08,2026-08-20
FM110196,2011-07-27,8028,FONDO MUTUO BANCHILE RETORNO L.P. UF,BANCHILE ADMINISTRADORA GENERAL DE FONDOS S.A.,No Vigente,,Fondo Mutuo,2022110418678,https://www.cmfchile.cl/documentos/rfm/rfm_2022110418678.pdf,2022-11-02,2026-08-20
FM110217,2011-07-27,8811,FONDO MUTUO BANCHILE LATAM ACCIONARIO,BANCHILE ADMINISTRADORA GENERAL DE FONDOS S.A.,Vigente,,Fondo Mutuo,2024010018381,https://www.cmfchile.cl/documentos/rfm/rfm_2024010018381.pdf,2024-01-08,2026-08-20
FM110226,2011-07-27,8867,FONDO MUTUO BOOSTER MÉXICO,BANCHILE ADMINISTRADORA GENERAL DE FONDOS S.A.,No Vigente,,Fondo Mutuo,2011070110382,https://www.cmfchile.cl/documentos/rfm/rfm_2011070110382.pdf,2011-07-27,2026-08-20
FM110215,2011-07-27,8380,FONDO MUTUO BANCHILE SELECCIÓN ACCIONES CHILENAS,BANCHILE ADMINISTRADORA GENERAL DE FONDOS S.A.,Vigente,,Fondo Mutuo,2026070490940,https://www.cmfchile.cl/documentos/rfm/rfm_2026070490940.pdf,2026-07-27,2026-08-20
FM110205,2011-07-27,8001,FONDO MUTUO CAPITALISA ACCIONARIO,BANCHILE ADMINISTRADORA GENERAL DE FONDOS S.A.,No Vigente,,Fondo Mutuo,2014120147705,https://www.cmfchile.cl/documentos/rfm/rfm_2014120147705.pdf,2014-12-23,2026-08-20
FM110214,2011-07-27,8534,FONDO MUTUO BANCHILE INVERSIÓN CHINA,BANCHILE ADMINISTRADORA GENERAL DE FONDOS S.A.,No Vigente,,Fondo Mutuo,2022100401106,https://www.cmfchile.cl/documentos/rfm/rfm_2022100401106.pdf,2022-10-19,2026-08-20
FM110197,2011-07-27,8127,FONDO MUTUO BANCHILE UTILIDADES,BANCHILE ADMINISTRADORA GENERAL DE FONDOS S.A.,Vigente,,Fondo Mutuo,2022100407684,https://www.cmfchile.cl/documentos/rfm/rfm_2022100407684.pdf,2022-10-24,2026-08-20
FM110198,2011-07-27,8452,FONDO MUTUO PORTAFOLIO ACTIVO DEFENSIVO,BANCHILE ADMINISTRADORA GENERAL DE FONDOS S.A.,No Vigente,,Fondo Mutuo,2019070118930,https://www.cmfchile.cl/documentos/rfm/rfm_2019070118930.pdf,2019-07-10,2026-08-20
FM110199,2011-07-27,8086,FONDO MUTUO AMERICA LATINA ACCIONARIO,BANCHILE ADMINISTRADORA GENERAL DE FONDOS S.A.,No Vigente,,Fondo Mutuo,2013120117237,https://www.cmfchile.cl/documentos/rfm/rfm_2013120117237.pdf,2013-12-11,2026-08-20
FM110200,2011-07-27,8829,FONDO MUTUO ALIANZA PACIFICO ACCIONARIO,BANCHILE ADMINISTRADORA GENERAL DE FONDOS S.A.,No Vigente,,Fondo Mutuo,2017110194254,https://www.cmfchile.cl/documentos/rfm/rfm_2017110194254.pdf,2017-11-08,2026-08-20
FM110203,2011-07-27,8043,FONDO MUTUO BANCHILE ACCIONES,BANCHILE ADMINISTRADORA GENERAL DE FONDOS S.A.,No Vigente,,Fondo Mutuo,2025030162431,https://www.cmfchile.cl/documentos/rfm/rfm_2025030162431.pdf,2025-03-04,2026-08-20
FM110204,2011-07-27,8830,FONDO MUTUO BRIC ACCIONARIO,BANCHILE ADMINISTRADORA GENERAL DE FONDOS S.A.,No Vigente,,Fondo Mutuo,2014110128734,https://www.cmfchile.cl/documentos/rfm/rfm_2014110128734.pdf,2014-11-11,2026-08-20
FM110201,2011-07-27,8131,FONDO MUTUO BANCHILE ASIA DESARROLLADA,BANCHILE ADMINISTRADORA GENERAL DE FONDOS S.A.,No Vigente,,Fondo Mutuo,2022100394084,https://www.cmfchile.cl/documentos/rfm/rfm_2022100394084.pdf,2022-10-13,2026-08-20
FM110207,2011-07-27,8027,FONDO MUTUO CHILE ACCIONARIO,BANCHILE ADMINISTRADORA GENERAL DE FONDOS S.A.,No Vigente,,Fondo Mutuo,2014120147708,https://www.cmfchile.cl/documentos/rfm/rfm_2014120147708.pdf,2014-12-23,2026-08-20
FM110208,2011-07-27,8299,FONDO MUTUO BANCHILE EMERGING DOLLAR,BANCHILE ADMINISTRADORA GENERAL DE FONDOS S.A.,Vigente,,Fondo Mutuo,2024030171477,https://www.cmfchile.cl/documentos/rfm/rfm_2024030171477.pdf,2024-03-20,2026-08-20
FM110209,2011-07-27,8054,FONDO MUTUO BANCHILE EMERGING,BANCHILE ADMINISTRADORA GENERAL DE FONDOS S.A.,Vigente,,Fondo Mutuo,2024030170008,https://www.cmfchile.cl/documentos/rfm/rfm_2024030170008.pdf,2024-03-19,2026-08-20
FM110210,2011-07-27,8129,FONDO MUTUO BANCHILE EUROPA DESARROLLADA,BANCHILE ADMINISTRADORA GENERAL DE FONDOS S.A.,Vigente,,Fondo Mutuo,2024030171384,https://www.cmfchile.cl/documentos/rfm/rfm_2024030171384.pdf,2024-03-20,2026-08-20
FM110211,2011-07-27,8301,FONDO MUTUO BANCHILE GLOBAL DOLLAR,BANCHILE ADMINISTRADORA GENERAL DE FONDOS S.A.,Vigente,,Fondo Mutuo,2024030184867,https://www.cmfchile.cl/documentos/rfm/rfm_2024030184867.pdf,2024-03-27,2026-08-20
FM110212,2011-07-27,8088,FONDO MUTUO BANCHILE GLOBAL ACCIONARIO,BANCHILE ADMINISTRADORA GENERAL DE FONDOS S.A.,Vigente,,Fondo Mutuo,2024070376817,https://www.cmfchile.cl/documentos/rfm/rfm_2024070376817.pdf,2024-07-22,2026-08-20
FM110206,2011-07-27,8789,FONDO MUTUO RENTA VARIABLE CHILE,BANCHILE ADMINISTRADORA GENERAL DE FONDOS S.A.,No Vigente,,Fondo Mutuo,2018080141951,https://www.cmfchile.cl/documentos/rfm/rfm_2018080141951.pdf,2018-08-17,2026-08-20
FM110213,2011-07-27,8533,FONDO MUTUO BANCHILE INVERSIÓN BRASIL,BANCHILE ADMINISTRADORA GENERAL DE FONDOS S.A.,No Vigente,,Fondo Mutuo,2022100401102,https://www.cmfchile.cl/documentos/rfm/rfm_2022100401102.pdf,2022-10-19,2026-08-20
FM110132,2011-07-25,8769,FONDO MUTUO BBVA GARANTIZADO PLAN RENTAS 2013,SCOTIA AZUL ASSET MANAGEMENT ADMINISTRADORA GENERAL DE FONDOS S.A.,No Vigente,,Fondo Mutuo,2013020015986,https://www.cmfchile.cl/documentos/rfm/rfm_2013020015986.pdf,2013-02-20,2026-08-20
FM110128,2011-07-25,8104,FONDO MUTUO SCOTIA DISPONIBLE,SCOTIA  ADMINISTRADORA GENERAL DE FONDOS CHILE S.A.,No Vigente,,Fondo Mutuo,2018120204383,https://www.cmfchile.cl/documentos/rfm/rfm_2018120204383.pdf,2018-12-10,2026-08-20
FM110125,2011-07-25,8484,FONDO MUTUO SCOTIA RENTA VARIABLE EUROPA,SCOTIA  ADMINISTRADORA GENERAL DE FONDOS CHILE S.A.,Vigente,,Fondo Mutuo,2025120895150,https://www.cmfchile.cl/documentos/rfm/rfm_2025120895150.pdf,2025-12-22,2026-08-20
FM110126,2011-07-25,8106,FONDO MUTUO SCOTIA DEUDA MEDIANO PLAZO UF,SCOTIA  ADMINISTRADORA GENERAL DE FONDOS CHILE S.A.,Vigente,,Fondo Mutuo,2024120678963,https://www.cmfchile.cl/documentos/rfm/rfm_2024120678963.pdf,2024-12-10,2026-08-20
FM110127,2011-07-25,8105,FONDO MUTUO SCOTIA FUTURO,SCOTIA  ADMINISTRADORA GENERAL DE FONDOS CHILE S.A.,No Vigente,,Fondo Mutuo,2018120204465,https://www.cmfchile.cl/documentos/rfm/rfm_2018120204465.pdf,2018-12-10,2026-08-20
FM110131,2011-07-25,8764,FONDO MUTUO BBVA GARANTIZADO PLAN RENTAS 2012 II,SCOTIA AZUL ASSET MANAGEMENT ADMINISTRADORA GENERAL DE FONDOS S.A.,No Vigente,,Fondo Mutuo,2012110149089,https://www.cmfchile.cl/documentos/rfm/rfm_2012110149089.pdf,2012-11-21,2026-08-20
FM110129,2011-07-25,8624,FONDO MUTUO BBVA GARANTIZADO PANDA II,SCOTIA AZUL ASSET MANAGEMENT ADMINISTRADORA GENERAL DE FONDOS S.A.,No Vigente,,Fondo Mutuo,2011070109234,https://www.cmfchile.cl/documentos/rfm/rfm_2011070109234.pdf,2011-07-25,2026-08-20
FM110130,2011-07-25,8743,FONDO MUTUO BBVA GARANTIZADO PLAN RENTAS 2012,SCOTIA AZUL ASSET MANAGEMENT ADMINISTRADORA GENERAL DE FONDOS S.A.,No Vigente,,Fondo Mutuo,2012080110374,https://www.cmfchile.cl/documentos/rfm/rfm_2012080110374.pdf,2012-08-22,2026-08-20
FM110123,2011-07-25,8857,FONDO MUTUO SCOTIA ACCIONES CHILE MID CAP,SCOTIA  ADMINISTRADORA GENERAL DE FONDOS CHILE S.A.,Vigente,,Fondo Mutuo,2025010032987,https://www.cmfchile.cl/documentos/rfm/rfm_2025010032987.pdf,2025-01-20,2026-08-20
FM110124,2011-07-25,8739,FONDO MUTUO BBVA EURO RENTA,SCOTIA AZUL ASSET MANAGEMENT ADMINISTRADORA GENERAL DE FONDOS S.A.,No Vigente,,Fondo Mutuo,2014120138154,https://www.cmfchile.cl/documentos/rfm/rfm_2014120138154.pdf,2014-12-02,2026-08-20
FM110114,2011-07-25,8289,FONDO MUTUO SCOTIA ACCIONES CHILE,SCOTIA  ADMINISTRADORA GENERAL DE FONDOS CHILE S.A.,Vigente,,Fondo Mutuo,2025010032991,https://www.cmfchile.cl/documentos/rfm/rfm_2025010032991.pdf,2025-01-20,2026-08-20
FM110122,2011-07-25,8850,FONDO MUTUO BBVA BRASIL,SCOTIA AZUL ASSET MANAGEMENT ADMINISTRADORA GENERAL DE FONDOS S.A.,No Vigente,,Fondo Mutuo,2012020023229,https://www.cmfchile.cl/documentos/rfm/rfm_2012020023229.pdf,2012-02-17,2026-08-20
FM110121,2011-07-25,8244,FONDO MUTUO SCOTIA DEUDA LATAM DOLAR,SCOTIA  ADMINISTRADORA GENERAL DE FONDOS CHILE S.A.,Vigente,,Fondo Mutuo,2026070466715,https://www.cmfchile.cl/documentos/rfm/rfm_2026070466715.pdf,2026-07-17,2026-08-20
FM110120,2011-07-25,8481,FONDO MUTUO SCOTIA ASIA,SCOTIA  ADMINISTRADORA GENERAL DE FONDOS CHILE S.A.,No Vigente,,Fondo Mutuo,2018120204491,https://www.cmfchile.cl/documentos/rfm/rfm_2018120204491.pdf,2018-12-10,2026-08-20
FM110119,2011-07-25,8858,FONDO MUTUO SCOTIA MILA,SCOTIA  ADMINISTRADORA GENERAL DE FONDOS CHILE S.A.,No Vigente,,Fondo Mutuo,2018120204514,https://www.cmfchile.cl/documentos/rfm/rfm_2018120204514.pdf,2018-12-10,2026-08-20
FM110118,2011-07-25,8886,FONDO MUTUO SCOTIA PORTAFOLIO CONSERVADOR,SCOTIA  ADMINISTRADORA GENERAL DE FONDOS CHILE S.A.,Vigente,,Fondo Mutuo,2024110605807,https://www.cmfchile.cl/documentos/rfm/rfm_2024110605807.pdf,2024-11-20,2026-08-20
FM110117,2011-07-25,8741,FONDO MUTUO SCOTIA PORTAFOLIO MODERADO,SCOTIA  ADMINISTRADORA GENERAL DE FONDOS CHILE S.A.,Vigente,,Fondo Mutuo,2024110605815,https://www.cmfchile.cl/documentos/rfm/rfm_2024110605815.pdf,2024-11-20,2026-08-20
FM110116,2011-07-25,8116,FONDO MUTUO SCOTIA PORTAFOLIO ARRIESGADO,SCOTIA  ADMINISTRADORA GENERAL DE FONDOS CHILE S.A.,Vigente,,Fondo Mutuo,2024110605813,https://www.cmfchile.cl/documentos/rfm/rfm_2024110605813.pdf,2024-11-20,2026-08-20
FM110115,2011-07-25,8740,FONDO MUTUO SCOTIA PORTAFOLIO MAS ARRIESGADO,SCOTIA  ADMINISTRADORA GENERAL DE FONDOS CHILE S.A.,Vigente,,Fondo Mutuo,2024110605811,https://www.cmfchile.cl/documentos/rfm/rfm_2024110605811.pdf,2024-11-20,2026-08-20
FM110113,2011-07-25,8111,FONDO MUTUO SCOTIA MONEY MARKET,SCOTIA  ADMINISTRADORA GENERAL DE FONDOS CHILE S.A.,No Vigente,,Fondo Mutuo,2018120204444,https://www.cmfchile.cl/documentos/rfm/rfm_2018120204444.pdf,2018-12-10,2026-08-20
FM110134,2011-07-25,8816,FONDO MUTUO BBVA GARANTIZADO PLAN RENTAS 2013 IV,SCOTIA AZUL ASSET MANAGEMENT ADMINISTRADORA GENERAL DE FONDOS S.A.,No Vigente,,Fondo Mutuo,2012060078985,https://www.cmfchile.cl/documentos/rfm/rfm_2012060078985.pdf,2012-06-14,2026-08-20
FM110133,2011-07-25,8778,FONDO MUTUO BBVA GARANTIZADO PLAN RENTAS 2013 II,SCOTIA AZUL ASSET MANAGEMENT ADMINISTRADORA GENERAL DE FONDOS S.A.,No Vigente,,Fondo Mutuo,2013050047227,https://www.cmfchile.cl/documentos/rfm/rfm_2013050047227.pdf,2013-05-22,2026-08-20
FM110139,2011-07-25,8325,FONDO MUTUO SCOTIA LIQUIDEZ DOLAR,SCOTIA  ADMINISTRADORA GENERAL DE FONDOS CHILE S.A.,No Vigente,,Fondo Mutuo,2018120204386,https://www.cmfchile.cl/documentos/rfm/rfm_2018120204386.pdf,2018-12-10,2026-08-20
FM110135,2011-07-25,8810,FONDO MUTUO BBVA GARANTIZADO SELECCION CONSUMO,SCOTIA AZUL ASSET MANAGEMENT ADMINISTRADORA GENERAL DE FONDOS S.A.,No Vigente,,Fondo Mutuo,2012020022568,https://www.cmfchile.cl/documentos/rfm/rfm_2012020022568.pdf,2012-02-16,2026-08-20
FM110145,2011-07-25,8876,FONDO MUTUO BBVA MONETARIO VI,SCOTIA AZUL ASSET MANAGEMENT ADMINISTRADORA GENERAL DE FONDOS S.A.,No Vigente,,Fondo Mutuo,2011120184289,https://www.cmfchile.cl/documentos/rfm/rfm_2011120184289.pdf,2011-12-30,2026-08-20
FM110136,2011-07-25,8626,FONDO MUTUO BBVA GARANTIZADO SIEMPRE GANAS,SCOTIA AZUL ASSET MANAGEMENT ADMINISTRADORA GENERAL DE FONDOS S.A.,No Vigente,,Fondo Mutuo,2011070109248,https://www.cmfchile.cl/documentos/rfm/rfm_2011070109248.pdf,2011-07-25,2026-08-20
FM110153,2011-07-25,8889,FONDO MUTUO BBVA MONETARIO VIII,SCOTIA AZUL ASSET MANAGEMENT ADMINISTRADORA GENERAL DE FONDOS S.A.,No Vigente,Liquidado,Fondo Mutuo,2016060077809,https://www.cmfchile.cl/documentos/rfm/rfm_2016060077809.pdf,2016-06-15,2026-08-20
FM110152,2011-07-25,8304,FONDO MUTUO SCOTIA PORTAFOLIO MAS CONSERVADOR,SCOTIA  ADMINISTRADORA GENERAL DE FONDOS CHILE S.A.,Vigente,,Fondo Mutuo,2026020099330,https://www.cmfchile.cl/documentos/rfm/rfm_2026020099330.pdf,2026-02-09,2026-08-20
FM110150,2011-07-25,8609,FONDO MUTUO SCOTIA RENTA NOMINAL,SCOTIA  ADMINISTRADORA GENERAL DE FONDOS CHILE S.A.,No Vigente,,Fondo Mutuo,2018120204470,https://www.cmfchile.cl/documentos/rfm/rfm_2018120204470.pdf,2018-12-10,2026-08-20
FM110149,2011-07-25,8117,FONDO MUTUO SCOTIA CORPORATIVO,SCOTIA  ADMINISTRADORA GENERAL DE FONDOS CHILE S.A.,No Vigente,,Fondo Mutuo,2019040061182,https://www.cmfchile.cl/documentos/rfm/rfm_2019040061182.pdf,2019-04-10,2026-08-20
FM110148,2011-07-25,8566,FONDO MUTUO BBVA PAISES EMERGENTES,SCOTIA AZUL ASSET MANAGEMENT ADMINISTRADORA GENERAL DE FONDOS S.A.,No Vigente,Liquidado,Fondo Mutuo,2016080098904,https://www.cmfchile.cl/documentos/rfm/rfm_2016080098904.pdf,2016-08-03,2026-08-20
FM110147,2011-07-25,8565,FONDO MUTUO BBVA PAISES DESARROLLADOS,SCOTIA AZUL ASSET MANAGEMENT ADMINISTRADORA GENERAL DE FONDOS S.A.,No Vigente,,Fondo Mutuo,2012020022559,https://www.cmfchile.cl/documentos/rfm/rfm_2012020022559.pdf,2012-02-16,2026-08-20
FM110146,2011-07-25,8878,FONDO MUTUO BBVA MONETARIO VII,SCOTIA AZUL ASSET MANAGEMENT ADMINISTRADORA GENERAL DE FONDOS S.A.,No Vigente,Liquidado,Fondo Mutuo,2016060077803,https://www.cmfchile.cl/documentos/rfm/rfm_2016060077803.pdf,2016-06-15,2026-08-20
FM110151,2011-07-25,8480,FONDO MUTUO SCOTIA ACCIONES USA,SCOTIA  ADMINISTRADORA GENERAL DE FONDOS CHILE S.A.,Vigente,,Fondo Mutuo,2024120678985,https://www.cmfchile.cl/documentos/rfm/rfm_2024120678985.pdf,2024-12-10,2026-08-20
FM110144,2011-07-25,8875,FONDO MUTUO BBVA MONETARIO V,SCOTIA AZUL ASSET MANAGEMENT ADMINISTRADORA GENERAL DE FONDOS S.A.,No Vigente,,Fondo Mutuo,2011120173155,https://www.cmfchile.cl/documentos/rfm/rfm_2011120173155.pdf,2011-12-05,2026-08-20
FM110137,2011-07-25,8852,FONDO MUTUO BBVA GARANTIZADO ULTRA DEPOSITO II,SCOTIA AZUL ASSET MANAGEMENT ADMINISTRADORA GENERAL DE FONDOS S.A.,No Vigente,,Fondo Mutuo,2011070109250,https://www.cmfchile.cl/documentos/rfm/rfm_2011070109250.pdf,2011-07-25,2026-08-20
FM110142,2011-07-25,8815,FONDO MUTUO BBVA MONETARIO II,SCOTIA AZUL ASSET MANAGEMENT ADMINISTRADORA GENERAL DE FONDOS S.A.,No Vigente,,Fondo Mutuo,2011100153650,https://www.cmfchile.cl/documentos/rfm/rfm_2011100153650.pdf,2011-10-26,2026-08-20
FM110141,2011-07-25,8757,FONDO MUTUO SCOTIA MONETARIO I,SCOTIA  ADMINISTRADORA GENERAL DE FONDOS CHILE S.A.,No Vigente,,Fondo Mutuo,2018120204388,https://www.cmfchile.cl/documentos/rfm/rfm_2018120204388.pdf,2018-12-10,2026-08-20
FM110140,2011-07-25,8863,FONDO MUTUO BBVA LIQUIDEZ DOLAR II,SCOTIA AZUL ASSET MANAGEMENT ADMINISTRADORA GENERAL DE FONDOS S.A.,No Vigente,,Fondo Mutuo,2011070109256,https://www.cmfchile.cl/documentos/rfm/rfm_2011070109256.pdf,2011-07-25,2026-08-20
FM110138,2011-07-25,8482,FONDO MUTUO SCOTIA RENTA VARIABLE LATAM,SCOTIA  ADMINISTRADORA GENERAL DE FONDOS CHILE S.A.,Vigente,,Fondo Mutuo,2025010032998,https://www.cmfchile.cl/documentos/rfm/rfm_2025010032998.pdf,2025-01-20,2026-08-20
FM110143,2011-07-25,8837,FONDO MUTUO BBVA MONETARIO III,SCOTIA AZUL ASSET MANAGEMENT ADMINISTRADORA GENERAL DE FONDOS S.A.,No Vigente,,Fondo Mutuo,2011100154361,https://www.cmfchile.cl/documentos/rfm/rfm_2011100154361.pdf,2011-10-27,2026-08-20
FM110069,2011-07-22,8413,FONDO MUTUO SCOTIA ACTIVO,SCOTIA  ADMINISTRADORA GENERAL DE FONDOS CHILE S.A.,No Vigente,,Fondo Mutuo,2016070090059,https://www.cmfchile.cl/documentos/rfm/rfm_2016070090059.pdf,2016-07-14,2026-08-20
FM110070,2011-07-22,8188,FONDO MUTUO SCOTIA PERMANENCIA,SCOTIA  ADMINISTRADORA GENERAL DE FONDOS CHILE S.A.,No Vigente,,Fondo Mutuo,2017010008207,https://www.cmfchile.cl/documentos/rfm/rfm_2017010008207.pdf,2017-01-13,2026-08-20
FM110071,2011-07-22,8292,FONDO MUTUO SCOTIA DEUDA MEDIANO PLAZO,SCOTIA  ADMINISTRADORA GENERAL DE FONDOS CHILE S.A.,Vigente,,Fondo Mutuo,2024120678965,https://www.cmfchile.cl/documentos/rfm/rfm_2024120678965.pdf,2024-12-10,2026-08-20
FM110072,2011-07-22,8255,FONDO MUTUO SCOTIA PRIORIDAD,SCOTIA  ADMINISTRADORA GENERAL DE FONDOS CHILE S.A.,No Vigente,,Fondo Mutuo,2017080147834,https://www.cmfchile.cl/documentos/rfm/rfm_2017080147834.pdf,2017-08-21,2026-08-20
FM110073,2011-07-22,8529,FONDO MUTUO SCOTIA ACCIONES NACIONALES,SCOTIA  ADMINISTRADORA GENERAL DE FONDOS CHILE S.A.,No Vigente,,Fondo Mutuo,2018070129422,https://www.cmfchile.cl/documentos/rfm/rfm_2018070129422.pdf,2018-07-27,2026-08-20
FM110074,2011-07-22,8822,FONDO MUTUO SCOTIA RENTA VARIABLE GLOBAL,SCOTIA  ADMINISTRADORA GENERAL DE FONDOS CHILE S.A.,Vigente,,Fondo Mutuo,2025120895146,https://www.cmfchile.cl/documentos/rfm/rfm_2025120895146.pdf,2025-12-22,2026-08-20
FM110077,2011-07-22,8605,FONDO MUTUO SCOTIA EE.UU.,SCOTIA  ADMINISTRADORA GENERAL DE FONDOS CHILE S.A.,No Vigente,,Fondo Mutuo,2015090116817,https://www.cmfchile.cl/documentos/rfm/rfm_2015090116817.pdf,2015-09-28,2026-08-20
FM110075,2011-07-22,8049,FONDO MUTUO SCOTIA MONEY MARKET,SCOTIA  ADMINISTRADORA GENERAL DE FONDOS CHILE S.A.,Vigente,,Fondo Mutuo,2024120699277,https://www.cmfchile.cl/documentos/rfm/rfm_2024120699277.pdf,2024-12-20,2026-08-20
FM110076,2011-07-22,8238,FONDO MUTUO SCOTIA MONEY MARKET DOLAR,SCOTIA  ADMINISTRADORA GENERAL DE FONDOS CHILE S.A.,Vigente,,Fondo Mutuo,2025110770592,https://www.cmfchile.cl/documentos/rfm/rfm_2025110770592.pdf,2025-11-05,2026-08-20
FM110078,2011-07-22,8604,FONDO MUTUO SCOTIA REAL ESTATE GLOBAL,SCOTIA  ADMINISTRADORA GENERAL DE FONDOS CHILE S.A.,Vigente,,Fondo Mutuo,2024120678977,https://www.cmfchile.cl/documentos/rfm/rfm_2024120678977.pdf,2024-12-10,2026-08-20
FM110079,2011-07-22,8101,FONDO MUTUO SCOTIA GLOBAL-ACCIONES,SCOTIA  ADMINISTRADORA GENERAL DE FONDOS CHILE S.A.,No Vigente,,Fondo Mutuo,2015020023629,https://www.cmfchile.cl/documentos/rfm/rfm_2015020023629.pdf,2015-02-25,2026-08-20
FM110080,2011-07-22,8828,FONDO MUTUO SCOTIA MERCADOS EMERGENTES,SCOTIA  ADMINISTRADORA GENERAL DE FONDOS CHILE S.A.,No Vigente,,Fondo Mutuo,2015020023617,https://www.cmfchile.cl/documentos/rfm/rfm_2015020023617.pdf,2015-02-25,2026-08-20
FM110081,2011-07-22,8050,FONDO MUTUO SCOTIA LEADER,SCOTIA  ADMINISTRADORA GENERAL DE FONDOS CHILE S.A.,No Vigente,,Fondo Mutuo,2015090116822,https://www.cmfchile.cl/documentos/rfm/rfm_2015090116822.pdf,2015-09-28,2026-08-20
FM110067,2011-07-22,8455,FONDO MUTUO ZURICH EXPERTO,ZURICH CHILE ASSET MANAGEMENT ADMINISTRADORA GENERAL DE FONDOS S.A.,Vigente,,Fondo Mutuo,2026010039238,https://www.cmfchile.cl/documentos/rfm/rfm_2026010039238.pdf,2026-01-16,2026-08-20
FM110068,2011-07-22,8629,FONDO MUTUO ZURICH DOLAR,ZURICH CHILE ASSET MANAGEMENT ADMINISTRADORA GENERAL DE FONDOS S.A.,Vigente,,Fondo Mutuo,2025080571408,https://www.cmfchile.cl/documentos/rfm/rfm_2025080571408.pdf,2025-08-14,2026-08-20
FM110058,2011-07-22,8363,FONDO MUTUO ZURICH RENTA A PLAZO,ZURICH CHILE ASSET MANAGEMENT ADMINISTRADORA GENERAL DE FONDOS S.A.,Vigente,,Fondo Mutuo,2024120710622,https://www.cmfchile.cl/documentos/rfm/rfm_2024120710622.pdf,2024-12-26,2026-08-20
FM110066,2011-07-22,8278,FONDO MUTUO EUROAMERICA VENTAJALOCAL,ZURICH CHILE ASSET MANAGEMENT ADMINISTRADORA GENERAL DE FONDOS S.A.,No Vigente,,Fondo Mutuo,2011070108665,https://www.cmfchile.cl/documentos/rfm/rfm_2011070108665.pdf,2011-07-22,2026-08-20
FM110065,2011-07-22,8458,FONDO MUTUO ZURICH ESTADOS UNIDOS,ZURICH CHILE ASSET MANAGEMENT ADMINISTRADORA GENERAL DE FONDOS S.A.,Vigente,,Fondo Mutuo,2026040250716,https://www.cmfchile.cl/documentos/rfm/rfm_2026040250716.pdf,2026-04-10,2026-08-20
FM110064,2011-07-22,8411,FONDO MUTUO ZURICH RENDIMIENTO NOMINAL,ZURICH CHILE ASSET MANAGEMENT ADMINISTRADORA GENERAL DE FONDOS S.A.,Vigente,,Fondo Mutuo,2025030175609,https://www.cmfchile.cl/documentos/rfm/rfm_2025030175609.pdf,2025-03-07,2026-08-20
FM110063,2011-07-22,8805,FONDO MUTUO ZURICH GESTION CONSERVADORA,ZURICH CHILE ASSET MANAGEMENT ADMINISTRADORA GENERAL DE FONDOS S.A.,No Vigente,,Fondo Mutuo,2019100181795,https://www.cmfchile.cl/documentos/rfm/rfm_2019100181795.pdf,2019-10-11,2026-08-20
FM110062,2011-07-22,8853,FONDO MUTUO ZURICH RENDIMIENTO UF,ZURICH CHILE ASSET MANAGEMENT ADMINISTRADORA GENERAL DE FONDOS S.A.,Vigente,,Fondo Mutuo,2025030175597,https://www.cmfchile.cl/documentos/rfm/rfm_2025030175597.pdf,2025-03-07,2026-08-20
FM110061,2011-07-22,8696,FONDO MUTUO ZURICH PROYECCIÓN E,ZURICH CHILE ASSET MANAGEMENT ADMINISTRADORA GENERAL DE FONDOS S.A.,No Vigente,,Fondo Mutuo,2023030102425,https://www.cmfchile.cl/documentos/rfm/rfm_2023030102425.pdf,2023-03-10,2026-08-20
FM110060,2011-07-22,8695,FONDO MUTUO ZURICH PROYECCIÓN C,ZURICH CHILE ASSET MANAGEMENT ADMINISTRADORA GENERAL DE FONDOS S.A.,No Vigente,,Fondo Mutuo,2023060245608,https://www.cmfchile.cl/documentos/rfm/rfm_2023060245608.pdf,2023-06-08,2026-08-20
FM110059,2011-07-22,8694,FONDO MUTUO ZURICH PROYECCIÓN A,ZURICH CHILE ASSET MANAGEMENT ADMINISTRADORA GENERAL DE FONDOS S.A.,No Vigente,,Fondo Mutuo,2023030102429,https://www.cmfchile.cl/documentos/rfm/rfm_2023030102429.pdf,2023-03-10,2026-08-20
FM110057,2011-07-22,8459,FONDO MUTUO ZURICH MONEY MARKET,ZURICH CHILE ASSET MANAGEMENT ADMINISTRADORA GENERAL DE FONDOS S.A.,Vigente,,Fondo Mutuo,2025030175608,https://www.cmfchile.cl/documentos/rfm/rfm_2025030175608.pdf,2025-03-07,2026-08-20
FM110056,2011-07-22,8456,FONDO MUTUO ZURICH EUROPA,ZURICH CHILE ASSET MANAGEMENT ADMINISTRADORA GENERAL DE FONDOS S.A.,Vigente,,Fondo Mutuo,2026040250714,https://www.cmfchile.cl/documentos/rfm/rfm_2026040250714.pdf,2026-04-10,2026-08-20
FM110052,2011-07-22,8457,FONDO MUTUO ZURICH ASIA,ZURICH CHILE ASSET MANAGEMENT ADMINISTRADORA GENERAL DE FONDOS S.A.,Vigente,,Fondo Mutuo,2025040278846,https://www.cmfchile.cl/documentos/rfm/rfm_2025040278846.pdf,2025-04-11,2026-08-20
FM110055,2011-07-22,8381,FONDO MUTUO ZURICH CHILE ACCIONES,ZURICH CHILE ASSET MANAGEMENT ADMINISTRADORA GENERAL DE FONDOS S.A.,Vigente,,Fondo Mutuo,2025020107088,https://www.cmfchile.cl/documentos/rfm/rfm_2025020107088.pdf,2025-02-07,2026-08-20
FM110053,2011-07-22,8277,FONDO MUTUO ZURICH MERCADOS EMERGENTES,ZURICH CHILE ASSET MANAGEMENT ADMINISTRADORA GENERAL DE FONDOS S.A.,No Vigente,,Fondo Mutuo,2019100180900,https://www.cmfchile.cl/documentos/rfm/rfm_2019100180900.pdf,2019-10-10,2026-08-20
FM110054,2011-07-22,8247,FONDO MUTUO ZURICH ACCIONES LATAM,ZURICH CHILE ASSET MANAGEMENT ADMINISTRADORA GENERAL DE FONDOS S.A.,No Vigente,,Fondo Mutuo,2021120494989,https://www.cmfchile.cl/documentos/rfm/rfm_2021120494989.pdf,2021-12-14,2026-08-20
FM110083,2011-07-22,8392,FONDO MUTUO SCOTIA MIXTO,SCOTIA  ADMINISTRADORA GENERAL DE FONDOS CHILE S.A.,No Vigente,,Fondo Mutuo,2016070090057,https://www.cmfchile.cl/documentos/rfm/rfm_2016070090057.pdf,2016-07-14,2026-08-20
FM110082,2011-07-22,8885,FONDO MUTUO SCOTIA MERCADOS DESARROLLADOS,SCOTIA  ADMINISTRADORA GENERAL DE FONDOS CHILE S.A.,No Vigente,,Fondo Mutuo,2017060105938,https://www.cmfchile.cl/documentos/rfm/rfm_2017060105938.pdf,2017-06-16,2026-08-20
FM110111,2011-07-22,8864,FONDO MUTUO CELFIN COMMODITIES LATAM,BTG PACTUAL CHILE S.A. ADMINISTRADORA GENERAL DE FONDOS,No Vigente,,Fondo Mutuo,2011070109025,https://www.cmfchile.cl/documentos/rfm/rfm_2011070109025.pdf,2011-07-22,2026-08-20
FM110084,2011-07-22,8079,FONDO MUTUO SCOTIA OPTIMO,SCOTIA  ADMINISTRADORA GENERAL DE FONDOS CHILE S.A.,No Vigente,,Fondo Mutuo,2011070108844,https://www.cmfchile.cl/documentos/rfm/rfm_2011070108844.pdf,2011-07-22,2026-08-20
FM110099,2011-07-22,8410,FONDO MUTUO CELFIN DINAMICO CONSERVADOR,BTG PACTUAL CHILE S.A. ADMINISTRADORA GENERAL DE FONDOS,No Vigente,,Fondo Mutuo,2013030021875,https://www.cmfchile.cl/documentos/rfm/rfm_2013030021875.pdf,2013-03-11,2026-08-20
FM110085,2011-07-22,8068,FONDO MUTUO SCOTIA PATRIMONIO ACCIONES,SCOTIA  ADMINISTRADORA GENERAL DE FONDOS CHILE S.A.,No Vigente,,Fondo Mutuo,2016060077908,https://www.cmfchile.cl/documentos/rfm/rfm_2016060077908.pdf,2016-06-15,2026-08-20
FM110110,2011-07-22,8883,FONDO MUTUO CELFIN COLOMBIA,BTG PACTUAL CHILE S.A. ADMINISTRADORA GENERAL DE FONDOS,No Vigente,,Fondo Mutuo,2011120179639,https://www.cmfchile.cl/documentos/rfm/rfm_2011120179639.pdf,2011-12-21,2026-08-20
FM110109,2011-07-22,8840,FONDO MUTUO CELFIN ANDINO,BTG PACTUAL CHILE S.A. ADMINISTRADORA GENERAL DE FONDOS,No Vigente,,Fondo Mutuo,2011070109021,https://www.cmfchile.cl/documentos/rfm/rfm_2011070109021.pdf,2011-07-22,2026-08-20
FM110108,2011-07-22,8358,FONDO MUTUO BTG PACTUAL RENTA NOMINAL,BTG PACTUAL CHILE S.A. ADMINISTRADORA GENERAL DE FONDOS,Vigente,,Fondo Mutuo,2021010032489,https://www.cmfchile.cl/documentos/rfm/rfm_2021010032489.pdf,2021-01-28,2026-08-20
FM110107,2011-07-22,8207,FONDO MUTUO BTG PACTUAL AHORRO LATINOAMERICANO DÓLAR,BTG PACTUAL CHILE S.A. ADMINISTRADORA GENERAL DE FONDOS,Vigente,,Fondo Mutuo,2025080591112,https://www.cmfchile.cl/documentos/rfm/rfm_2025080591112.pdf,2025-08-27,2026-08-20
FM110106,2011-07-22,8404,FONDO MUTUO CELFIN RENTA GLOBAL,BTG PACTUAL CHILE S.A. ADMINISTRADORA GENERAL DE FONDOS,No Vigente,,Fondo Mutuo,2011110161922,https://www.cmfchile.cl/documentos/rfm/rfm_2011110161922.pdf,2011-11-08,2026-08-20
FM110105,2011-07-22,8203,FONDO MUTUO BTG PACTUAL RENTA CHILENA,BTG PACTUAL CHILE S.A. ADMINISTRADORA GENERAL DE FONDOS,Vigente,,Fondo Mutuo,2026070442210,https://www.cmfchile.cl/documentos/rfm/rfm_2026070442210.pdf,2026-07-06,2026-08-20
FM110104,2011-07-22,8865,FONDO MUTUO CELFIN PERU,BTG PACTUAL CHILE S.A. ADMINISTRADORA GENERAL DE FONDOS,No Vigente,,Fondo Mutuo,2011120178769,https://www.cmfchile.cl/documentos/rfm/rfm_2011120178769.pdf,2011-12-19,2026-08-20
FM110103,2011-07-22,8618,FONDO MUTUO BTG PACTUAL MONEY MARKET DOLAR,BTG PACTUAL CHILE S.A. ADMINISTRADORA GENERAL DE FONDOS,Vigente,,Fondo Mutuo,2025110784079,https://www.cmfchile.cl/documentos/rfm/rfm_2025110784079.pdf,2025-11-10,2026-08-20
FM110102,2011-07-22,8202,FONDO MUTUO BTG PACTUAL MONEY MARKET,BTG PACTUAL CHILE S.A. ADMINISTRADORA GENERAL DE FONDOS,Vigente,,Fondo Mutuo,2026080512363,https://www.cmfchile.cl/documentos/rfm/rfm_2026080512363.pdf,2026-08-05,2026-08-20
FM110101,2011-07-22,8793,FONDO MUTUO CELFIN INFRAESTRUCTURA,BTG PACTUAL CHILE S.A. ADMINISTRADORA GENERAL DE FONDOS,No Vigente,,Fondo Mutuo,2011120178796,https://www.cmfchile.cl/documentos/rfm/rfm_2011120178796.pdf,2011-12-19,2026-08-20
FM110100,2011-07-22,8426,FONDO MUTUO CELFIN ENERGIA,BTG PACTUAL CHILE S.A. ADMINISTRADORA GENERAL DE FONDOS,No Vigente,,Fondo Mutuo,2011110162372,https://www.cmfchile.cl/documentos/rfm/rfm_2011110162372.pdf,2011-11-11,2026-08-20
FM110112,2011-07-22,8879,FONDO MUTUO CELFIN SIMULTANEAS,BTG PACTUAL CHILE S.A. ADMINISTRADORA GENERAL DE FONDOS,No Vigente,,Fondo Mutuo,2011070109027,https://www.cmfchile.cl/documentos/rfm/rfm_2011070109027.pdf,2011-07-22,2026-08-20
FM110098,2011-07-22,8446,FONDO MUTUO CELFIN DINAMICO BALANCEADO,BTG PACTUAL CHILE S.A. ADMINISTRADORA GENERAL DE FONDOS,No Vigente,,Fondo Mutuo,2012060078081,https://www.cmfchile.cl/documentos/rfm/rfm_2012060078081.pdf,2012-06-12,2026-08-20
FM110091,2011-07-22,8204,FONDO MUTUO BTG PACTUAL ACCIONES CHILENAS,BTG PACTUAL CHILE S.A. ADMINISTRADORA GENERAL DE FONDOS,No Vigente,,Fondo Mutuo,2023070308722,https://www.cmfchile.cl/documentos/rfm/rfm_2023070308722.pdf,2023-07-25,2026-08-20
FM110097,2011-07-22,8445,FONDO MUTUO CELFIN DINAMICO ACCIONARIO,BTG PACTUAL CHILE S.A. ADMINISTRADORA GENERAL DE FONDOS,No Vigente,,Fondo Mutuo,2012060078078,https://www.cmfchile.cl/documentos/rfm/rfm_2012060078078.pdf,2012-06-12,2026-08-20
FM110087,2011-07-22,8110,FONDO MUTUO SCOTIA VALORIZA,SCOTIA  ADMINISTRADORA GENERAL DE FONDOS CHILE S.A.,No Vigente,,Fondo Mutuo,2017080147840,https://www.cmfchile.cl/documentos/rfm/rfm_2017080147840.pdf,2017-08-21,2026-08-20
FM110088,2011-07-22,8187,FONDO MUTUO SCOTIA LIQUIDEZ,SCOTIA  ADMINISTRADORA GENERAL DE FONDOS CHILE S.A.,Vigente,,Fondo Mutuo,2025010032995,https://www.cmfchile.cl/documentos/rfm/rfm_2025010032995.pdf,2025-01-20,2026-08-20
FM110089,2011-07-22,8596,FONDO MUTUO CELFIN ACCIONES ASIA DESARROLLADA,BTG PACTUAL CHILE S.A. ADMINISTRADORA GENERAL DE FONDOS,No Vigente,,Fondo Mutuo,2013020017224,https://www.cmfchile.cl/documentos/rfm/rfm_2013020017224.pdf,2013-02-25,2026-08-20
FM110090,2011-07-22,8373,FONDO MUTUO BTG PACTUAL ACCIONES ASIA EMERGENTE,BTG PACTUAL CHILE S.A. ADMINISTRADORA GENERAL DE FONDOS,No Vigente,,Fondo Mutuo,2021090376934,https://www.cmfchile.cl/documentos/rfm/rfm_2021090376934.pdf,2021-09-13,2026-08-20
FM110086,2011-07-22,8367,FONDO MUTUO SCOTIA RETAIL DÓLAR,SCOTIA  ADMINISTRADORA GENERAL DE FONDOS CHILE S.A.,Vigente,,Fondo Mutuo,2025010032985,https://www.cmfchile.cl/documentos/rfm/rfm_2025010032985.pdf,2025-01-20,2026-08-20
FM110092,2011-07-22,8728,FONDO MUTUO BTG PACTUAL ACCIONES EUROPA EMERGENTE,BTG PACTUAL CHILE S.A. ADMINISTRADORA GENERAL DE FONDOS,No Vigente,,Fondo Mutuo,2013080072795,https://www.cmfchile.cl/documentos/rfm/rfm_2013080072795.pdf,2013-08-05,2026-08-20
FM110094,2011-07-22,8206,FONDO MUTUO BTG PACTUAL ACCIONES LATINOAMERICANAS,BTG PACTUAL CHILE S.A. ADMINISTRADORA GENERAL DE FONDOS,Vigente,,Fondo Mutuo,2026060429671,https://www.cmfchile.cl/documentos/rfm/rfm_2026060429671.pdf,2026-06-30,2026-08-20
FM110095,2011-07-22,8205,FONDO MUTUO BTG PACTUAL ACCIONES USA,BTG PACTUAL CHILE S.A. ADMINISTRADORA GENERAL DE FONDOS,Vigente,,Fondo Mutuo,2025100755206,https://www.cmfchile.cl/documentos/rfm/rfm_2025100755206.pdf,2025-10-27,2026-08-20
FM110093,2011-07-22,8374,FONDO MUTUO CELFIN ACCIONES EUROPEAS,BTG PACTUAL CHILE S.A. ADMINISTRADORA GENERAL DE FONDOS,No Vigente,,Fondo Mutuo,2013020017234,https://www.cmfchile.cl/documentos/rfm/rfm_2013020017234.pdf,2013-02-25,2026-08-20
FM110096,2011-07-22,8575,FONDO MUTUO BTG PACTUAL BRASIL,BTG PACTUAL CHILE S.A. ADMINISTRADORA GENERAL DE FONDOS,No Vigente,,Fondo Mutuo,2023080362407,https://www.cmfchile.cl/documentos/rfm/rfm_2023080362407.pdf,2023-08-24,2026-08-20
FM110020,2011-07-01,8723,FONDO MUTUO LARRAINVIAL ENFOQUE,LARRAINVIAL ASSET MANAGEMENT ADMINISTRADORA GENERAL DE FONDOS S.A.,Vigente,,Fondo Mutuo,2026020105530,https://www.cmfchile.cl/documentos/rfm/rfm_2026020105530.pdf,2026-02-11,2026-08-20
FM110016,2011-07-01,8431,FONDO MUTUO LARRAINVIAL BRIC,LARRAINVIAL ASSET MANAGEMENT ADMINISTRADORA GENERAL DE FONDOS S.A.,No Vigente,,Fondo Mutuo,2013040035098,https://www.cmfchile.cl/documentos/rfm/rfm_2013040035098.pdf,2013-04-16,2026-08-20
FM110017,2011-07-01,8177,FONDO MUTUO LARRAINVIAL MONETARIO,LARRAINVIAL ASSET MANAGEMENT ADMINISTRADORA GENERAL DE FONDOS S.A.,Vigente,,Fondo Mutuo,2024010019337,https://www.cmfchile.cl/documentos/rfm/rfm_2024010019337.pdf,2024-01-09,2026-08-20
FM110018,2011-07-01,8874,FONDO MUTUO LARRAINVIAL COLOMBIA,LARRAINVIAL ASSET MANAGEMENT ADMINISTRADORA GENERAL DE FONDOS S.A.,No Vigente,,Fondo Mutuo,2012010006893,https://www.cmfchile.cl/documentos/rfm/rfm_2012010006893.pdf,2012-01-16,2026-08-20
FM110019,2011-07-01,8469,FONDO MUTUO LARRAINVIAL CRECIMIENTO,LARRAINVIAL ASSET MANAGEMENT ADMINISTRADORA GENERAL DE FONDOS S.A.,No Vigente,,Fondo Mutuo,2011070100647,https://www.cmfchile.cl/documentos/rfm/rfm_2011070100647.pdf,2011-07-01,2026-08-20
FM110022,2011-07-01,8315,FONDO MUTUO LARRAINVIAL AHORRO CORPORATIVO,LARRAINVIAL ASSET MANAGEMENT ADMINISTRADORA GENERAL DE FONDOS S.A.,Vigente,,Fondo Mutuo,2024120676863,https://www.cmfchile.cl/documentos/rfm/rfm_2024120676863.pdf,2024-12-09,2026-08-20
FM110021,2011-07-01,8437,FONDO MUTUO LARRAINVIAL ESTADOS UNIDOS,LARRAINVIAL ASSET MANAGEMENT ADMINISTRADORA GENERAL DE FONDOS S.A.,Vigente,,Fondo Mutuo,2025110832873,https://www.cmfchile.cl/documentos/rfm/rfm_2025110832873.pdf,2025-11-27,2026-08-20
FM110023,2011-07-01,8436,FONDO MUTUO LARRAINVIAL INVERSION MUNDIAL,LARRAINVIAL ASSET MANAGEMENT ADMINISTRADORA GENERAL DE FONDOS S.A.,No Vigente,,Fondo Mutuo,2012010006878,https://www.cmfchile.cl/documentos/rfm/rfm_2012010006878.pdf,2012-01-16,2026-08-20
FM110024,2011-07-01,8531,FONDO MUTUO LARRAINVIAL LATAM SMALL & MID CAPS,LARRAINVIAL ASSET MANAGEMENT ADMINISTRADORA GENERAL DE FONDOS S.A.,No Vigente,,Fondo Mutuo,2012010006861,https://www.cmfchile.cl/documentos/rfm/rfm_2012010006861.pdf,2012-01-16,2026-08-20
FM110025,2011-07-01,8705,FONDO MUTUO LARRAINVIAL LATINOAMERICANO,LARRAINVIAL ASSET MANAGEMENT ADMINISTRADORA GENERAL DE FONDOS S.A.,Vigente,,Fondo Mutuo,2025010083054,https://www.cmfchile.cl/documentos/rfm/rfm_2025010083054.pdf,2025-01-30,2026-08-20
FM110014,2011-07-01,8780,FONDO MUTUO LARRAINVIAL BRASIL,LARRAINVIAL ASSET MANAGEMENT ADMINISTRADORA GENERAL DE FONDOS S.A.,No Vigente,,Fondo Mutuo,2014110129976,https://www.cmfchile.cl/documentos/rfm/rfm_2014110129976.pdf,2014-11-13,2026-08-20
FM110015,2011-07-01,8833,FONDO MUTUO LARRAINVIAL BRASIL SMALL & MID CAPS,LARRAINVIAL ASSET MANAGEMENT ADMINISTRADORA GENERAL DE FONDOS S.A.,No Vigente,,Fondo Mutuo,2013040035086,https://www.cmfchile.cl/documentos/rfm/rfm_2013040035086.pdf,2013-04-16,2026-08-20
FM110007,2011-07-01,8263,FONDO MUTUO LARRAINVIAL AHORRO CAPITAL,LARRAINVIAL ASSET MANAGEMENT ADMINISTRADORA GENERAL DE FONDOS S.A.,Vigente,,Fondo Mutuo,2024120676853,https://www.cmfchile.cl/documentos/rfm/rfm_2024120676853.pdf,2024-12-09,2026-08-20
FM110013,2011-07-01,8502,FONDO MUTUO LARRAINVIAL BONOS LATAM,LARRAINVIAL ASSET MANAGEMENT ADMINISTRADORA GENERAL DE FONDOS S.A.,Vigente,,Fondo Mutuo,2025010083028,https://www.cmfchile.cl/documentos/rfm/rfm_2025010083028.pdf,2025-01-30,2026-08-20
FM110012,2011-07-01,8172,FONDO MUTUO LARRAINVIAL CUENTA ACTIVA DEFENSIVA DÓLAR,LARRAINVIAL ASSET MANAGEMENT ADMINISTRADORA GENERAL DE FONDOS S.A.,No Vigente,,Fondo Mutuo,2023030103642,https://www.cmfchile.cl/documentos/rfm/rfm_2023030103642.pdf,2023-03-10,2026-08-20
FM110011,2011-07-01,8171,FONDO MUTUO LARRAINVIAL BONOS CORPORATIVOS BRASIL,LARRAINVIAL ASSET MANAGEMENT ADMINISTRADORA GENERAL DE FONDOS S.A.,No Vigente,,Fondo Mutuo,2011120182760,https://www.cmfchile.cl/documentos/rfm/rfm_2011120182760.pdf,2011-12-28,2026-08-20
FM110010,2011-07-01,8462,FONDO MUTUO LARRAINVIAL ASIA,LARRAINVIAL ASSET MANAGEMENT ADMINISTRADORA GENERAL DE FONDOS S.A.,No Vigente,,Fondo Mutuo,2013090086821,https://www.cmfchile.cl/documentos/rfm/rfm_2013090086821.pdf,2013-09-12,2026-08-20
FM110009,2011-07-01,8240,FONDO MUTUO LARRAINVIAL AHORRO ESTRATEGICO,LARRAINVIAL ASSET MANAGEMENT ADMINISTRADORA GENERAL DE FONDOS S.A.,Vigente,,Fondo Mutuo,2024120677200,https://www.cmfchile.cl/documentos/rfm/rfm_2024120677200.pdf,2024-12-09,2026-08-20
FM110008,2011-07-01,8241,FONDO MUTUO LARRAINVIAL AHORRO CENTRAL,LARRAINVIAL ASSET MANAGEMENT ADMINISTRADORA GENERAL DE FONDOS S.A.,No Vigente,,Fondo Mutuo,2016020025278,https://www.cmfchile.cl/documentos/rfm/rfm_2016020025278.pdf,2016-02-26,2026-08-20
FM110006,2011-07-01,8755,FONDO MUTUO LARRAINVIAL AHORRO A PLAZO,LARRAINVIAL ASSET MANAGEMENT ADMINISTRADORA GENERAL DE FONDOS S.A.,Vigente,,Fondo Mutuo,2024120676824,https://www.cmfchile.cl/documentos/rfm/rfm_2024120676824.pdf,2024-12-09,2026-08-20
FM110005,2011-07-01,8872,FONDO MUTUO LARRAINVIAL ACCIONES NACIONALES,LARRAINVIAL ASSET MANAGEMENT ADMINISTRADORA GENERAL DE FONDOS S.A.,Vigente,,Fondo Mutuo,2026020105528,https://www.cmfchile.cl/documentos/rfm/rfm_2026020105528.pdf,2026-02-11,2026-08-20
FM110004,2011-07-01,8873,FONDO MUTUO LARRAINVIAL ACCIONES BENEFICIO,LARRAINVIAL ASSET MANAGEMENT ADMINISTRADORA GENERAL DE FONDOS S.A.,No Vigente,,Fondo Mutuo,2011070100617,https://www.cmfchile.cl/documentos/rfm/rfm_2011070100617.pdf,2011-07-01,2026-08-20
FM110002,2011-07-01,8652,FONDO MUTUO INVERSION BRASIL,LARRAINVIAL ASSET MANAGEMENT ADMINISTRADORA GENERAL DE FONDOS S.A.,No Vigente,,Fondo Mutuo,2011070100613,https://www.cmfchile.cl/documentos/rfm/rfm_2011070100613.pdf,2011-07-01,2026-08-20
FM110003,2011-07-01,8654,FONDO MUTUO INVERSION PERU,LARRAINVIAL ASSET MANAGEMENT ADMINISTRADORA GENERAL DE FONDOS S.A.,No Vigente,,Fondo Mutuo,2011070100615,https://www.cmfchile.cl/documentos/rfm/rfm_2011070100615.pdf,2011-07-01,2026-08-20
FM110027,2011-07-01,8704,FONDO MUTUO LARRAINVIAL DOLAR GLOBAL,LARRAINVIAL ASSET MANAGEMENT ADMINISTRADORA GENERAL DE FONDOS S.A.,No Vigente,,Fondo Mutuo,2016020025483,https://www.cmfchile.cl/documentos/rfm/rfm_2016020025483.pdf,2016-02-26,2026-08-20
FM110026,2011-07-01,8552,FONDO MUTUO LARRAINVIAL LIDER BRASIL,LARRAINVIAL ASSET MANAGEMENT ADMINISTRADORA GENERAL DE FONDOS S.A.,No Vigente,,Fondo Mutuo,2011120180596,https://www.cmfchile.cl/documentos/rfm/rfm_2011120180596.pdf,2011-12-22,2026-08-20
FM110001,2011-07-01,8726,FONDO MUTUO AHORRO ACTIVO,LARRAINVIAL ASSET MANAGEMENT ADMINISTRADORA GENERAL DE FONDOS S.A.,No Vigente,,Fondo Mutuo,2016010011873,https://www.cmfchile.cl/documentos/rfm/rfm_2016010011873.pdf,2016-01-28,2026-08-20
FM110028,2011-07-01,8499,FONDO MUTUO LARRAINVIAL MANDARIN,LARRAINVIAL ASSET MANAGEMENT ADMINISTRADORA GENERAL DE FONDOS S.A.,No Vigente,,Fondo Mutuo,2011120180668,https://www.cmfchile.cl/documentos/rfm/rfm_2011120180668.pdf,2011-12-22,2026-08-20
FM110029,2011-07-01,8818,FONDO MUTUO LARRAINVIAL MEGATENDENCIAS,LARRAINVIAL ASSET MANAGEMENT ADMINISTRADORA GENERAL DE FONDOS S.A.,No Vigente,,Fondo Mutuo,2016020025399,https://www.cmfchile.cl/documentos/rfm/rfm_2016020025399.pdf,2016-02-26,2026-08-20
FM110051,2011-07-01,8291,FONDO MUTUO XTRA INCOME,LARRAINVIAL ASSET MANAGEMENT ADMINISTRADORA GENERAL DE FONDOS S.A.,No Vigente,,Fondo Mutuo,2011070100711,https://www.cmfchile.cl/documentos/rfm/rfm_2011070100711.pdf,2011-07-01,2026-08-20
FM110050,2011-07-01,8476,FONDO MUTUO MULTI PROTECCIÓN DÓLAR,LARRAINVIAL ASSET MANAGEMENT ADMINISTRADORA GENERAL DE FONDOS S.A.,No Vigente,,Fondo Mutuo,2011070100709,https://www.cmfchile.cl/documentos/rfm/rfm_2011070100709.pdf,2011-07-01,2026-08-20
FM110049,2011-07-01,8173,FONDO MUTUO GLOBAL EQUITY,LARRAINVIAL ASSET MANAGEMENT ADMINISTRADORA GENERAL DE FONDOS S.A.,No Vigente,,Fondo Mutuo,2011070100707,https://www.cmfchile.cl/documentos/rfm/rfm_2011070100707.pdf,2011-07-01,2026-08-20
FM110048,2011-07-01,8246,FONDO MUTUO CONSORCIO AHORRO UF,LARRAINVIAL ASSET MANAGEMENT ADMINISTRADORA GENERAL DE FONDOS S.A.,No Vigente,,Fondo Mutuo,2016020025429,https://www.cmfchile.cl/documentos/rfm/rfm_2016020025429.pdf,2016-02-26,2026-08-20
FM110047,2011-07-01,8532,FONDO MUTUO CONSORCIO AHORRO NOMINAL,LARRAINVIAL ASSET MANAGEMENT ADMINISTRADORA GENERAL DE FONDOS S.A.,No Vigente,,Fondo Mutuo,2016020025470,https://www.cmfchile.cl/documentos/rfm/rfm_2016020025470.pdf,2016-02-26,2026-08-20
FM110046,2011-07-01,8375,FONDO MUTUO CONSORCIO AHORRO DINÁMICO,LARRAINVIAL ASSET MANAGEMENT ADMINISTRADORA GENERAL DE FONDOS S.A.,Vigente,,Fondo Mutuo,2024120676808,https://www.cmfchile.cl/documentos/rfm/rfm_2024120676808.pdf,2024-12-09,2026-08-20
FM110045,2011-07-01,8302,FONDO MUTUO CONSORCIO BALANCEADO MODERADO,LARRAINVIAL ASSET MANAGEMENT ADMINISTRADORA GENERAL DE FONDOS S.A.,No Vigente,,Fondo Mutuo,2021070266663,https://www.cmfchile.cl/documentos/rfm/rfm_2021070266663.pdf,2021-07-05,2026-08-20
FM110044,2011-07-01,8303,FONDO MUTUO CONSORCIO BALANCEADO CRECIMIENTO,LARRAINVIAL ASSET MANAGEMENT ADMINISTRADORA GENERAL DE FONDOS S.A.,No Vigente,,Fondo Mutuo,2021070266635,https://www.cmfchile.cl/documentos/rfm/rfm_2021070266635.pdf,2021-07-05,2026-08-20
FM110043,2011-07-01,8193,FONDO MUTUO CONSORCIO BALANCEADO CONSERVADOR,LARRAINVIAL ASSET MANAGEMENT ADMINISTRADORA GENERAL DE FONDOS S.A.,No Vigente,,Fondo Mutuo,2021070266605,https://www.cmfchile.cl/documentos/rfm/rfm_2021070266605.pdf,2021-07-05,2026-08-20
FM110042,2011-07-01,8170,FONDO MUTUO CONSORCIO ACCIONES CHILENAS,LARRAINVIAL ASSET MANAGEMENT ADMINISTRADORA GENERAL DE FONDOS S.A.,No Vigente,,Fondo Mutuo,2023080340504,https://www.cmfchile.cl/documentos/rfm/rfm_2023080340504.pdf,2023-08-11,2026-08-20
FM110041,2011-07-01,8470,FONDO MUTUO MULTI BALANCEADO DÓLAR,LARRAINVIAL ASSET MANAGEMENT ADMINISTRADORA GENERAL DE FONDOS S.A.,No Vigente,,Fondo Mutuo,2011070100691,https://www.cmfchile.cl/documentos/rfm/rfm_2011070100691.pdf,2011-07-01,2026-08-20
FM110040,2011-07-01,8718,FONDO MUTUO MI AHORRO,LARRAINVIAL ASSET MANAGEMENT ADMINISTRADORA GENERAL DE FONDOS S.A.,No Vigente,,Fondo Mutuo,2016010011870,https://www.cmfchile.cl/documentos/rfm/rfm_2016010011870.pdf,2016-01-28,2026-08-20
FM110039,2011-07-01,8530,FONDO MUTUO LARRAINVIAL RETORNO TOTAL DOLAR,LARRAINVIAL ASSET MANAGEMENT ADMINISTRADORA GENERAL DE FONDOS S.A.,No Vigente,,Fondo Mutuo,2011120180178,https://www.cmfchile.cl/documentos/rfm/rfm_2011120180178.pdf,2011-12-22,2026-08-20
FM110038,2011-07-01,8376,FONDO MUTUO LARRAINVIAL RETORNO TOTAL,LARRAINVIAL ASSET MANAGEMENT ADMINISTRADORA GENERAL DE FONDOS S.A.,No Vigente,,Fondo Mutuo,2011070100685,https://www.cmfchile.cl/documentos/rfm/rfm_2011070100685.pdf,2011-07-01,2026-08-20
FM110037,2011-07-01,8788,FONDO MUTUO LARRAINVIAL PROTECCION,LARRAINVIAL ASSET MANAGEMENT ADMINISTRADORA GENERAL DE FONDOS S.A.,Vigente,,Fondo Mutuo,2025080555248,https://www.cmfchile.cl/documentos/rfm/rfm_2025080555248.pdf,2025-08-08,2026-08-20
FM110036,2011-07-01,8419,FONDO MUTUO LARRAINVIAL PRECISION,LARRAINVIAL ASSET MANAGEMENT ADMINISTRADORA GENERAL DE FONDOS S.A.,No Vigente,,Fondo Mutuo,2013090086659,https://www.cmfchile.cl/documentos/rfm/rfm_2013090086659.pdf,2013-09-12,2026-08-20
FM110035,2011-07-01,8245,FONDO MUTUO LARRAINVIAL PORTFOLIO LIDER,LARRAINVIAL ASSET MANAGEMENT ADMINISTRADORA GENERAL DE FONDOS S.A.,Vigente,,Fondo Mutuo,2025080555247,https://www.cmfchile.cl/documentos/rfm/rfm_2025080555247.pdf,2025-08-08,2026-08-20
FM110034,2011-07-01,8706,FONDO MUTUO LARRAINVIAL PERU,LARRAINVIAL ASSET MANAGEMENT ADMINISTRADORA GENERAL DE FONDOS S.A.,No Vigente,,Fondo Mutuo,2014110130039,https://www.cmfchile.cl/documentos/rfm/rfm_2014110130039.pdf,2014-11-13,2026-08-20
FM110033,2011-07-01,8606,FONDO MUTUO LARRAINVIAL MONEY MARKET,LARRAINVIAL ASSET MANAGEMENT ADMINISTRADORA GENERAL DE FONDOS S.A.,Vigente,,Fondo Mutuo,2024120677222,https://www.cmfchile.cl/documentos/rfm/rfm_2024120677222.pdf,2024-12-09,2026-08-20
FM110032,2011-07-01,8653,FONDO MUTUO LARRAINVIAL MEXICO,LARRAINVIAL ASSET MANAGEMENT ADMINISTRADORA GENERAL DE FONDOS S.A.,No Vigente,,Fondo Mutuo,2012010006869,https://www.cmfchile.cl/documentos/rfm/rfm_2012010006869.pdf,2012-01-16,2026-08-20
FM110031,2011-07-01,8198,FONDO MUTUO LARRAINVIAL MERCADOS EMERGENTES,LARRAINVIAL ASSET MANAGEMENT ADMINISTRADORA GENERAL DE FONDOS S.A.,No Vigente,,Fondo Mutuo,2016020025266,https://www.cmfchile.cl/documentos/rfm/rfm_2016020025266.pdf,2016-02-26,2026-08-20
FM110030,2011-07-01,8130,FONDO MUTUO LARRAINVIAL MERCADO MONETARIO,LARRAINVIAL ASSET MANAGEMENT ADMINISTRADORA GENERAL DE FONDOS S.A.,No Vigente,,Fondo Mutuo,2020010015377,https://www.cmfchile.cl/documentos/rfm/rfm_2020010015377.pdf,2020-01-22,2026-08-20
FM150837,2008-10-27,7160,FONDO DE INVERSION PRIME - INFRAESTRUCTURA II,CMB-PRIME ADMINISTRADORA GENERAL DE FONDOS S.A.,Vigente,,Fondo Inversión No Rescatable,2023060246443,https://www.cmfchile.cl/documentos/rfm/rfm_2023060246443.pdf,2023-06-08,2026-08-20
FM140705,2001-10-11,7064,FONDO DE INVERSIÓN LARRAINVIAL DEUDA LATAM HIGH YIELD,LARRAINVIAL ASSET MANAGEMENT ADMINISTRADORA GENERAL DE FONDOS S.A.,No Vigente,,Fondo Inversión Rescatable,2020020039054,https://www.cmfchile.cl/documentos/rfm/rfm_2020020039054.pdf,2020-02-21,2026-08-20
FM140723,1991-11-27,7012,FONDO DE INVERSION INMOBILIARIA SANTANDER MIXTO,SANTANDER ASSET MANAGEMENT S.A. ADMINISTRADORA GENERAL DE FONDOS,No Vigente,Liquidado,Fondo Inversión No Rescatable,2016050065463,https://www.cmfchile.cl/documentos/rfm/rfm_2016050065463.pdf,2016-05-17,2026-08-20
